source_port_id,source_port_name,source_country,source_iso3,wpi_number,canonical_location_id,match_method,similarity_score,status
fso0,Brazil - Offshore Oil Terminal 1,Brazil,BRA,,,NO_NAME_COUNTRY_MATCH,,UNRESOLVED
fso1,Brazil - Offshore Oil Terminal 10,Brazil,BRA,,,NO_NAME_COUNTRY_MATCH,,UNRESOLVED
fso10,Brazil - Offshore Oil Terminal 19,Brazil,BRA,,,NO_NAME_COUNTRY_MATCH,,UNRESOLVED
fso100,Indonesia - Offshore Oil Terminal 9,Indonesia,IDN,,,NO_NAME_COUNTRY_MATCH,,UNRESOLVED
fso101,Israel - Offshore Oil Terminal 1,Israel,ISR,,,NO_NAME_COUNTRY_MATCH,,UNRESOLVED
fso102,Italy - Offshore Oil Terminal 1,Italy,ITA,,,NO_NAME_COUNTRY_MATCH,,UNRESOLVED
fso103,Italy - Offshore Oil Terminal 2,Italy,ITA,,,NO_NAME_COUNTRY_MATCH,,UNRESOLVED
fso104,Jamaica - Offshore Oil Terminal 1,Jamaica,JAM,,,NO_NAME_COUNTRY_MATCH,,UNRESOLVED
fso105,Libya - Offshore Oil Terminal 1,Libya,LBY,,,NO_NAME_COUNTRY_MATCH,,UNRESOLVED
fso106,Malaysia - Offshore Oil Terminal 1,Malaysia,MYS,,,NO_NAME_COUNTRY_MATCH,,UNRESOLVED
fso107,Malaysia - Offshore Oil Terminal 10,Malaysia,MYS,,,NO_NAME_COUNTRY_MATCH,,UNRESOLVED
fso108,Malaysia - Offshore Oil Terminal 11,Malaysia,MYS,,,NO_NAME_COUNTRY_MATCH,,UNRESOLVED
fso109,Malaysia - Offshore Oil Terminal 12,Malaysia,MYS,,,NO_NAME_COUNTRY_MATCH,,UNRESOLVED
fso11,Brazil - Offshore Oil Terminal 2,Brazil,BRA,,,NO_NAME_COUNTRY_MATCH,,UNRESOLVED
fso110,Malaysia - Offshore Oil Terminal 13,Malaysia,MYS,,,NO_NAME_COUNTRY_MATCH,,UNRESOLVED
fso111,Malaysia - Offshore Oil Terminal 14,Malaysia,MYS,,,NO_NAME_COUNTRY_MATCH,,UNRESOLVED
fso112,Malaysia - Offshore Oil Terminal 15,Malaysia,MYS,,,NO_NAME_COUNTRY_MATCH,,UNRESOLVED
fso113,Malaysia - Offshore Oil Terminal 16,Malaysia,MYS,,,NO_NAME_COUNTRY_MATCH,,UNRESOLVED
fso114,Malaysia - Offshore Oil Terminal 17,Malaysia,MYS,,,NO_NAME_COUNTRY_MATCH,,UNRESOLVED
fso115,Malaysia - Offshore Oil Terminal 18,Malaysia,MYS,,,NO_NAME_COUNTRY_MATCH,,UNRESOLVED
fso116,Malaysia - Offshore Oil Terminal 2,Malaysia,MYS,,,NO_NAME_COUNTRY_MATCH,,UNRESOLVED
fso117,Malaysia - Offshore Oil Terminal 3,Malaysia,MYS,,,NO_NAME_COUNTRY_MATCH,,UNRESOLVED
fso118,Malaysia - Offshore Oil Terminal 4,Malaysia,MYS,,,NO_NAME_COUNTRY_MATCH,,UNRESOLVED
fso119,Malaysia - Offshore Oil Terminal 5,Malaysia,MYS,,,NO_NAME_COUNTRY_MATCH,,UNRESOLVED
fso12,Brazil - Offshore Oil Terminal 20,Brazil,BRA,,,NO_NAME_COUNTRY_MATCH,,UNRESOLVED
fso120,Malaysia - Offshore Oil Terminal 6,Malaysia,MYS,,,NO_NAME_COUNTRY_MATCH,,UNRESOLVED
fso121,Malaysia - Offshore Oil Terminal 7,Malaysia,MYS,,,NO_NAME_COUNTRY_MATCH,,UNRESOLVED
fso122,Malaysia - Offshore Oil Terminal 8,Malaysia,MYS,,,NO_NAME_COUNTRY_MATCH,,UNRESOLVED
fso123,Malaysia - Offshore Oil Terminal 9,Malaysia,MYS,,,NO_NAME_COUNTRY_MATCH,,UNRESOLVED
fso124,Mauritania - Offshore Oil Terminal 1,Mauritania,MRT,,,NO_NAME_COUNTRY_MATCH,,UNRESOLVED
fso125,Mexico - Offshore Oil Terminal 1,Mexico,MEX,,,NO_NAME_COUNTRY_MATCH,,UNRESOLVED
fso126,Mozambique - Offshore Oil Terminal 1,Mozambique,MOZ,,,NO_NAME_COUNTRY_MATCH,,UNRESOLVED
fso127,New Zealand - Offshore Oil Terminal 1,New Zealand,NZL,,,NO_NAME_COUNTRY_MATCH,,UNRESOLVED
fso128,Nigeria - Offshore Oil Terminal 1,Nigeria,NGA,,,NO_NAME_COUNTRY_MATCH,,UNRESOLVED
fso129,Nigeria - Offshore Oil Terminal 10,Nigeria,NGA,,,NO_NAME_COUNTRY_MATCH,,UNRESOLVED
fso13,Brazil - Offshore Oil Terminal 21,Brazil,BRA,,,NO_NAME_COUNTRY_MATCH,,UNRESOLVED
fso130,Nigeria - Offshore Oil Terminal 11,Nigeria,NGA,,,NO_NAME_COUNTRY_MATCH,,UNRESOLVED
fso131,Nigeria - Offshore Oil Terminal 12,Nigeria,NGA,,,NO_NAME_COUNTRY_MATCH,,UNRESOLVED
fso132,Nigeria - Offshore Oil Terminal 13,Nigeria,NGA,,,NO_NAME_COUNTRY_MATCH,,UNRESOLVED
fso133,Nigeria - Offshore Oil Terminal 14,Nigeria,NGA,,,NO_NAME_COUNTRY_MATCH,,UNRESOLVED
fso134,Nigeria - Offshore Oil Terminal 15,Nigeria,NGA,,,NO_NAME_COUNTRY_MATCH,,UNRESOLVED
fso135,Nigeria - Offshore Oil Terminal 16,Nigeria,NGA,,,NO_NAME_COUNTRY_MATCH,,UNRESOLVED
fso136,Nigeria - Offshore Oil Terminal 17,Nigeria,NGA,,,NO_NAME_COUNTRY_MATCH,,UNRESOLVED
fso137,Nigeria - Offshore Oil Terminal 18,Nigeria,NGA,,,NO_NAME_COUNTRY_MATCH,,UNRESOLVED
fso138,Nigeria - Offshore Oil Terminal 2,Nigeria,NGA,,,NO_NAME_COUNTRY_MATCH,,UNRESOLVED
fso139,Nigeria - Offshore Oil Terminal 3,Nigeria,NGA,,,NO_NAME_COUNTRY_MATCH,,UNRESOLVED
fso14,Brazil - Offshore Oil Terminal 22,Brazil,BRA,,,NO_NAME_COUNTRY_MATCH,,UNRESOLVED
fso140,Nigeria - Offshore Oil Terminal 4,Nigeria,NGA,,,NO_NAME_COUNTRY_MATCH,,UNRESOLVED
fso141,Nigeria - Offshore Oil Terminal 5,Nigeria,NGA,,,NO_NAME_COUNTRY_MATCH,,UNRESOLVED
fso142,Nigeria - Offshore Oil Terminal 6,Nigeria,NGA,,,NO_NAME_COUNTRY_MATCH,,UNRESOLVED
fso143,Nigeria - Offshore Oil Terminal 7,Nigeria,NGA,,,NO_NAME_COUNTRY_MATCH,,UNRESOLVED
fso144,Nigeria - Offshore Oil Terminal 8,Nigeria,NGA,,,NO_NAME_COUNTRY_MATCH,,UNRESOLVED
fso145,Nigeria - Offshore Oil Terminal 9,Nigeria,NGA,,,NO_NAME_COUNTRY_MATCH,,UNRESOLVED
fso146,Norway - Offshore Oil Terminal 1,Norway,NOR,,,NO_NAME_COUNTRY_MATCH,,UNRESOLVED
fso147,Norway - Offshore Oil Terminal 2,Norway,NOR,,,NO_NAME_COUNTRY_MATCH,,UNRESOLVED
fso148,Norway - Offshore Oil Terminal 3,Norway,NOR,,,NO_NAME_COUNTRY_MATCH,,UNRESOLVED
fso149,Norway - Offshore Oil Terminal 4,Norway,NOR,,,NO_NAME_COUNTRY_MATCH,,UNRESOLVED
fso15,Brazil - Offshore Oil Terminal 23,Brazil,BRA,,,NO_NAME_COUNTRY_MATCH,,UNRESOLVED
fso150,Norway - Offshore Oil Terminal 5,Norway,NOR,,,NO_NAME_COUNTRY_MATCH,,UNRESOLVED
fso151,Oman - Offshore Oil Terminal 1,Oman,OMN,,,NO_NAME_COUNTRY_MATCH,,UNRESOLVED
fso152,Philippines - Offshore Oil Terminal 1,Philippines,PHL,,,NO_NAME_COUNTRY_MATCH,,UNRESOLVED
fso153,Republic of Congo - Offshore Oil Terminal 1,Republic of Congo,COG,,,NO_NAME_COUNTRY_MATCH,,UNRESOLVED
fso154,Republic of Congo - Offshore Oil Terminal 2,Republic of Congo,COG,,,NO_NAME_COUNTRY_MATCH,,UNRESOLVED
fso155,Republic of Congo - Offshore Oil Terminal 3,Republic of Congo,COG,,,NO_NAME_COUNTRY_MATCH,,UNRESOLVED
fso156,Russian Federation - Offshore Oil Terminal 1,Russian Federation,RUS,,,NO_NAME_COUNTRY_MATCH,,UNRESOLVED
fso157,Russian Federation - Offshore Oil Terminal 2,Russian Federation,RUS,,,NO_NAME_COUNTRY_MATCH,,UNRESOLVED
fso158,Saudi Arabia - Offshore Oil Terminal 1,Saudi Arabia,SAU,,,NO_NAME_COUNTRY_MATCH,,UNRESOLVED
fso159,Senegal - Offshore Oil Terminal 1,Senegal,SEN,,,NO_NAME_COUNTRY_MATCH,,UNRESOLVED
fso16,Brazil - Offshore Oil Terminal 24,Brazil,BRA,,,NO_NAME_COUNTRY_MATCH,,UNRESOLVED
fso160,Senegal - Offshore Oil Terminal 2,Senegal,SEN,,,NO_NAME_COUNTRY_MATCH,,UNRESOLVED
fso161,Singapore - Offshore Oil Terminal 1,Singapore,SGP,,,NO_NAME_COUNTRY_MATCH,,UNRESOLVED
fso162,Thailand - Offshore Oil Terminal 1,Thailand,THA,,,NO_NAME_COUNTRY_MATCH,,UNRESOLVED
fso163,Thailand - Offshore Oil Terminal 2,Thailand,THA,,,NO_NAME_COUNTRY_MATCH,,UNRESOLVED
fso164,Thailand - Offshore Oil Terminal 3,Thailand,THA,,,NO_NAME_COUNTRY_MATCH,,UNRESOLVED
fso165,Thailand - Offshore Oil Terminal 4,Thailand,THA,,,NO_NAME_COUNTRY_MATCH,,UNRESOLVED
fso166,Thailand - Offshore Oil Terminal 5,Thailand,THA,,,NO_NAME_COUNTRY_MATCH,,UNRESOLVED
fso167,Timor-Leste - Offshore Oil Terminal 1,Timor-Leste,TLS,,,NO_NAME_COUNTRY_MATCH,,UNRESOLVED
fso168,Tunisia - Offshore Oil Terminal 1,Tunisia,TUN,,,NO_NAME_COUNTRY_MATCH,,UNRESOLVED
fso169,United Kingdom - Offshore Oil Terminal 1,United Kingdom,GBR,,,NO_NAME_COUNTRY_MATCH,,UNRESOLVED
fso17,Brazil - Offshore Oil Terminal 25,Brazil,BRA,,,NO_NAME_COUNTRY_MATCH,,UNRESOLVED
fso170,United Kingdom - Offshore Oil Terminal 2,United Kingdom,GBR,,,NO_NAME_COUNTRY_MATCH,,UNRESOLVED
fso171,United Kingdom - Offshore Oil Terminal 3,United Kingdom,GBR,,,NO_NAME_COUNTRY_MATCH,,UNRESOLVED
fso172,United Kingdom - Offshore Oil Terminal 4,United Kingdom,GBR,,,NO_NAME_COUNTRY_MATCH,,UNRESOLVED
fso173,United Kingdom - Offshore Oil Terminal 5,United Kingdom,GBR,,,NO_NAME_COUNTRY_MATCH,,UNRESOLVED
fso174,United Kingdom - Offshore Oil Terminal 6,United Kingdom,GBR,,,NO_NAME_COUNTRY_MATCH,,UNRESOLVED
fso175,United States - Offshore Oil Terminal 1,United States,USA,,,NO_NAME_COUNTRY_MATCH,,UNRESOLVED
fso176,Venezuela - Offshore Oil Terminal 1,Venezuela,VEN,,,NO_NAME_COUNTRY_MATCH,,UNRESOLVED
fso177,Vietnam - Offshore Oil Terminal 1,Vietnam,VNM,,,NO_NAME_COUNTRY_MATCH,,UNRESOLVED
fso178,Vietnam - Offshore Oil Terminal 2,Vietnam,VNM,,,NO_NAME_COUNTRY_MATCH,,UNRESOLVED
fso179,Vietnam - Offshore Oil Terminal 3,Vietnam,VNM,,,NO_NAME_COUNTRY_MATCH,,UNRESOLVED
fso18,Brazil - Offshore Oil Terminal 26,Brazil,BRA,,,NO_NAME_COUNTRY_MATCH,,UNRESOLVED
fso180,Republic of Congo - Offshore Oil Terminal 4,Republic of Congo,COG,,,NO_NAME_COUNTRY_MATCH,,UNRESOLVED
fso19,Brazil - Offshore Oil Terminal 27,Brazil,BRA,,,NO_NAME_COUNTRY_MATCH,,UNRESOLVED
fso2,Brazil - Offshore Oil Terminal 11,Brazil,BRA,,,NO_NAME_COUNTRY_MATCH,,UNRESOLVED
fso20,Brazil - Offshore Oil Terminal 28,Brazil,BRA,,,NO_NAME_COUNTRY_MATCH,,UNRESOLVED
fso21,Brazil - Offshore Oil Terminal 29,Brazil,BRA,,,NO_NAME_COUNTRY_MATCH,,UNRESOLVED
fso22,Brazil - Offshore Oil Terminal 3,Brazil,BRA,,,NO_NAME_COUNTRY_MATCH,,UNRESOLVED
fso23,Brazil - Offshore Oil Terminal 30,Brazil,BRA,,,NO_NAME_COUNTRY_MATCH,,UNRESOLVED
fso24,Brazil - Offshore Oil Terminal 31,Brazil,BRA,,,NO_NAME_COUNTRY_MATCH,,UNRESOLVED
fso25,Brazil - Offshore Oil Terminal 32,Brazil,BRA,,,NO_NAME_COUNTRY_MATCH,,UNRESOLVED
fso26,Brazil - Offshore Oil Terminal 33,Brazil,BRA,,,NO_NAME_COUNTRY_MATCH,,UNRESOLVED
fso27,Brazil - Offshore Oil Terminal 34,Brazil,BRA,,,NO_NAME_COUNTRY_MATCH,,UNRESOLVED
fso28,Brazil - Offshore Oil Terminal 35,Brazil,BRA,,,NO_NAME_COUNTRY_MATCH,,UNRESOLVED
fso29,Brazil - Offshore Oil Terminal 36,Brazil,BRA,,,NO_NAME_COUNTRY_MATCH,,UNRESOLVED
fso3,Brazil - Offshore Oil Terminal 12,Brazil,BRA,,,NO_NAME_COUNTRY_MATCH,,UNRESOLVED
fso30,Brazil - Offshore Oil Terminal 37,Brazil,BRA,,,NO_NAME_COUNTRY_MATCH,,UNRESOLVED
fso31,Brazil - Offshore Oil Terminal 38,Brazil,BRA,,,NO_NAME_COUNTRY_MATCH,,UNRESOLVED
fso32,Brazil - Offshore Oil Terminal 39,Brazil,BRA,,,NO_NAME_COUNTRY_MATCH,,UNRESOLVED
fso33,Brazil - Offshore Oil Terminal 4,Brazil,BRA,,,NO_NAME_COUNTRY_MATCH,,UNRESOLVED
fso34,Brazil - Offshore Oil Terminal 40,Brazil,BRA,,,NO_NAME_COUNTRY_MATCH,,UNRESOLVED
fso35,Brazil - Offshore Oil Terminal 41,Brazil,BRA,,,NO_NAME_COUNTRY_MATCH,,UNRESOLVED
fso36,Brazil - Offshore Oil Terminal 42,Brazil,BRA,,,NO_NAME_COUNTRY_MATCH,,UNRESOLVED
fso37,Brazil - Offshore Oil Terminal 43,Brazil,BRA,,,NO_NAME_COUNTRY_MATCH,,UNRESOLVED
fso38,Brazil - Offshore Oil Terminal 44,Brazil,BRA,,,NO_NAME_COUNTRY_MATCH,,UNRESOLVED
fso39,Brazil - Offshore Oil Terminal 45,Brazil,BRA,,,NO_NAME_COUNTRY_MATCH,,UNRESOLVED
fso4,Brazil - Offshore Oil Terminal 13,Brazil,BRA,,,NO_NAME_COUNTRY_MATCH,,UNRESOLVED
fso40,Brazil - Offshore Oil Terminal 5,Brazil,BRA,,,NO_NAME_COUNTRY_MATCH,,UNRESOLVED
fso41,Brazil - Offshore Oil Terminal 6,Brazil,BRA,,,NO_NAME_COUNTRY_MATCH,,UNRESOLVED
fso42,Brazil - Offshore Oil Terminal 7,Brazil,BRA,,,NO_NAME_COUNTRY_MATCH,,UNRESOLVED
fso43,Brazil - Offshore Oil Terminal 8,Brazil,BRA,,,NO_NAME_COUNTRY_MATCH,,UNRESOLVED
fso44,Brazil - Offshore Oil Terminal 9,Brazil,BRA,,,NO_NAME_COUNTRY_MATCH,,UNRESOLVED
fso45,Equatorial Guinea - Offshore Oil Terminal 1,Equatorial Guinea,GNQ,,,NO_NAME_COUNTRY_MATCH,,UNRESOLVED
fso46,Equatorial Guinea - Offshore Oil Terminal 2,Equatorial Guinea,GNQ,,,NO_NAME_COUNTRY_MATCH,,UNRESOLVED
fso47,Equatorial Guinea - Offshore Oil Terminal 3,Equatorial Guinea,GNQ,,,NO_NAME_COUNTRY_MATCH,,UNRESOLVED
fso48,Guyana - Offshore Oil Terminal 1,Guyana,GUY,,,NO_NAME_COUNTRY_MATCH,,UNRESOLVED
fso49,Guyana - Offshore Oil Terminal 2,Guyana,GUY,,,NO_NAME_COUNTRY_MATCH,,UNRESOLVED
fso5,Brazil - Offshore Oil Terminal 14,Brazil,BRA,,,NO_NAME_COUNTRY_MATCH,,UNRESOLVED
fso50,Guyana - Offshore Oil Terminal 3,Guyana,GUY,,,NO_NAME_COUNTRY_MATCH,,UNRESOLVED
fso51,Guyana - Offshore Oil Terminal 4,Guyana,GUY,,,NO_NAME_COUNTRY_MATCH,,UNRESOLVED
fso52,Angola - Offshore Oil Terminal 1,Angola,AGO,,,NO_NAME_COUNTRY_MATCH,,UNRESOLVED
fso53,Angola - Offshore Oil Terminal 2,Angola,AGO,,,NO_NAME_COUNTRY_MATCH,,UNRESOLVED
fso54,Angola - Offshore Oil Terminal 3,Angola,AGO,,,NO_NAME_COUNTRY_MATCH,,UNRESOLVED
fso55,Angola - Offshore Oil Terminal 4,Angola,AGO,,,NO_NAME_COUNTRY_MATCH,,UNRESOLVED
fso56,Angola - Offshore Oil Terminal 5,Angola,AGO,,,NO_NAME_COUNTRY_MATCH,,UNRESOLVED
fso57,Angola - Offshore Oil Terminal 6,Angola,AGO,,,NO_NAME_COUNTRY_MATCH,,UNRESOLVED
fso58,Angola - Offshore Oil Terminal 7,Angola,AGO,,,NO_NAME_COUNTRY_MATCH,,UNRESOLVED
fso59,Australia - Offshore Oil Terminal 1,Australia,AUS,,,NO_NAME_COUNTRY_MATCH,,UNRESOLVED
fso6,Brazil - Offshore Oil Terminal 15,Brazil,BRA,,,NO_NAME_COUNTRY_MATCH,,UNRESOLVED
fso60,Australia - Offshore Oil Terminal 2,Australia,AUS,,,NO_NAME_COUNTRY_MATCH,,UNRESOLVED
fso61,Australia - Offshore Oil Terminal 3,Australia,AUS,,,NO_NAME_COUNTRY_MATCH,,UNRESOLVED
fso62,Australia - Offshore Oil Terminal 4,Australia,AUS,,,NO_NAME_COUNTRY_MATCH,,UNRESOLVED
fso63,Australia - Offshore Oil Terminal 5,Australia,AUS,,,NO_NAME_COUNTRY_MATCH,,UNRESOLVED
fso64,Bangladesh - Offshore Oil Terminal 1,Bangladesh,BGD,,,NO_NAME_COUNTRY_MATCH,,UNRESOLVED
fso65,Cameroon - Offshore Oil Terminal 1,Cameroon,CMR,,,NO_NAME_COUNTRY_MATCH,,UNRESOLVED
fso66,Canada - Offshore Oil Terminal 1,Canada,CAN,,,NO_NAME_COUNTRY_MATCH,,UNRESOLVED
fso67,China - Offshore Oil Terminal 1,China,CHN,,,NO_NAME_COUNTRY_MATCH,,UNRESOLVED
fso68,China - Offshore Oil Terminal 2,China,CHN,,,NO_NAME_COUNTRY_MATCH,,UNRESOLVED
fso69,China - Offshore Oil Terminal 3,China,CHN,,,NO_NAME_COUNTRY_MATCH,,UNRESOLVED
fso7,Brazil - Offshore Oil Terminal 16,Brazil,BRA,,,NO_NAME_COUNTRY_MATCH,,UNRESOLVED
fso70,China - Offshore Oil Terminal 4,China,CHN,,,NO_NAME_COUNTRY_MATCH,,UNRESOLVED
fso71,Côte d'Ivoire - Offshore Oil Terminal 1,Côte d'Ivoire,CIV,,,NO_NAME_COUNTRY_MATCH,,UNRESOLVED
fso72,Democratic Republic of the Congo - Offshore Oil Terminal 1,Democratic Republic of the Congo,COD,,,NO_NAME_COUNTRY_MATCH,,UNRESOLVED
fso73,Democratic Republic of the Congo - Offshore Oil Terminal 2,Democratic Republic of the Congo,COD,,,NO_NAME_COUNTRY_MATCH,,UNRESOLVED
fso74,Democratic Republic of the Congo - Offshore Oil Terminal 3,Democratic Republic of the Congo,COD,,,NO_NAME_COUNTRY_MATCH,,UNRESOLVED
fso75,Democratic Republic of the Congo - Offshore Oil Terminal 4,Democratic Republic of the Congo,COD,,,NO_NAME_COUNTRY_MATCH,,UNRESOLVED
fso76,Gabon - Offshore Oil Terminal 1,Gabon,GAB,,,NO_NAME_COUNTRY_MATCH,,UNRESOLVED
fso77,Gabon - Offshore Oil Terminal 2,Gabon,GAB,,,NO_NAME_COUNTRY_MATCH,,UNRESOLVED
fso78,Gabon - Offshore Oil Terminal 3,Gabon,GAB,,,NO_NAME_COUNTRY_MATCH,,UNRESOLVED
fso79,Ghana - Offshore Oil Terminal 1,Ghana,GHA,,,NO_NAME_COUNTRY_MATCH,,UNRESOLVED
fso8,Brazil - Offshore Oil Terminal 17,Brazil,BRA,,,NO_NAME_COUNTRY_MATCH,,UNRESOLVED
fso80,Ghana - Offshore Oil Terminal 2,Ghana,GHA,,,NO_NAME_COUNTRY_MATCH,,UNRESOLVED
fso81,Ghana - Offshore Oil Terminal 3,Ghana,GHA,,,NO_NAME_COUNTRY_MATCH,,UNRESOLVED
fso82,India - Offshore Oil Terminal 1,India,IND,,,NO_NAME_COUNTRY_MATCH,,UNRESOLVED
fso83,India - Offshore Oil Terminal 2,India,IND,,,NO_NAME_COUNTRY_MATCH,,UNRESOLVED
fso84,India - Offshore Oil Terminal 3,India,IND,,,NO_NAME_COUNTRY_MATCH,,UNRESOLVED
fso85,India - Offshore Oil Terminal 4,India,IND,,,NO_NAME_COUNTRY_MATCH,,UNRESOLVED
fso86,Indonesia - Offshore Oil Terminal 1,Indonesia,IDN,,,NO_NAME_COUNTRY_MATCH,,UNRESOLVED
fso87,Indonesia - Offshore Oil Terminal 10,Indonesia,IDN,,,NO_NAME_COUNTRY_MATCH,,UNRESOLVED
fso88,Indonesia - Offshore Oil Terminal 11,Indonesia,IDN,,,NO_NAME_COUNTRY_MATCH,,UNRESOLVED
fso89,Indonesia - Offshore Oil Terminal 12,Indonesia,IDN,,,NO_NAME_COUNTRY_MATCH,,UNRESOLVED
fso9,Brazil - Offshore Oil Terminal 18,Brazil,BRA,,,NO_NAME_COUNTRY_MATCH,,UNRESOLVED
fso90,Indonesia - Offshore Oil Terminal 13,Indonesia,IDN,,,NO_NAME_COUNTRY_MATCH,,UNRESOLVED
fso91,Indonesia - Offshore Oil Terminal 14,Indonesia,IDN,,,NO_NAME_COUNTRY_MATCH,,UNRESOLVED
fso92,Indonesia - Offshore Oil Terminal 15,Indonesia,IDN,,,NO_NAME_COUNTRY_MATCH,,UNRESOLVED
fso93,Indonesia - Offshore Oil Terminal 2,Indonesia,IDN,,,NO_NAME_COUNTRY_MATCH,,UNRESOLVED
fso94,Indonesia - Offshore Oil Terminal 3,Indonesia,IDN,,,NO_NAME_COUNTRY_MATCH,,UNRESOLVED
fso95,Indonesia - Offshore Oil Terminal 4,Indonesia,IDN,,,NO_NAME_COUNTRY_MATCH,,UNRESOLVED
fso96,Indonesia - Offshore Oil Terminal 5,Indonesia,IDN,,,NO_NAME_COUNTRY_MATCH,,UNRESOLVED
fso97,Indonesia - Offshore Oil Terminal 6,Indonesia,IDN,,,NO_NAME_COUNTRY_MATCH,,UNRESOLVED
fso98,Indonesia - Offshore Oil Terminal 7,Indonesia,IDN,,,NO_NAME_COUNTRY_MATCH,,UNRESOLVED
fso99,Indonesia - Offshore Oil Terminal 8,Indonesia,IDN,,,NO_NAME_COUNTRY_MATCH,,UNRESOLVED
port0,Abbot Point,Australia,AUS,,,NO_NAME_COUNTRY_MATCH,,UNRESOLVED
port1,Åbenrå,Denmark,DNK,30100,LOC_WPI_30100,NAME_COUNTRY_EXACT,1.0,MATCHED
port10,Agadir,Morocco,MAR,45802,LOC_WPI_45802,NAME_COUNTRY_EXACT,1.0,MATCHED
port100,Baku Port,Azerbaijan,AZE,,,NO_NAME_COUNTRY_MATCH,,UNRESOLVED
port1000,Porto De Maceio,Brazil,BRA,12750,LOC_WPI_12750,NAME_COUNTRY_EXACT,1.0,MATCHED
port1001,Fortaleza (Mucuripe),Brazil,BRA,,,NO_NAME_COUNTRY_MATCH,,UNRESOLVED
port1002,Porto De Suape,Brazil,BRA,12740,LOC_WPI_12740,NAME_COUNTRY_EXACT,1.0,MATCHED
port1003,Chioggia,Italy,ITA,,,NO_NAME_COUNTRY_MATCH,,UNRESOLVED
port1004,Ravenna,Italy,ITA,,,NO_NAME_COUNTRY_MATCH,,UNRESOLVED
port1005,Porto Di Lido-Venezia,Italy,ITA,40760,LOC_WPI_40760,NAME_COUNTRY_EXACT,1.0,MATCHED
port1006,Malamocco,Italy,ITA,,,NO_NAME_COUNTRY_MATCH,,UNRESOLVED
port1007,Oristano,Italy,ITA,,,NO_NAME_COUNTRY_MATCH,,UNRESOLVED
port1008,Palermo,Italy,ITA,,,NO_NAME_COUNTRY_MATCH,,UNRESOLVED
port1009,Porto Grande,Cabo Verde,CPV,45880,LOC_WPI_45880,NAME_COUNTRY_EXACT,1.0,MATCHED
port101,Balboa,Panama,PAN,15410,LOC_WPI_15410,NAME_COUNTRY_EXACT,1.0,MATCHED
port1010,Pecem,Brazil,BRA,,,NO_NAME_COUNTRY_MATCH,,UNRESOLVED
port1011,Porto Torres,Italy,ITA,39310,LOC_WPI_39310,NAME_COUNTRY_EXACT,1.0,MATCHED
port1012,Portocel,Brazil,BRA,12820,LOC_WPI_12820,NAME_COUNTRY_EXACT,1.0,MATCHED
port1013,Piombino,Italy,ITA,,,NO_NAME_COUNTRY_MATCH,,UNRESOLVED
port1014,Portsmouth Harbour,United Kingdom,GBR,35600,LOC_WPI_35600,NAME_COUNTRY_EXACT,1.0,MATCHED
port1015,Skoldvik,Finland,FIN,,,NO_NAME_COUNTRY_MATCH,,UNRESOLVED
port1016,Poti,Georgia,GEO,,,NO_NAME_COUNTRY_MATCH,,UNRESOLVED
port1017,Pozzuoli,Italy,ITA,39940,LOC_WPI_39940,NAME_COUNTRY_EXACT,1.0,MATCHED
port1018,Praia da Vitoria,Portugal,PRT,,,NO_NAME_COUNTRY_MATCH,,UNRESOLVED
port1019,Presque Isle,United States,USA,5290,LOC_WPI_5290,NAME_COUNTRY_EXACT,1.0,MATCHED
port102,Balikpapan,Indonesia,IDN,51840,LOC_WPI_51840,NAME_COUNTRY_EXACT,1.0,MATCHED
port1020,Primorsk,Russian Federation,RUS,,,NO_NAME_COUNTRY_MATCH,,UNRESOLVED
port1021,Prince Rupert,Canada,CAN,18950,LOC_WPI_18950,NAME_COUNTRY_EXACT,1.0,MATCHED
port1022,Probolinggo,Indonesia,IDN,51180,LOC_WPI_51180,NAME_COUNTRY_EXACT,1.0,MATCHED
port1023,Progreso,Mexico,MEX,9510,LOC_WPI_9510,NAME_COUNTRY_EXACT,1.0,MATCHED
port1024,Providence,United States,USA,7420,LOC_WPI_7420,NAME_COUNTRY_EXACT,1.0,MATCHED
port1025,Providenciales,Turks and Caicos Islands,TCA,10030,LOC_WPI_10030,NAME_COUNTRY_EXACT,1.0,MATCHED
port1026,Bayovar,Peru,PER,,,NO_NAME_COUNTRY_MATCH,,UNRESOLVED
port1027,Puerto Bolivar,Colombia,COL,11946,LOC_WPI_11946,NAME_COUNTRY_EXACT,1.0,MATCHED
port1028,Puerto Bolivar,Ecuador,ECU,15250,LOC_WPI_15250,NAME_COUNTRY_EXACT,1.0,MATCHED
port1029,Puerto Cabello,Venezuela,VEN,12120,LOC_WPI_12120,NAME_COUNTRY_EXACT,1.0,MATCHED
port103,Baltimore,United States,USA,8210,LOC_WPI_8210,NAME_COUNTRY_EXACT,1.0,MATCHED
port1030,Puerto Cabezas,Nicaragua,NIC,9760,LOC_WPI_9760,NAME_COUNTRY_EXACT,1.0,MATCHED
port1031,Puerto Caldera,Chile,CHL,14630,LOC_WPI_14630,NAME_COUNTRY_EXACT,1.0,MATCHED
port1032,Puerto Caldera,Costa Rica,CRI,15500,LOC_WPI_15500,NAME_COUNTRY_EXACT,1.0,MATCHED
port1033,Puerto Castilla,Honduras,HND,9690,LOC_WPI_9690,NAME_COUNTRY_EXACT,1.0,MATCHED
port1034,Puerto Chanaral,Chile,CHL,14640,LOC_WPI_14640,NAME_COUNTRY_EXACT,1.0,MATCHED
port1035,Colon,Panama,PAN,,,NO_NAME_COUNTRY_MATCH,,UNRESOLVED
port1036,Puerto Cortes,Honduras,HND,9650,LOC_WPI_9650,NAME_COUNTRY_EXACT,1.0,MATCHED
port1037,Puerto Cristobal,Panama,PAN,9860,LOC_WPI_9860,NAME_COUNTRY_EXACT,1.0,MATCHED
port1038,Bilbao,Spain,ESP,,,NO_NAME_COUNTRY_MATCH,,UNRESOLVED
port1039,Carboneras,Spain,ESP,,,NO_NAME_COUNTRY_MATCH,,UNRESOLVED
port104,Baltiysk,Russian Federation,RUS,,,NO_NAME_COUNTRY_MATCH,,UNRESOLVED
port1040,Chimbote,Peru,PER,,,NO_NAME_COUNTRY_MATCH,,UNRESOLVED
port1041,Garrucha,Spain,ESP,,,NO_NAME_COUNTRY_MATCH,,UNRESOLVED
port1042,Haina,Dominican Republic,DOM,,,NO_NAME_COUNTRY_MATCH,,UNRESOLVED
port1043,San Lorenzo (Henecan),Honduras,HND,,,NO_NAME_COUNTRY_MATCH,,UNRESOLVED
port1044,Pasajes,Spain,ESP,,,NO_NAME_COUNTRY_MATCH,,UNRESOLVED
port1045,Callao,Peru,PER,,,NO_NAME_COUNTRY_MATCH,,UNRESOLVED
port1046,Puerto Del Rosario,Spain,ESP,38180,LOC_WPI_38180,NAME_COUNTRY_EXACT,1.0,MATCHED
port1047,Ilo,Peru,PER,,,NO_NAME_COUNTRY_MATCH,,UNRESOLVED
port1048,Bahia Blanca,Argentina,ARG,13815,LOC_WPI_13815,NAME_COUNTRY_EXACT,1.0,MATCHED
port1049,Puerto La Cruz,Venezuela,VEN,12185,LOC_WPI_12185,NAME_COUNTRY_EXACT,1.0,MATCHED
port105,Bandar-E Pars Terminal,Iran,IRN,48475,LOC_WPI_48475,NAME_COUNTRY_EXACT,1.0,MATCHED
port1050,Puerto Madryn,Argentina,ARG,13900,LOC_WPI_13900,NAME_COUNTRY_EXACT,1.0,MATCHED
port1051,Puerto Miranda,Venezuela,VEN,12035,LOC_WPI_12035,NAME_COUNTRY_EXACT,1.0,MATCHED
port1052,Puerto Moin,Costa Rica,CRI,9805,LOC_WPI_9805,NAME_COUNTRY_EXACT,1.0,MATCHED
port1053,Puerto Montt,Chile,CHL,14270,LOC_WPI_14270,NAME_COUNTRY_EXACT,1.0,MATCHED
port1054,Puerto Nuevo,Colombia,COL,,,NO_NAME_COUNTRY_MATCH,,UNRESOLVED
port1055,Puerto Plata,Dominican Republic,DOM,10980,LOC_WPI_10980,NAME_COUNTRY_EXACT,1.0,MATCHED
port1056,Puerto Princesa,Philippines,PHL,59270,LOC_WPI_59270,NAME_COUNTRY_EXACT,1.0,MATCHED
port1057,Puerto Quetzal,Guatemala,GTM,15660,LOC_WPI_15660,NAME_COUNTRY_EXACT,1.0,MATCHED
port1058,Puerto San Antonio,Chile,CHL,14470,LOC_WPI_14470,NAME_COUNTRY_EXACT,1.0,MATCHED
port1059,San Martin,Argentina,ARG,,,NO_NAME_COUNTRY_MATCH,,UNRESOLVED
port106,Bandar Shahid Rajaee,Iran,IRN,,,NO_NAME_COUNTRY_MATCH,,UNRESOLVED
port1060,Puerto Yabucoa,Puerto Rico,PRI,11205,LOC_WPI_11205,NAME_COUNTRY_EXACT,1.0,MATCHED
port1061,Pulau Baai,Indonesia,IDN,50441,LOC_WPI_50441,NAME_COUNTRY_EXACT,1.0,MATCHED
port1062,Penang,Malaysia,MYS,,,NO_NAME_COUNTRY_MATCH,,UNRESOLVED
port1063,Punta Cardón,Venezuela,VEN,12050,LOC_WPI_12050,NAME_COUNTRY_EXACT,1.0,MATCHED
port1064,Punta Lobitos,Peru,PER,,,NO_NAME_COUNTRY_MATCH,,UNRESOLVED
port1065,Busan,Korea,KOR,,,NO_NAME_COUNTRY_MATCH,,UNRESOLVED
port1066,Put Put,Papua New Guinea,PNG,,,NO_NAME_COUNTRY_MATCH,,UNRESOLVED
port1067,Pyeongtaek,Korea,KOR,,,NO_NAME_COUNTRY_MATCH,,UNRESOLVED
port1068,Qalhat LNG Terminal,Oman,OMN,48240,LOC_WPI_48240,NAME_COUNTRY_EXACT,1.0,MATCHED
port1069,Qingdao Port,China,CHN,,,NO_NAME_COUNTRY_MATCH,,UNRESOLVED
port107,Bandar Abbas,Iran,IRN,48520,LOC_WPI_48520,NAME_COUNTRY_EXACT,1.0,MATCHED
port1070,Dongjiakou,China,CHN,,,NO_NAME_COUNTRY_MATCH,,UNRESOLVED
port1071,Qinzhou,China,CHN,57820,LOC_WPI_57820,NAME_COUNTRY_EXACT,1.0,MATCHED
port1072,Qinhuangdao,China,CHN,60200,LOC_WPI_60200,NAME_COUNTRY_EXACT,1.0,MATCHED
port1073,Qiwei,China,CHN,,,NO_NAME_COUNTRY_MATCH,,UNRESOLVED
port1074,Quanzhou,China,CHN,57874,LOC_WPI_57874,NAME_COUNTRY_EXACT,1.0,MATCHED
port1075,Quebec,Canada,CAN,2180,LOC_WPI_2180,NAME_COUNTRY_EXACT,1.0,MATCHED
port1077,Quequén,Argentina,ARG,13790,LOC_WPI_13790,NAME_COUNTRY_EXACT,1.0,MATCHED
port1078,Quy Nhon,Vietnam,VNM,,,NO_NAME_COUNTRY_MATCH,,UNRESOLVED
port1079,Raahe,Finland,FIN,27530,LOC_WPI_27530,NAME_COUNTRY_EXACT,1.0,MATCHED
port108,Bandar Khomeini,Iran,IRN,,,NO_NAME_COUNTRY_MATCH,,UNRESOLVED
port1080,Rabaul,Papua New Guinea,PNG,56810,LOC_WPI_56810,NAME_COUNTRY_EXACT,1.0,MATCHED
port1081,Rabigh,Saudi Arabia,SAU,48130,LOC_WPI_48130,NAME_COUNTRY_EXACT,1.0,MATCHED
port1082,Rada De Arica,Chile,CHL,14800,LOC_WPI_14800,NAME_COUNTRY_EXACT,1.0,MATCHED
port1083,Vado Ligure,Italy,ITA,,,NO_NAME_COUNTRY_MATCH,,UNRESOLVED
port1084,Brest,France,FRA,,,NO_NAME_COUNTRY_MATCH,,UNRESOLVED
port1085,Randers,Denmark,DNK,30330,LOC_WPI_30330,NAME_COUNTRY_EXACT,1.0,MATCHED
port1086,Yangon,Myanmar,MMR,,,NO_NAME_COUNTRY_MATCH,,UNRESOLVED
port1088,Ras Al Mishab,Saudi Arabia,SAU,48348,LOC_WPI_48348,NAME_COUNTRY_EXACT,1.0,MATCHED
port1089,Ras Al Khafji,Saudi Arabia,SAU,48349,LOC_WPI_48349,NAME_COUNTRY_EXACT,1.0,MATCHED
port109,Bandirma,Türkiye,TUR,,,NO_NAME_COUNTRY_MATCH,,UNRESOLVED
port1090,Ras Laffan,Qatar,QAT,48297,LOC_WPI_48297,NAME_COUNTRY_EXACT,1.0,MATCHED
port1091,Ras Tanura,Saudi Arabia,SAU,,,NO_NAME_COUNTRY_MATCH,,UNRESOLVED
port1092,Rauma,Finland,FIN,27780,LOC_WPI_27780,NAME_COUNTRY_EXACT,1.0,MATCHED
port1093,Rayong,Thailand,THA,,,NO_NAME_COUNTRY_MATCH,,UNRESOLVED
port1094,Recife,Brazil,BRA,12730,LOC_WPI_12730,NAME_COUNTRY_EXACT,1.0,MATCHED
port1095,Ust-Luga,Russian Federation,RUS,,,NO_NAME_COUNTRY_MATCH,,UNRESOLVED
port1096,Rethymnon,Greece,GRC,,,NO_NAME_COUNTRY_MATCH,,UNRESOLVED
port1098,Reykjavík,Iceland,ISL,100,LOC_WPI_100,NAME_COUNTRY_EXACT,1.0,MATCHED
port1099,Richards Bay,South Africa,ZAF,46855,LOC_WPI_46855,NAME_COUNTRY_EXACT,1.0,MATCHED
port11,Åhus,Sweden,SWE,24300,LOC_WPI_24300,NAME_COUNTRY_EXACT,1.0,MATCHED
port110,Benghazi,Libya,LBY,,,NO_NAME_COUNTRY_MATCH,,UNRESOLVED
port1100,Riga,Latvia,LVA,28610,LOC_WPI_28610,NAME_COUNTRY_EXACT,1.0,MATCHED
port1101,Rijeka,Croatia,HRV,,,NO_NAME_COUNTRY_MATCH,,UNRESOLVED
port1102,Rio Bueno,Jamaica,JAM,10630,LOC_WPI_10630,NAME_COUNTRY_EXACT,1.0,MATCHED
port1103,Rio De Janeiro,Brazil,BRA,12920,LOC_WPI_12920,NAME_COUNTRY_EXACT,1.0,MATCHED
port1104,Rio Grande,Brazil,BRA,13060,LOC_WPI_13060,NAME_COUNTRY_EXACT,1.0,MATCHED
port1105,Rizhao,China,CHN,60133,LOC_WPI_60133,NAME_COUNTRY_EXACT,1.0,MATCHED
port1106,Road Harbor,British Virgin Islands,VGB,11350,LOC_WPI_11350,NAME_COUNTRY_EXACT,1.0,MATCHED
port1107,Rørvik,Norway,NOR,,,NO_NAME_COUNTRY_MATCH,,UNRESOLVED
port1108,Rosario,Argentina,ARG,13630,LOC_WPI_13630,NAME_COUNTRY_EXACT,1.0,MATCHED
port1109,Rosarito,Mexico,MEX,15995,LOC_WPI_15995,NAME_COUNTRY_EXACT,1.0,MATCHED
port111,Bangkok,Thailand,THA,57450,LOC_WPI_57450,NAME_COUNTRY_EXACT,1.0,MATCHED
port1110,Roseau,Dominica,DMA,11520,LOC_WPI_11520,NAME_COUNTRY_EXACT,1.0,MATCHED
port1111,Rostock,Germany,DEU,28860,LOC_WPI_28860,NAME_COUNTRY_EXACT,1.0,MATCHED
port1112,Rostov-Na-Donu,Russian Federation,RUS,,,NO_NAME_COUNTRY_MATCH,,UNRESOLVED
port1113,Rota,Northern Mariana Islands,MNP,56540,LOC_WPI_56540,NAME_COUNTRY_EXACT,1.0,MATCHED
port1114,Rotterdam,The Netherlands,NLD,,,NO_NAME_COUNTRY_MATCH,,UNRESOLVED
port1115,Detroit,United States,USA,3620,LOC_WPI_3620,NAME_COUNTRY_EXACT,1.0,MATCHED
port1116,Rumoi,Japan,JPN,,,NO_NAME_COUNTRY_MATCH,,UNRESOLVED
port1117,Al Ruwais,Qatar,QAT,,,NO_NAME_COUNTRY_MATCH,,UNRESOLVED
port1118,Safi,Morocco,MAR,45797,LOC_WPI_45797,NAME_COUNTRY_EXACT,1.0,MATCHED
port1119,Saganoseki,Japan,JPN,,,NO_NAME_COUNTRY_MATCH,,UNRESOLVED
port112,Banjarmasin,Indonesia,IDN,51890,LOC_WPI_51890,NAME_COUNTRY_EXACT,1.0,MATCHED
port1120,Sagunto,Spain,ESP,38490,LOC_WPI_38490,NAME_COUNTRY_EXACT,1.0,MATCHED
port1123,Saint-Laurent-du-Maroni,French Guiana,GUF,,,NO_NAME_COUNTRY_MATCH,,UNRESOLVED
port1124,Saint-Malo,France,FRA,36130,LOC_WPI_36130,NAME_COUNTRY_EXACT,1.0,MATCHED
port1125,Saint-Marc,Haiti,HTI,,,NO_NAME_COUNTRY_MATCH,,UNRESOLVED
port1126,Saipan,Northern Mariana Islands,MNP,56520,LOC_WPI_56520,NAME_COUNTRY_EXACT,1.0,MATCHED
port1127,Sakai,Japan,JPN,,,NO_NAME_COUNTRY_MATCH,,UNRESOLVED
port1128,Sakai-Semboku,Japan,JPN,,,NO_NAME_COUNTRY_MATCH,,UNRESOLVED
port1129,Sakaide,Japan,JPN,,,NO_NAME_COUNTRY_MATCH,,UNRESOLVED
port113,Banjul,The Gambia,GMB,45825,LOC_WPI_45825,NAME_COUNTRY_EXACT,1.0,MATCHED
port1130,Sakata,Japan,JPN,,,NO_NAME_COUNTRY_MATCH,,UNRESOLVED
port1131,Sal Rei,Cabo Verde,CPV,,,NO_NAME_COUNTRY_MATCH,,UNRESOLVED
port1132,Salaverry,Peru,PER,15050,LOC_WPI_15050,NAME_COUNTRY_EXACT,1.0,MATCHED
port1133,Saldanha Bay,South Africa,ZAF,46750,LOC_WPI_46750,NAME_COUNTRY_EXACT,1.0,MATCHED
port1135,Salerno,Italy,ITA,40040,LOC_WPI_40040,NAME_COUNTRY_EXACT,1.0,MATCHED
port1136,Salina Cruz,Mexico,MEX,15730,LOC_WPI_15730,NAME_COUNTRY_EXACT,1.0,MATCHED
port1137,Samarinda,Indonesia,IDN,51820,LOC_WPI_51820,NAME_COUNTRY_EXACT,1.0,MATCHED
port1138,Sampit,Indonesia,IDN,51910,LOC_WPI_51910,NAME_COUNTRY_EXACT,1.0,MATCHED
port1139,Samsun,Türkiye,TUR,,,NO_NAME_COUNTRY_MATCH,,UNRESOLVED
port114,Banten,Indonesia,IDN,50925,LOC_WPI_50925,NAME_COUNTRY_EXACT,1.0,MATCHED
port1140,San Diego,United States,USA,16010,LOC_WPI_16010,NAME_COUNTRY_EXACT,1.0,MATCHED
port1141,San Francisco,United States,USA,16300,LOC_WPI_16300,NAME_COUNTRY_EXACT,1.0,MATCHED
port1142,San Giorgio,Italy,ITA,,,NO_NAME_COUNTRY_MATCH,,UNRESOLVED
port1143,San Juan,Puerto Rico,PRI,11110,LOC_WPI_11110,NAME_COUNTRY_EXACT,1.0,MATCHED
port1144,San Miguel De Cozumel,Mexico,MEX,9550,LOC_WPI_9550,NAME_COUNTRY_EXACT,1.0,MATCHED
port1145,San Nicolas,Argentina,ARG,13650,LOC_WPI_13650,NAME_COUNTRY_EXACT,1.0,MATCHED
port1146,San Pedro,Côte d'Ivoire,CIV,45963,LOC_WPI_45963,NAME_COUNTRY_EXACT,1.0,MATCHED
port1147,San Pedro De Macoris,Dominican Republic,DOM,11030,LOC_WPI_11030,NAME_COUNTRY_EXACT,1.0,MATCHED
port1148,Sandnessjøen,Norway,NOR,,,NO_NAME_COUNTRY_MATCH,,UNRESOLVED
port1149,Sandusky,United States,USA,3530,LOC_WPI_3530,NAME_COUNTRY_EXACT,1.0,MATCHED
port115,Bizerte,Tunisia,TUN,,,NO_NAME_COUNTRY_MATCH,,UNRESOLVED
port1150,Saint Petersburg,Russian Federation,RUS,,,NO_NAME_COUNTRY_MATCH,,UNRESOLVED
port1151,Sanshandaocun,China,CHN,,,NO_NAME_COUNTRY_MATCH,,UNRESOLVED
port1152,Santa Cruz De La Palma,Spain,ESP,38150,LOC_WPI_38150,NAME_COUNTRY_EXACT,1.0,MATCHED
port1153,Santa Cruz De Tenerife,Spain,ESP,38160,LOC_WPI_38160,NAME_COUNTRY_EXACT,1.0,MATCHED
port1154,Santa Marta,Colombia,COL,11940,LOC_WPI_11940,NAME_COUNTRY_EXACT,1.0,MATCHED
port1155,Santander,Spain,ESP,37470,LOC_WPI_37470,NAME_COUNTRY_EXACT,1.0,MATCHED
port1156,Santiago De Cuba,Cuba,CUB,10370,LOC_WPI_10370,NAME_COUNTRY_EXACT,1.0,MATCHED
port1158,Santo Domingo,Dominican Republic,DOM,11040,LOC_WPI_11040,NAME_COUNTRY_EXACT,1.0,MATCHED
port1159,Puerto Barrios,Guatemala,GTM,9620,LOC_WPI_9620,NAME_COUNTRY_EXACT,1.0,MATCHED
port116,Bar,Montenegro,MNE,41640,LOC_WPI_41640,NAME_COUNTRY_EXACT,1.0,MATCHED
port1160,Santos,Brazil,BRA,12970,LOC_WPI_12970,NAME_COUNTRY_EXACT,1.0,MATCHED
port1161,Sao Francisco,Brazil,BRA,13000,LOC_WPI_13000,NAME_COUNTRY_EXACT,1.0,MATCHED
port1162,São Sebastião,Brazil,BRA,12960,LOC_WPI_12960,NAME_COUNTRY_EXACT,1.0,MATCHED
port1163,Sao Tome,São Tomé and Príncipe,STP,46380,LOC_WPI_46380,NAME_COUNTRY_EXACT,1.0,MATCHED
port1164,Port of Sabah,Malaysia,MYS,,,NO_NAME_COUNTRY_MATCH,,UNRESOLVED
port1165,Sapele,Nigeria,NGA,46150,LOC_WPI_46150,NAME_COUNTRY_EXACT,1.0,MATCHED
port1166,Sarnia,Canada,CAN,3700,LOC_WPI_3700,NAME_COUNTRY_EXACT,1.0,MATCHED
port1167,Sarroch Oil Terminal,Italy,ITA,39215,LOC_WPI_39215,NAME_COUNTRY_EXACT,1.0,MATCHED
port1168,Sassnitz,Germany,DEU,28840,LOC_WPI_28840,NAME_COUNTRY_EXACT,1.0,MATCHED
port1169,Sauda,Norway,NOR,23460,LOC_WPI_23460,NAME_COUNTRY_EXACT,1.0,MATCHED
port117,Barbor's Point,United States,USA,,,NO_NAME_COUNTRY_MATCH,,UNRESOLVED
port1170,Savannah,United States,USA,8530,LOC_WPI_8530,NAME_COUNTRY_EXACT,1.0,MATCHED
port1171,Savona,Italy,ITA,39440,LOC_WPI_39440,NAME_COUNTRY_EXACT,1.0,MATCHED
port1172,Suakin,Sudan,SDN,,,NO_NAME_COUNTRY_MATCH,,UNRESOLVED
port1173,Sayda,Lebanon,LBN,45040,LOC_WPI_45040,NAME_COUNTRY_EXACT,1.0,MATCHED
port1174,Searsport,United States,USA,6910,LOC_WPI_6910,NAME_COUNTRY_EXACT,1.0,MATCHED
port1175,Seattle,United States,USA,17730,LOC_WPI_17730,NAME_COUNTRY_EXACT,1.0,MATCHED
port1176,Seghe,Solomon Islands,SLB,,,NO_NAME_COUNTRY_MATCH,,UNRESOLVED
port1177,Sekondi,Ghana,GHA,46045,LOC_WPI_46045,NAME_COUNTRY_EXACT,1.0,MATCHED
port1178,Sekupang,Indonesia,IDN,50055,LOC_WPI_50055,NAME_COUNTRY_EXACT,1.0,MATCHED
port1179,Semarang,Indonesia,IDN,51040,LOC_WPI_51040,NAME_COUNTRY_EXACT,1.0,MATCHED
port118,Barcelona,Spain,ESP,38550,LOC_WPI_38550,NAME_COUNTRY_EXACT,1.0,MATCHED
port1180,Sendai-Shiogama,Japan,JPN,61350,LOC_WPI_61350,NAME_COUNTRY_EXACT,1.0,MATCHED
port1181,Sept Iles,Canada,CAN,1955,LOC_WPI_1955,NAME_COUNTRY_EXACT,1.0,MATCHED
port1182,Serangoon Harbor,Singapore,SGP,49995,LOC_WPI_49995,NAME_COUNTRY_EXACT,1.0,MATCHED
port1183,Sete,France,FRA,38750,LOC_WPI_38750,NAME_COUNTRY_EXACT,1.0,MATCHED
port1184,Setubal,Portugal,PRT,38000,LOC_WPI_38000,NAME_COUNTRY_EXACT,1.0,MATCHED
port1185,Seville,Spain,ESP,,,NO_NAME_COUNTRY_MATCH,,UNRESOLVED
port1186,Shala Pristan,Russian Federation,RUS,,,NO_NAME_COUNTRY_MATCH,,UNRESOLVED
port1187,Shantou,China,CHN,,,NO_NAME_COUNTRY_MATCH,,UNRESOLVED
port1188,Shanghai,China,CHN,59970,LOC_WPI_59970,NAME_COUNTRY_EXACT,1.0,MATCHED
port1189,Shekou (Shenzhen),China,CHN,,,NO_NAME_COUNTRY_MATCH,,UNRESOLVED
port119,Bari,Italy,ITA,40530,LOC_WPI_40530,NAME_COUNTRY_EXACT,1.0,MATCHED
port1190,Shibushi,Japan,JPN,,,NO_NAME_COUNTRY_MATCH,,UNRESOLVED
port1191,Shidao Newport,China,CHN,,,NO_NAME_COUNTRY_MATCH,,UNRESOLVED
port1192,Shijing Longxiang,China,CHN,,,NO_NAME_COUNTRY_MATCH,,UNRESOLVED
port1193,Shimizu,Japan,JPN,,,NO_NAME_COUNTRY_MATCH,,UNRESOLVED
port1194,Shoreham Harbour,United Kingdom,GBR,35630,LOC_WPI_35630,NAME_COUNTRY_EXACT,1.0,MATCHED
port1195,Shougang Jingtang,China,CHN,,,NO_NAME_COUNTRY_MATCH,,UNRESOLVED
port1196,Shui Dong,China,CHN,57819,LOC_WPI_57819,NAME_COUNTRY_EXACT,1.0,MATCHED
port1197,Laem Chabang,Thailand,THA,57462,LOC_WPI_57462,NAME_COUNTRY_EXACT,1.0,MATCHED
port1198,Sibolga,Indonesia,IDN,50510,LOC_WPI_50510,NAME_COUNTRY_EXACT,1.0,MATCHED
port1199,Sikka,India,IND,48613,LOC_WPI_48613,NAME_COUNTRY_EXACT,1.0,MATCHED
port12,Aiyion,Greece,GRC,,,NO_NAME_COUNTRY_MATCH,,UNRESOLVED
port120,Barranquilla,Colombia,COL,11930,LOC_WPI_11930,NAME_COUNTRY_EXACT,1.0,MATCHED
port1200,Sines,Portugal,PRT,38005,LOC_WPI_38005,NAME_COUNTRY_EXACT,1.0,MATCHED
port1201,Singapore,Singapore,SGP,,,NO_NAME_COUNTRY_MATCH,,UNRESOLVED
port1202,Sint Nicolaas Baai,Aruba,ABW,11830,LOC_WPI_11830,NAME_COUNTRY_EXACT,1.0,MATCHED
port1203,Sitrah,Bahrain,BHR,48320,LOC_WPI_48320,NAME_COUNTRY_EXACT,1.0,MATCHED
port1204,Skagen,Denmark,DNK,,,NO_NAME_COUNTRY_MATCH,,UNRESOLVED
port1205,Skelleftehamn,Sweden,SWE,27080,LOC_WPI_27080,NAME_COUNTRY_EXACT,1.0,MATCHED
port1206,Skhira,Tunisia,TUN,45380,LOC_WPI_45380,NAME_COUNTRY_EXACT,1.0,MATCHED
port1207,Skutskär,Sweden,SWE,25550,LOC_WPI_25550,NAME_COUNTRY_EXACT,1.0,MATCHED
port1208,Slagentangen,Norway,NOR,,,NO_NAME_COUNTRY_MATCH,,UNRESOLVED
port1209,Södertälje,Sweden,SWE,25320,LOC_WPI_25320,NAME_COUNTRY_EXACT,1.0,MATCHED
port121,Barry,United Kingdom,GBR,34990,LOC_WPI_34990,NAME_COUNTRY_EXACT,1.0,MATCHED
port1210,Sölvesborg,Sweden,SWE,24310,LOC_WPI_24310,NAME_COUNTRY_EXACT,1.0,MATCHED
port1211,Songkhla,Thailand,THA,,,NO_NAME_COUNTRY_MATCH,,UNRESOLVED
port1212,Souda (Chania),Greece,GRC,,,NO_NAME_COUNTRY_MATCH,,UNRESOLVED
port1213,Sousse,Tunisia,TUN,45410,LOC_WPI_45410,NAME_COUNTRY_EXACT,1.0,MATCHED
port1214,South Louisiana,United States,USA,,,NO_NAME_COUNTRY_MATCH,,UNRESOLVED
port1216,Southampton,United Kingdom,GBR,35580,LOC_WPI_35580,NAME_COUNTRY_EXACT,1.0,MATCHED
port1217,Soyo Angola LNG Terminal,Angola,AGO,46545,LOC_WPI_46545,NAME_COUNTRY_EXACT,1.0,MATCHED
port1218,Split,Croatia,HRV,41320,LOC_WPI_41320,NAME_COUNTRY_EXACT,1.0,MATCHED
port1219,Saint John,Canada,CAN,,,NO_NAME_COUNTRY_MATCH,,UNRESOLVED
port122,Basseterre,St.  Kitts and Nevis,KNA,,,NO_NAME_COUNTRY_MATCH,,UNRESOLVED
port1220,Saint John's,Canada,CAN,,,NO_NAME_COUNTRY_MATCH,,UNRESOLVED
port1221,Port of Saint John's,Antigua and Barbuda,ATG,,,NO_NAME_COUNTRY_MATCH,,UNRESOLVED
port1222,St Nazaire,France,FRA,36850,LOC_WPI_36850,NAME_COUNTRY_EXACT,1.0,MATCHED
port1223,Saint George's,Grenada,GRD,,,NO_NAME_COUNTRY_MATCH,,UNRESOLVED
port1224,Stagen,Indonesia,IDN,51870,LOC_WPI_51870,NAME_COUNTRY_EXACT,1.0,MATCHED
port1225,Stavanger,Norway,NOR,23480,LOC_WPI_23480,NAME_COUNTRY_EXACT,1.0,MATCHED
port1226,Steinkjer,Norway,NOR,23055,LOC_WPI_23055,NAME_COUNTRY_EXACT,1.0,MATCHED
port1227,Stenungsund,Sweden,SWE,24000,LOC_WPI_24000,NAME_COUNTRY_EXACT,1.0,MATCHED
port1228,Stockholm,Sweden,SWE,25380,LOC_WPI_25380,NAME_COUNTRY_EXACT,1.0,MATCHED
port1229,Stockton,United States,USA,16520,LOC_WPI_16520,NAME_COUNTRY_EXACT,1.0,MATCHED
port123,Basuo,China,CHN,57768,LOC_WPI_57768,NAME_COUNTRY_EXACT,1.0,MATCHED
port1230,Stora Jatterson,Sweden,SWE,24635,LOC_WPI_24635,NAME_COUNTRY_EXACT,1.0,MATCHED
port1231,Stura,Norway,NOR,23139,LOC_WPI_23139,NAME_COUNTRY_EXACT,1.0,MATCHED
port1232,Subic Bay,Philippines,PHL,58395,LOC_WPI_58395,NAME_COUNTRY_EXACT,1.0,MATCHED
port1233,Sundaomen Wuz,China,CHN,,,NO_NAME_COUNTRY_MATCH,,UNRESOLVED
port1234,Sunderland,United Kingdom,GBR,31760,LOC_WPI_31760,NAME_COUNTRY_EXACT,1.0,MATCHED
port1235,Sundsvall,Sweden,SWE,25910,LOC_WPI_25910,NAME_COUNTRY_EXACT,1.0,MATCHED
port1236,Duluth,United States,USA,5460,LOC_WPI_5460,NAME_COUNTRY_EXACT,1.0,MATCHED
port1237,Surabaya,Indonesia,IDN,51130,LOC_WPI_51130,NAME_COUNTRY_EXACT,1.0,MATCHED
port1238,Surigao City,Philippines,PHL,59340,LOC_WPI_59340,NAME_COUNTRY_EXACT,1.0,MATCHED
port1239,Susaki,Japan,JPN,,,NO_NAME_COUNTRY_MATCH,,UNRESOLVED
port124,Bata,Equatorial Guinea,GNQ,46305,LOC_WPI_46305,NAME_COUNTRY_EXACT,1.0,MATCHED
port1240,Suva,Fiji,FJI,,,NO_NAME_COUNTRY_MATCH,,UNRESOLVED
port1241,Swanport,United States,USA,,,NO_NAME_COUNTRY_MATCH,,UNRESOLVED
port1242,Swinoujscie,Poland,POL,28820,LOC_WPI_28820,NAME_COUNTRY_EXACT,1.0,MATCHED
port1243,Sydney,Australia,AUS,53650,LOC_WPI_53650,NAME_COUNTRY_EXACT,1.0,MATCHED
port1245,Sydney,United States,USA,,,NO_NAME_COUNTRY_MATCH,,UNRESOLVED
port1246,Szczecin,Poland,POL,28823,LOC_WPI_28823,NAME_COUNTRY_EXACT,1.0,MATCHED
port1247,Tachibana,Japan,JPN,61965,LOC_WPI_61965,NAME_COUNTRY_EXACT,1.0,MATCHED
port1248,Tacoma,United States,USA,17700,LOC_WPI_17700,NAME_COUNTRY_EXACT,1.0,MATCHED
port1249,Taganrog,Russian Federation,RUS,,,NO_NAME_COUNTRY_MATCH,,UNRESOLVED
port125,Batangas City,Philippines,PHL,58320,LOC_WPI_58320,NAME_COUNTRY_EXACT,1.0,MATCHED
port1250,Tagonoura,Japan,JPN,,,NO_NAME_COUNTRY_MATCH,,UNRESOLVED
port1252,Taichung,Taiwan Province of China,TWN,,,NO_NAME_COUNTRY_MATCH,,UNRESOLVED
port1253,Suzhou (Taicang),China,CHN,,,NO_NAME_COUNTRY_MATCH,,UNRESOLVED
port1254,Takamatsu,Japan,JPN,61940,LOC_WPI_61940,NAME_COUNTRY_EXACT,1.0,MATCHED
port1255,Takoradi,Ghana,GHA,46040,LOC_WPI_46040,NAME_COUNTRY_EXACT,1.0,MATCHED
port1256,Takuma,Japan,JPN,62077,LOC_WPI_62077,NAME_COUNTRY_EXACT,1.0,MATCHED
port1257,Talara,Peru,PER,15190,LOC_WPI_15190,NAME_COUNTRY_EXACT,1.0,MATCHED
port1258,Tallinn,Estonia,EST,,,NO_NAME_COUNTRY_MATCH,,UNRESOLVED
port1259,Tampa Port,United States,USA,,,NO_NAME_COUNTRY_MATCH,,UNRESOLVED
port126,Baton Rouge,United States,USA,8970,LOC_WPI_8970,NAME_COUNTRY_EXACT,1.0,MATCHED
port1260,Tampico,Mexico,MEX,9360,LOC_WPI_9360,NAME_COUNTRY_EXACT,1.0,MATCHED
port1261,Taipei,Taiwan Province of China,TWN,,,NO_NAME_COUNTRY_MATCH,,UNRESOLVED
port1262,Tanah Merah,Indonesia,IDN,51865,LOC_WPI_51865,NAME_COUNTRY_EXACT,1.0,MATCHED
port1263,Tananger,Norway,NOR,23487,LOC_WPI_23487,NAME_COUNTRY_EXACT,1.0,MATCHED
port1265,Tangier-Mediterranean,Morocco,MAR,45753,LOC_WPI_45753,NAME_COUNTRY_EXACT,1.0,MATCHED
port1266,Tangshan (Jingtang),China,CHN,60193,LOC_WPI_60193,NAME_COUNTRY_EXACT,1.0,MATCHED
port1267,Tanjung Benete,Indonesia,IDN,51254,LOC_WPI_51254,NAME_COUNTRY_EXACT,1.0,MATCHED
port1268,Tanjung Geren,Indonesia,IDN,,,NO_NAME_COUNTRY_MATCH,,UNRESOLVED
port1269,Tanjung Pelepas,Malaysia,MYS,51587,LOC_WPI_51587,NAME_COUNTRY_EXACT,1.0,MATCHED
port127,Batumi,Georgia,GEO,44350,LOC_WPI_44350,NAME_COUNTRY_EXACT,1.0,MATCHED
port1270,Tanjung Sangata,Indonesia,IDN,51803,LOC_WPI_51803,NAME_COUNTRY_EXACT,1.0,MATCHED
port1271,Tanjung Sekong,Indonesia,IDN,50935,LOC_WPI_50935,NAME_COUNTRY_EXACT,1.0,MATCHED
port1272,Tanjung Redeb,Indonesia,IDN,,,NO_NAME_COUNTRY_MATCH,,UNRESOLVED
port1273,Tanjunguban,Indonesia,IDN,50030,LOC_WPI_50030,NAME_COUNTRY_EXACT,1.0,MATCHED
port1274,Tripoli,Lebanon,LBN,,,NO_NAME_COUNTRY_MATCH,,UNRESOLVED
port1275,Taranto,Italy,ITA,40470,LOC_WPI_40470,NAME_COUNTRY_EXACT,1.0,MATCHED
port1276,Betio (Tarawa),Kiribati,KIR,,,NO_NAME_COUNTRY_MATCH,,UNRESOLVED
port1277,Tarragona,Spain,ESP,38540,LOC_WPI_38540,NAME_COUNTRY_EXACT,1.0,MATCHED
port1278,Tauranga,New Zealand,NZL,55080,LOC_WPI_55080,NAME_COUNTRY_EXACT,1.0,MATCHED
port1279,Teesport,United Kingdom,GBR,31720,LOC_WPI_31720,NAME_COUNTRY_EXACT,1.0,MATCHED
port128,Baubau,Indonesia,IDN,52260,LOC_WPI_52260,NAME_COUNTRY_EXACT,1.0,MATCHED
port1280,Tekirdag,Türkiye,TUR,,,NO_NAME_COUNTRY_MATCH,,UNRESOLVED
port1281,Teluk Bayur,Indonesia,IDN,50450,LOC_WPI_50450,NAME_COUNTRY_EXACT,1.0,MATCHED
port1282,Tema,Ghana,GHA,46070,LOC_WPI_46070,NAME_COUNTRY_EXACT,1.0,MATCHED
port1283,Temryuk,Russian Federation,RUS,,,NO_NAME_COUNTRY_MATCH,,UNRESOLVED
port1284,Terneuzen,The Netherlands,NLD,,,NO_NAME_COUNTRY_MATCH,,UNRESOLVED
port1285,Texas City,United States,USA,9160,LOC_WPI_9160,NAME_COUNTRY_EXACT,1.0,MATCHED
port1286,Tg Mani,Malaysia,MYS,51584,LOC_WPI_51584,NAME_COUNTRY_EXACT,1.0,MATCHED
port1287,Tg. Sorong,Indonesia,IDN,53020,LOC_WPI_53020,NAME_COUNTRY_EXACT,1.0,MATCHED
port1288,Thathong,Thailand,THA,,,NO_NAME_COUNTRY_MATCH,,UNRESOLVED
port1289,Thamesport,United Kingdom,GBR,31376,LOC_WPI_31376,NAME_COUNTRY_EXACT,1.0,MATCHED
port129,Bautino,Kazakhstan,KAZ,,,NO_NAME_COUNTRY_MATCH,,UNRESOLVED
port1290,Thamshamm,Norway,NOR,23095,LOC_WPI_23095,NAME_COUNTRY_EXACT,1.0,MATCHED
port1291,Saigon,Vietnam,VNM,,,NO_NAME_COUNTRY_MATCH,,UNRESOLVED
port1293,Thessaloníki,Greece,GRC,42530,LOC_WPI_42530,NAME_COUNTRY_EXACT,1.0,MATCHED
port1294,Thevenard,Australia,AUS,54410,LOC_WPI_54410,NAME_COUNTRY_EXACT,1.0,MATCHED
port1295,Thunder Bay,Canada,CAN,5210,LOC_WPI_5210,NAME_COUNTRY_EXACT,1.0,MATCHED
port1296,Thyboron,Denmark,DNK,30460,LOC_WPI_30460,NAME_COUNTRY_EXACT,1.0,MATCHED
port1297,Tianjin Xin Gang,China,CHN,60190,LOC_WPI_60190,NAME_COUNTRY_EXACT,1.0,MATCHED
port1298,Tilbury,United Kingdom,GBR,31430,LOC_WPI_31430,NAME_COUNTRY_EXACT,1.0,MATCHED
port1299,Timaru,New Zealand,NZL,55350,LOC_WPI_55350,NAME_COUNTRY_EXACT,1.0,MATCHED
port13,Ajman,United Arab Emirates,ARE,48270,LOC_WPI_48270,NAME_COUNTRY_EXACT,1.0,MATCHED
port130,Bay City,United States,USA,,,AMBIGUOUS_NAME_COUNTRY,,UNRESOLVED
port1300,Tinian,Northern Mariana Islands,MNP,56530,LOC_WPI_56530,NAME_COUNTRY_EXACT,1.0,MATCHED
port1301,Toamasina,Madagascar,MDG,47540,LOC_WPI_47540,NAME_COUNTRY_EXACT,1.0,MATCHED
port1302,Tocopilla,Chile,CHL,14720,LOC_WPI_14720,NAME_COUNTRY_EXACT,1.0,MATCHED
port1303,Tokachi,Japan,JPN,61175,LOC_WPI_61175,NAME_COUNTRY_EXACT,1.0,MATCHED
port1304,Tokuyama,Japan,JPN,61680,LOC_WPI_61680,NAME_COUNTRY_EXACT,1.0,MATCHED
port1305,Tokyo,Japan,JPN,,,NO_NAME_COUNTRY_MATCH,,UNRESOLVED
port1306,Toledo,United States,USA,,,AMBIGUOUS_NAME_COUNTRY,,UNRESOLVED
port1307,Tulear (Toliara),Madagascar,MDG,,,NO_NAME_COUNTRY_MATCH,,UNRESOLVED
port1308,Tomakomai,Japan,JPN,,,NO_NAME_COUNTRY_MATCH,,UNRESOLVED
port1309,Donghae,Korea,KOR,,,NO_NAME_COUNTRY_MATCH,,UNRESOLVED
port131,Bayonne,France,FRA,37230,LOC_WPI_37230,NAME_COUNTRY_EXACT,1.0,MATCHED
port1310,Topolobampo,Mexico,MEX,15830,LOC_WPI_15830,NAME_COUNTRY_EXACT,1.0,MATCHED
port1311,Torneå,Finland,FIN,,,NO_NAME_COUNTRY_MATCH,,UNRESOLVED
port1312,Toronto,Canada,CAN,3000,LOC_WPI_3000,NAME_COUNTRY_EXACT,1.0,MATCHED
port1313,Toros Gubre,Türkiye,TUR,,,NO_NAME_COUNTRY_MATCH,,UNRESOLVED
port1314,Torrevieja,Spain,ESP,38435,LOC_WPI_38435,NAME_COUNTRY_EXACT,1.0,MATCHED
port1315,Townsville,Australia,AUS,53380,LOC_WPI_53380,NAME_COUNTRY_EXACT,1.0,MATCHED
port1316,Trabzon,Türkiye,TUR,,,NO_NAME_COUNTRY_MATCH,,UNRESOLVED
port1317,Trelleborg,Sweden,SWE,24250,LOC_WPI_24250,NAME_COUNTRY_EXACT,1.0,MATCHED
port1318,Trieste,Italy,ITA,40820,LOC_WPI_40820,NAME_COUNTRY_EXACT,1.0,MATCHED
port1319,Trincomalee,Sri Lanka,LKA,,,NO_NAME_COUNTRY_MATCH,,UNRESOLVED
port132,Beirut,Lebanon,LBN,,,NO_NAME_COUNTRY_MATCH,,UNRESOLVED
port1320,Trois Rivieres,Canada,CAN,2210,LOC_WPI_2210,NAME_COUNTRY_EXACT,1.0,MATCHED
port1321,Tromsø,Norway,NOR,,,NO_NAME_COUNTRY_MATCH,,UNRESOLVED
port1322,Trondheim,Norway,NOR,23090,LOC_WPI_23090,NAME_COUNTRY_EXACT,1.0,MATCHED
port1323,Tsingéli,Greece,GRC,42460,LOC_WPI_42460,NAME_COUNTRY_EXACT,1.0,MATCHED
port1324,Tsukumi,Japan,JPN,,,NO_NAME_COUNTRY_MATCH,,UNRESOLVED
port1325,Tsuruga,Japan,JPN,,,NO_NAME_COUNTRY_MATCH,,UNRESOLVED
port1326,Tuapse,Russian Federation,RUS,,,NO_NAME_COUNTRY_MATCH,,UNRESOLVED
port1327,Tuban,Indonesia,IDN,51100,LOC_WPI_51100,NAME_COUNTRY_EXACT,1.0,MATCHED
port1328,Tubarao,Brazil,BRA,12855,LOC_WPI_12855,NAME_COUNTRY_EXACT,1.0,MATCHED
port1329,Tunis,Tunisia,TUN,45430,LOC_WPI_45430,NAME_COUNTRY_EXACT,1.0,MATCHED
port133,Bayuquan,China,CHN,60230,LOC_WPI_60230,NAME_COUNTRY_EXACT,1.0,MATCHED
port1330,Turkmenbashi Port,Turkmenistan,TKM,,,NO_NAME_COUNTRY_MATCH,,UNRESOLVED
port1331,Tuticorin,India,IND,49320,LOC_WPI_49320,NAME_COUNTRY_EXACT,1.0,MATCHED
port1332,Tuxpan,Mexico,MEX,9370,LOC_WPI_9370,NAME_COUNTRY_EXACT,1.0,MATCHED
port1333,Two Harbors,United States,USA,5470,LOC_WPI_5470,NAME_COUNTRY_EXACT,1.0,MATCHED
port1334,Tynemouth,United Kingdom,GBR,31765,LOC_WPI_31765,NAME_COUNTRY_EXACT,1.0,MATCHED
port1335,Ube,Japan,JPN,,,NO_NAME_COUNTRY_MATCH,,UNRESOLVED
port1336,Makassar,Indonesia,IDN,,,NO_NAME_COUNTRY_MATCH,,UNRESOLVED
port1337,Uleelheue,Indonesia,IDN,50600,LOC_WPI_50600,NAME_COUNTRY_EXACT,1.0,MATCHED
port1338,Ulsan,Korea,KOR,,,NO_NAME_COUNTRY_MATCH,,UNRESOLVED
port1339,Umea Hamn,Sweden,SWE,26890,LOC_WPI_26890,NAME_COUNTRY_EXACT,1.0,MATCHED
port134,Beaumont,United States,USA,9140,LOC_WPI_9140,NAME_COUNTRY_EXACT,1.0,MATCHED
port1340,Umm al Qaiwain,United Arab Emirates,ARE,,,NO_NAME_COUNTRY_MATCH,,UNRESOLVED
port1341,Umm Qasr,Iraq,IRQ,48399,LOC_WPI_48399,NAME_COUNTRY_EXACT,1.0,MATCHED
port1342,Doha-Umm Said,Qatar,QAT,,,NO_NAME_COUNTRY_MATCH,,UNRESOLVED
port1343,Uno,Japan,JPN,,,NO_NAME_COUNTRY_MATCH,,UNRESOLVED
port1344,Uturoa,French Polynesia,PYF,55800,LOC_WPI_55800,NAME_COUNTRY_EXACT,1.0,MATCHED
port1345,Uwajima,Japan,JPN,,,NO_NAME_COUNTRY_MATCH,,UNRESOLVED
port1346,Vaasa,Finland,FIN,27650,LOC_WPI_27650,NAME_COUNTRY_EXACT,1.0,MATCHED
port1348,Valencia,Spain,ESP,38480,LOC_WPI_38480,NAME_COUNTRY_EXACT,1.0,MATCHED
port1349,Valletta,Malta,MLT,,,NO_NAME_COUNTRY_MATCH,,UNRESOLVED
port135,Berdyansk,Ukraine,UKR,44000,LOC_WPI_44000,NAME_COUNTRY_EXACT,1.0,MATCHED
port1350,Vancouver,Canada,CAN,18150,LOC_WPI_18150,NAME_COUNTRY_EXACT,1.0,MATCHED
port1351,Vancouver,United States,USA,16950,LOC_WPI_16950,NAME_COUNTRY_EXACT,1.0,MATCHED
port1352,Vanimo,Papua New Guinea,PNG,53282,LOC_WPI_53282,NAME_COUNTRY_EXACT,1.0,MATCHED
port1353,Varberg,Sweden,SWE,24030,LOC_WPI_24030,NAME_COUNTRY_EXACT,1.0,MATCHED
port1354,Varkaus,Finland,FIN,,,NO_NAME_COUNTRY_MATCH,,UNRESOLVED
port1355,Varna,Bulgaria,BGR,43510,LOC_WPI_43510,NAME_COUNTRY_EXACT,1.0,MATCHED
port1356,Västerås,Sweden,SWE,25395,LOC_WPI_25395,NAME_COUNTRY_EXACT,1.0,MATCHED
port1357,Ventspils,Latvia,LVA,28620,LOC_WPI_28620,NAME_COUNTRY_EXACT,1.0,MATCHED
port1358,Veracruz,Mexico,MEX,9380,LOC_WPI_9380,NAME_COUNTRY_EXACT,1.0,MATCHED
port136,Beihai,China,CHN,57750,LOC_WPI_57750,NAME_COUNTRY_EXACT,1.0,MATCHED
port1360,Victoria,Malaysia,MYS,51680,LOC_WPI_51680,NAME_COUNTRY_EXACT,1.0,MATCHED
port1361,Victoria,Seychelles,SYC,47220,LOC_WPI_47220,NAME_COUNTRY_EXACT,1.0,MATCHED
port1362,Vieux Fort,St.  Lucia,LCA,,,NO_NAME_COUNTRY_MATCH,,UNRESOLVED
port1363,Vigo,Spain,ESP,37900,LOC_WPI_37900,NAME_COUNTRY_EXACT,1.0,MATCHED
port1364,Vikanes,Norway,NOR,,,NO_NAME_COUNTRY_MATCH,,UNRESOLVED
port1365,Villagarcia De Arosa,Spain,ESP,37830,LOC_WPI_37830,NAME_COUNTRY_EXACT,1.0,MATCHED
port1366,Villanueva,Philippines,PHL,59725,LOC_WPI_59725,NAME_COUNTRY_EXACT,1.0,MATCHED
port1367,Visakhapatnam,India,IND,,,NO_NAME_COUNTRY_MATCH,,UNRESOLVED
port1368,Vitoria,Brazil,BRA,12850,LOC_WPI_12850,NAME_COUNTRY_EXACT,1.0,MATCHED
port1369,Vladivostok,Russian Federation,RUS,,,NO_NAME_COUNTRY_MATCH,,UNRESOLVED
port137,Beira,Mozambique,MOZ,46890,LOC_WPI_46890,NAME_COUNTRY_EXACT,1.0,MATCHED
port1370,Vlissingen,The Netherlands,NLD,,,NO_NAME_COUNTRY_MATCH,,UNRESOLVED
port1371,Vlora,Albania,ALB,,,NO_NAME_COUNTRY_MATCH,,UNRESOLVED
port1372,Voh,New Caledonia,NCL,,,NO_NAME_COUNTRY_MATCH,,UNRESOLVED
port1373,Volos,Greece,GRC,42470,LOC_WPI_42470,NAME_COUNTRY_EXACT,1.0,MATCHED
port1374,Vostochnyy,Russian Federation,RUS,,,NO_NAME_COUNTRY_MATCH,,UNRESOLVED
port1375,Vung Tau,Vietnam,VNM,57570,LOC_WPI_57570,NAME_COUNTRY_EXACT,1.0,MATCHED
port1376,Vyborg,Russian Federation,RUS,,,NO_NAME_COUNTRY_MATCH,,UNRESOLVED
port1377,Waingapu,Indonesia,IDN,51350,LOC_WPI_51350,NAME_COUNTRY_EXACT,1.0,MATCHED
port1378,Kitakyushu (Wakamatsu),Japan,JPN,,,NO_NAME_COUNTRY_MATCH,,UNRESOLVED
port1379,Wakayama-Shimotsu,Japan,JPN,,,NO_NAME_COUNTRY_MATCH,,UNRESOLVED
port138,Bejaia,Algeria,DZA,45550,LOC_WPI_45550,NAME_COUNTRY_EXACT,1.0,MATCHED
port1380,Wallaroo,Australia,AUS,54280,LOC_WPI_54280,NAME_COUNTRY_EXACT,1.0,MATCHED
port1381,Walvis Bay,Namibia,NAM,46640,LOC_WPI_46640,NAME_COUNTRY_EXACT,1.0,MATCHED
port1382,Warren Point,United Kingdom,GBR,33680,LOC_WPI_33680,NAME_COUNTRY_EXACT,1.0,MATCHED
port1383,Warri,Nigeria,NGA,46170,LOC_WPI_46170,NAME_COUNTRY_EXACT,1.0,MATCHED
port1384,Waterford,Ireland,IRL,34400,LOC_WPI_34400,NAME_COUNTRY_EXACT,1.0,MATCHED
port1385,Weifang Port,China,CHN,,,NO_NAME_COUNTRY_MATCH,,UNRESOLVED
port1386,Weihai,China,CHN,60150,LOC_WPI_60150,NAME_COUNTRY_EXACT,1.0,MATCHED
port1387,Weipa,Australia,AUS,54672,LOC_WPI_54672,NAME_COUNTRY_EXACT,1.0,MATCHED
port1388,Wellington,New Zealand,NZL,55150,LOC_WPI_55150,NAME_COUNTRY_EXACT,1.0,MATCHED
port139,Belawan,Indonesia,IDN,50730,LOC_WPI_50730,NAME_COUNTRY_EXACT,1.0,MATCHED
port1390,Wenzhou,China,CHN,59910,LOC_WPI_59910,NAME_COUNTRY_EXACT,1.0,MATCHED
port1391,Western Port,Australia,AUS,53930,LOC_WPI_53930,NAME_COUNTRY_EXACT,1.0,MATCHED
port1392,Wewak Harbor,Papua New Guinea,PNG,56738,LOC_WPI_56738,NAME_COUNTRY_EXACT,1.0,MATCHED
port1393,Marsden Point,New Zealand,NZL,,,NO_NAME_COUNTRY_MATCH,,UNRESOLVED
port1395,Whyalla,Australia,AUS,54320,LOC_WPI_54320,NAME_COUNTRY_EXACT,1.0,MATCHED
port1396,Wilhelmshaven,Germany,DEU,30910,LOC_WPI_30910,NAME_COUNTRY_EXACT,1.0,MATCHED
port1397,Willemstad,Curaçao,CUW,11810,LOC_WPI_11810,NAME_COUNTRY_EXACT,1.0,MATCHED
port1398,"Wilmington, DE",United States,USA,,,NO_NAME_COUNTRY_MATCH,,UNRESOLVED
port1399,"Wilmington, NC",United States,USA,,,NO_NAME_COUNTRY_MATCH,,UNRESOLVED
port14,Akita,Japan,JPN,,,NO_NAME_COUNTRY_MATCH,,UNRESOLVED
port140,Belém,Brazil,BRA,12490,LOC_WPI_12490,NAME_COUNTRY_EXACT,1.0,MATCHED
port1400,Wisbech,United Kingdom,GBR,31600,LOC_WPI_31600,NAME_COUNTRY_EXACT,1.0,MATCHED
port1401,Wismar,Germany,DEU,28870,LOC_WPI_28870,NAME_COUNTRY_EXACT,1.0,MATCHED
port1402,Workington,United Kingdom,GBR,34610,LOC_WPI_34610,NAME_COUNTRY_EXACT,1.0,MATCHED
port1403,Xiagong,China,CHN,,,NO_NAME_COUNTRY_MATCH,,UNRESOLVED
port1404,Xiamen,China,CHN,57870,LOC_WPI_57870,NAME_COUNTRY_EXACT,1.0,MATCHED
port1405,Xiuyu,China,CHN,57876,LOC_WPI_57876,NAME_COUNTRY_EXACT,1.0,MATCHED
port1406,Yakacik,Türkiye,TUR,,,NO_NAME_COUNTRY_MATCH,,UNRESOLVED
port1407,Yalova,Türkiye,TUR,,,NO_NAME_COUNTRY_MATCH,,UNRESOLVED
port1408,Yanbu (Yanbu city),Saudi Arabia,SAU,,,NO_NAME_COUNTRY_MATCH,,UNRESOLVED
port1409,Yangpu,China,CHN,57817,LOC_WPI_57817,NAME_COUNTRY_EXACT,1.0,MATCHED
port141,Belfast,United Kingdom,GBR,33770,LOC_WPI_33770,NAME_COUNTRY_EXACT,1.0,MATCHED
port1410,Yantai,China,CHN,60160,LOC_WPI_60160,NAME_COUNTRY_EXACT,1.0,MATCHED
port1411,Yatsushiro,Japan,JPN,,,NO_NAME_COUNTRY_MATCH,,UNRESOLVED
port1412,Yawatahama,Japan,JPN,62020,LOC_WPI_62020,NAME_COUNTRY_EXACT,1.0,MATCHED
port1413,Yeysk,Russian Federation,RUS,,,NO_NAME_COUNTRY_MATCH,,UNRESOLVED
port1414,Yantian,China,CHN,57857,LOC_WPI_57857,NAME_COUNTRY_EXACT,1.0,MATCHED
port1415,Yingkou,China,CHN,60220,LOC_WPI_60220,NAME_COUNTRY_EXACT,1.0,MATCHED
port1416,Yokkaichi,Japan,JPN,61490,LOC_WPI_61490,NAME_COUNTRY_EXACT,1.0,MATCHED
port1417,Yokohama,Japan,JPN,,,NO_NAME_COUNTRY_MATCH,,UNRESOLVED
port1418,Yokosuka,Japan,JPN,,,NO_NAME_COUNTRY_MATCH,,UNRESOLVED
port1419,Pivdennyi,Ukraine,UKR,,,NO_NAME_COUNTRY_MATCH,,UNRESOLVED
port142,Belize City,Belize,BLZ,9590,LOC_WPI_9590,NAME_COUNTRY_EXACT,1.0,MATCHED
port1420,Zamboanga,Philippines,PHL,59580,LOC_WPI_59580,NAME_COUNTRY_EXACT,1.0,MATCHED
port1421,Zanzibar,Tanzania,TZA,47050,LOC_WPI_47050,NAME_COUNTRY_EXACT,1.0,MATCHED
port1422,Zarate,Argentina,ARG,13700,LOC_WPI_13700,NAME_COUNTRY_EXACT,1.0,MATCHED
port1423,Zarzis,Tunisia,TUN,45365,LOC_WPI_45365,NAME_COUNTRY_EXACT,1.0,MATCHED
port1424,Zeebrugge,Belgium,BEL,31280,LOC_WPI_31280,NAME_COUNTRY_EXACT,1.0,MATCHED
port1425,Suzhou (Zhangjiagang),China,CHN,,,NO_NAME_COUNTRY_MATCH,,UNRESOLVED
port1426,Zhanjiang,China,CHN,57770,LOC_WPI_57770,NAME_COUNTRY_EXACT,1.0,MATCHED
port1427,Zhapu,China,CHN,59963,LOC_WPI_59963,NAME_COUNTRY_EXACT,1.0,MATCHED
port1428,Zhouliwang,China,CHN,,,NO_NAME_COUNTRY_MATCH,,UNRESOLVED
port1429,Zhoushan,China,CHN,59960,LOC_WPI_59960,NAME_COUNTRY_EXACT,1.0,MATCHED
port143,Bellingham,United States,USA,18050,LOC_WPI_18050,NAME_COUNTRY_EXACT,1.0,MATCHED
port1430,Zonguldak,Türkiye,TUR,,,NO_NAME_COUNTRY_MATCH,,UNRESOLVED
port1431,Palma de Mallorca,Spain,ESP,38630,LOC_WPI_38630,NAME_COUNTRY_EXACT,1.0,MATCHED
port1432,Punta Arenas,Chile,CHL,,,NO_NAME_COUNTRY_MATCH,,UNRESOLVED
port144,Benicia,United States,USA,16470,LOC_WPI_16470,NAME_COUNTRY_EXACT,1.0,MATCHED
port145,Benoa,Indonesia,IDN,,,AMBIGUOUS_NAME_COUNTRY,,UNRESOLVED
port146,Berbera,Somalia,SOM,47820,LOC_WPI_47820,NAME_COUNTRY_EXACT,1.0,MATCHED
port147,Bergen,Norway,NOR,23160,LOC_WPI_23160,NAME_COUNTRY_EXACT,1.0,MATCHED
port148,Big Creek,Belize,BLZ,9598,LOC_WPI_9598,NAME_COUNTRY_EXACT,1.0,MATCHED
port149,Bintulu,Malaysia,MYS,,,NO_NAME_COUNTRY_MATCH,,UNRESOLVED
port15,Ako,Japan,JPN,,,NO_NAME_COUNTRY_MATCH,,UNRESOLVED
port150,Bissau,Guinea-Bissau,GNB,45838,LOC_WPI_45838,NAME_COUNTRY_EXACT,1.0,MATCHED
port151,Bitung,Indonesia,IDN,52065,LOC_WPI_52065,NAME_COUNTRY_EXACT,1.0,MATCHED
port152,Blanglancang,Indonesia,IDN,50652,LOC_WPI_50652,NAME_COUNTRY_EXACT,1.0,MATCHED
port153,Bluff Harbor,New Zealand,NZL,55400,LOC_WPI_55400,NAME_COUNTRY_EXACT,1.0,MATCHED
port154,Huanghua,China,CHN,,,NO_NAME_COUNTRY_MATCH,,UNRESOLVED
port155,Bonny,Nigeria,NGA,46205,LOC_WPI_46205,NAME_COUNTRY_EXACT,1.0,MATCHED
port156,Bontang LNG Terminal,Indonesia,IDN,51811,LOC_WPI_51811,NAME_COUNTRY_EXACT,1.0,MATCHED
port157,Bossaso,Somalia,SOM,,,NO_NAME_COUNTRY_MATCH,,UNRESOLVED
port158,Bordeaux,France,FRA,37190,LOC_WPI_37190,NAME_COUNTRY_EXACT,1.0,MATCHED
port159,Boston,United States,USA,7250,LOC_WPI_7250,NAME_COUNTRY_EXACT,1.0,MATCHED
port16,Aktau Port,Kazakhstan,KAZ,,,NO_NAME_COUNTRY_MATCH,,UNRESOLVED
port160,Boston,United Kingdom,GBR,31630,LOC_WPI_31630,NAME_COUNTRY_EXACT,1.0,MATCHED
port161,Port Botany,Australia,AUS,,,NO_NAME_COUNTRY_MATCH,,UNRESOLVED
port162,Botas,Türkiye,TUR,,,NO_NAME_COUNTRY_MATCH,,UNRESOLVED
port163,Botas Natural Gas Terminal,Türkiye,TUR,,,NO_NAME_COUNTRY_MATCH,,UNRESOLVED
port164,Brades,Montserrat,MSR,,,NO_NAME_COUNTRY_MATCH,,UNRESOLVED
port165,Brake,Germany,DEU,30850,LOC_WPI_30850,NAME_COUNTRY_EXACT,1.0,MATCHED
port166,Porto do Acu,Brazil,BRA,,,NO_NAME_COUNTRY_MATCH,,UNRESOLVED
port167,Bremen,Germany,DEU,30900,LOC_WPI_30900,NAME_COUNTRY_EXACT,1.0,MATCHED
port168,Bremerhaven,Germany,DEU,30810,LOC_WPI_30810,NAME_COUNTRY_EXACT,1.0,MATCHED
port169,Brevik,Norway,NOR,23660,LOC_WPI_23660,NAME_COUNTRY_EXACT,1.0,MATCHED
port17,Akureyri,Iceland,ISL,310,LOC_WPI_310,NAME_COUNTRY_EXACT,1.0,MATCHED
port170,Bridgeport (US-CT),United States,USA,,,NO_NAME_COUNTRY_MATCH,,UNRESOLVED
port171,Bridgetown,Barbados,BRB,11690,LOC_WPI_11690,NAME_COUNTRY_EXACT,1.0,MATCHED
port172,Brighton,Trinidad and Tobago,TTO,11760,LOC_WPI_11760,NAME_COUNTRY_EXACT,1.0,MATCHED
port173,Brindisi,Italy,ITA,40500,LOC_WPI_40500,NAME_COUNTRY_EXACT,1.0,MATCHED
port174,Brisbane,Australia,AUS,53490,LOC_WPI_53490,NAME_COUNTRY_EXACT,1.0,MATCHED
port175,Brofjorden,Sweden,SWE,23950,LOC_WPI_23950,NAME_COUNTRY_EXACT,1.0,MATCHED
port176,Broome,Australia,AUS,54630,LOC_WPI_54630,NAME_COUNTRY_EXACT,1.0,MATCHED
port177,Brownsville (US-PA),United States,USA,,,NO_NAME_COUNTRY_MATCH,,UNRESOLVED
port178,Bruges,Belgium,BEL,31290,LOC_WPI_31290,NAME_COUNTRY_EXACT,1.0,MATCHED
port179,Brunsbuettel,Germany,DEU,,,NO_NAME_COUNTRY_MATCH,,UNRESOLVED
port18,Hudaydah (Hodeidah),Yemen,YEM,,,NO_NAME_COUNTRY_MATCH,,UNRESOLVED
port180,Brunswick,United States,USA,8550,LOC_WPI_8550,NAME_COUNTRY_EXACT,1.0,MATCHED
port181,Buchanan,Liberia,LBR,45950,LOC_WPI_45950,NAME_COUNTRY_EXACT,1.0,MATCHED
port182,Buco,Philippines,PHL,,,NO_NAME_COUNTRY_MATCH,,UNRESOLVED
port183,Buenaventura,Colombia,COL,15370,LOC_WPI_15370,NAME_COUNTRY_EXACT,1.0,MATCHED
port184,Buenos Aires,Argentina,ARG,13760,LOC_WPI_13760,NAME_COUNTRY_EXACT,1.0,MATCHED
port185,Buffington,United States,USA,4770,LOC_WPI_4770,NAME_COUNTRY_EXACT,1.0,MATCHED
port186,Buka,Papua New Guinea,PNG,,,NO_NAME_COUNTRY_MATCH,,UNRESOLVED
port187,Vanino,Russian Federation,RUS,,,NO_NAME_COUNTRY_MATCH,,UNRESOLVED
port189,Bullen Baai,Curaçao,CUW,11820,LOC_WPI_11820,NAME_COUNTRY_EXACT,1.0,MATCHED
port19,Aqaba,Jordan,JOR,,,NO_NAME_COUNTRY_MATCH,,UNRESOLVED
port190,Bunbury,Australia,AUS,54500,LOC_WPI_54500,NAME_COUNTRY_EXACT,1.0,MATCHED
port191,Safaga,Egypt,EGY,,,NO_NAME_COUNTRY_MATCH,,UNRESOLVED
port192,Port Said,Egypt,EGY,,,NO_NAME_COUNTRY_MATCH,,UNRESOLVED
port193,Burgas,Bulgaria,BGR,43500,LOC_WPI_43500,NAME_COUNTRY_EXACT,1.0,MATCHED
port194,Burnie,Australia,AUS,54880,LOC_WPI_54880,NAME_COUNTRY_EXACT,1.0,MATCHED
port195,Burns Harbour,United States,USA,,,NO_NAME_COUNTRY_MATCH,,UNRESOLVED
port196,Bushehr,Iran,IRN,48470,LOC_WPI_48470,NAME_COUNTRY_EXACT,1.0,MATCHED
port197,Butinge Oil Terminal,Lithuania,LTU,28654,LOC_WPI_28654,NAME_COUNTRY_EXACT,1.0,MATCHED
port198,Butuan City,Philippines,PHL,59760,LOC_WPI_59760,NAME_COUNTRY_EXACT,1.0,MATCHED
port2,Aberdeen,United States,USA,17060,LOC_WPI_17060,NAME_COUNTRY_EXACT,1.0,MATCHED
port20,Al Basrah,Iraq,IRQ,48400,LOC_WPI_48400,NAME_COUNTRY_EXACT,1.0,MATCHED
port200,Cabedelo,Brazil,BRA,12710,LOC_WPI_12710,NAME_COUNTRY_EXACT,1.0,MATCHED
port2001,Izmail,Ukraine,UKR,,,NO_NAME_COUNTRY_MATCH,,UNRESOLVED
port2002,Reni,Ukraine,UKR,43925,LOC_WPI_43925,NAME_COUNTRY_EXACT,1.0,MATCHED
port2003,Olvia,Ukraine,UKR,,,NO_NAME_COUNTRY_MATCH,,UNRESOLVED
port2004,Kherson,Ukraine,UKR,43680,LOC_WPI_43680,NAME_COUNTRY_EXACT,1.0,MATCHED
port2005,Giurgiulesti Port,Moldova,MDA,,,NO_NAME_COUNTRY_MATCH,,UNRESOLVED
port2006,Tulcea,Romania,ROU,43572,LOC_WPI_43572,NAME_COUNTRY_EXACT,1.0,MATCHED
port2007,Galati,Romania,ROU,43600,LOC_WPI_43600,NAME_COUNTRY_EXACT,1.0,MATCHED
port2008,Romportmet,Romania,ROU,,,NO_NAME_COUNTRY_MATCH,,UNRESOLVED
port2009,Braila,Romania,ROU,43590,LOC_WPI_43590,NAME_COUNTRY_EXACT,1.0,MATCHED
port201,Cadiz,Spain,ESP,38290,LOC_WPI_38290,NAME_COUNTRY_EXACT,1.0,MATCHED
port2010,Azov,Russian Federation,RUS,,,NO_NAME_COUNTRY_MATCH,,UNRESOLVED
port2011,Otago,New Zealand,NZL,,,NO_NAME_COUNTRY_MATCH,,UNRESOLVED
port2012,Khalifa Bin Salman,Bahrain,BHR,48327,LOC_WPI_48327,NAME_COUNTRY_EXACT,1.0,MATCHED
port2013,Puerto Limon,Costa Rica,CRI,9810,LOC_WPI_9810,NAME_COUNTRY_EXACT,1.0,MATCHED
port2014,Holyhead,United Kingdom,GBR,34770,LOC_WPI_34770,NAME_COUNTRY_EXACT,1.0,MATCHED
port2015,Trapani,Italy,ITA,40150,LOC_WPI_40150,NAME_COUNTRY_EXACT,1.0,MATCHED
port2016,Eilat,Israel,ISR,,,NO_NAME_COUNTRY_MATCH,,UNRESOLVED
port2017,Moji,Japan,JPN,,,NO_NAME_COUNTRY_MATCH,,UNRESOLVED
port2018,Ronne,Denmark,DNK,29110,LOC_WPI_29110,NAME_COUNTRY_EXACT,1.0,MATCHED
port2019,Dongguan,China,CHN,,,NO_NAME_COUNTRY_MATCH,,UNRESOLVED
port202,Cagayan de Oro,Philippines,PHL,59710,LOC_WPI_59710,NAME_COUNTRY_EXACT,1.0,MATCHED
port2020,Nanjing,China,CHN,60000,LOC_WPI_60000,NAME_COUNTRY_EXACT,1.0,MATCHED
port2021,Jiaxing,China,CHN,,,NO_NAME_COUNTRY_MATCH,,UNRESOLVED
port2022,Rosslare,Ireland,IRL,34420,LOC_WPI_34420,NAME_COUNTRY_EXACT,1.0,MATCHED
port2023,Bantry Bay,Ireland,IRL,,,NO_NAME_COUNTRY_MATCH,,UNRESOLVED
port2024,Larne,United Kingdom,GBR,33790,LOC_WPI_33790,NAME_COUNTRY_EXACT,1.0,MATCHED
port2025,Khalifa Port,United Arab Emirates,ARE,,,NO_NAME_COUNTRY_MATCH,,UNRESOLVED
port2026,Hamad Port,Qatar,QAT,,,NO_NAME_COUNTRY_MATCH,,UNRESOLVED
port2027,Shanghai (Yangshan),China,CHN,,,NO_NAME_COUNTRY_MATCH,,UNRESOLVED
port2028,Mawan,China,CHN,,,NO_NAME_COUNTRY_MATCH,,UNRESOLVED
port2029,Dachan Bay,China,CHN,,,NO_NAME_COUNTRY_MATCH,,UNRESOLVED
port203,Cagliari,Italy,ITA,39210,LOC_WPI_39210,NAME_COUNTRY_EXACT,1.0,MATCHED
port2030,Qianhai Bay,China,CHN,,,NO_NAME_COUNTRY_MATCH,,UNRESOLVED
port2031,King Abdullah Port,Saudi Arabia,SAU,,,NO_NAME_COUNTRY_MATCH,,UNRESOLVED
port2032,Posorja,Ecuador,ECU,,,NO_NAME_COUNTRY_MATCH,,UNRESOLVED
port2033,Port of Yeosu,Korea,KOR,,,NO_NAME_COUNTRY_MATCH,,UNRESOLVED
port2034,Yarimca,Türkiye,TUR,,,NO_NAME_COUNTRY_MATCH,,UNRESOLVED
port2035,Itapoa,Brazil,BRA,,,NO_NAME_COUNTRY_MATCH,,UNRESOLVED
port2036,Siam Seaport,Thailand,THA,57461,LOC_WPI_57461,NAME_COUNTRY_EXACT,1.0,MATCHED
port2037,Diliskelesi,Türkiye,TUR,,,NO_NAME_COUNTRY_MATCH,,UNRESOLVED
port2038,Kattupalli,India,IND,,,NO_NAME_COUNTRY_MATCH,,UNRESOLVED
port2039,Hazira,India,IND,48790,LOC_WPI_48790,NAME_COUNTRY_EXACT,1.0,MATCHED
port204,Cairns,Australia,AUS,53340,LOC_WPI_53340,NAME_COUNTRY_EXACT,1.0,MATCHED
port2040,Naha,Japan,JPN,,,NO_NAME_COUNTRY_MATCH,,UNRESOLVED
port2041,Omaezaki,Japan,JPN,,,NO_NAME_COUNTRY_MATCH,,UNRESOLVED
port2042,Chu Lai,Vietnam,VNM,,,NO_NAME_COUNTRY_MATCH,,UNRESOLVED
port2043,Borusan,Türkiye,TUR,,,NO_NAME_COUNTRY_MATCH,,UNRESOLVED
port2044,El Dekheila,Egypt,EGY,,,NO_NAME_COUNTRY_MATCH,,UNRESOLVED
port2045,Porto de Itaguai,Brazil,BRA,,,NO_NAME_COUNTRY_MATCH,,UNRESOLVED
port2046,Vila Do Conde,Brazil,BRA,12491,LOC_WPI_12491,NAME_COUNTRY_EXACT,1.0,MATCHED
port2047,Rades (La Goulette),Tunisia,TUN,,,NO_NAME_COUNTRY_MATCH,,UNRESOLVED
port2048,Almirante,Panama,PAN,9830,LOC_WPI_9830,NAME_COUNTRY_EXACT,1.0,MATCHED
port2049,Ambarli,Türkiye,TUR,,,NO_NAME_COUNTRY_MATCH,,UNRESOLVED
port205,Calabar,Nigeria,NGA,46230,LOC_WPI_46230,NAME_COUNTRY_EXACT,1.0,MATCHED
port2050,Angra Dos Reis,Brazil,BRA,12940,LOC_WPI_12940,NAME_COUNTRY_EXACT,1.0,MATCHED
port2051,Cam Pha,Vietnam,VNM,57710,LOC_WPI_57710,NAME_COUNTRY_EXACT,1.0,MATCHED
port2052,Cape Flattery,Australia,AUS,,,NO_NAME_COUNTRY_MATCH,,UNRESOLVED
port2053,Chicago,United States,USA,4800,LOC_WPI_4800,NAME_COUNTRY_EXACT,1.0,MATCHED
port2054,Coquimbo,Chile,CHL,14570,LOC_WPI_14570,NAME_COUNTRY_EXACT,1.0,MATCHED
port2055,Iloilo,Philippines,PHL,59190,LOC_WPI_59190,NAME_COUNTRY_EXACT,1.0,MATCHED
port2056,Karumba,Australia,AUS,54690,LOC_WPI_54690,NAME_COUNTRY_EXACT,1.0,MATCHED
port2057,Hibikinada,Japan,JPN,62118,LOC_WPI_62118,NAME_COUNTRY_EXACT,1.0,MATCHED
port2058,Launceston,Australia,AUS,54970,LOC_WPI_54970,NAME_COUNTRY_EXACT,1.0,MATCHED
port2059,Melilla,Spain,ESP,,,NO_NAME_COUNTRY_MATCH,,UNRESOLVED
port206,Calais,France,FRA,35750,LOC_WPI_35750,NAME_COUNTRY_EXACT,1.0,MATCHED
port2060,Mina Salman,Bahrain,BHR,48325,LOC_WPI_48325,NAME_COUNTRY_EXACT,1.0,MATCHED
port2061,Mourilyan,Australia,AUS,,,NO_NAME_COUNTRY_MATCH,,UNRESOLVED
port2062,Nanaimo,Canada,CAN,,,NO_NAME_COUNTRY_MATCH,,UNRESOLVED
port2063,Ngqura,South Africa,ZAF,,,NO_NAME_COUNTRY_MATCH,,UNRESOLVED
port2064,Nordenham,Germany,DEU,30840,LOC_WPI_30840,NAME_COUNTRY_EXACT,1.0,MATCHED
port2065,Okrika,Nigeria,NGA,46207,LOC_WPI_46207,NAME_COUNTRY_EXACT,1.0,MATCHED
port2066,Port of Virginia,United States,USA,,,NO_NAME_COUNTRY_MATCH,,UNRESOLVED
port2067,Shuaiba,Kuwait,KWT,,,NO_NAME_COUNTRY_MATCH,,UNRESOLVED
port2068,Stralsund,Germany,DEU,28848,LOC_WPI_28848,NAME_COUNTRY_EXACT,1.0,MATCHED
port2069,Sullom Voe,United Kingdom,GBR,32630,LOC_WPI_32630,NAME_COUNTRY_EXACT,1.0,MATCHED
port207,Kolkata (Syama Prasad Mookerje Port),India,IND,,,NO_NAME_COUNTRY_MATCH,,UNRESOLVED
port2070,Wallhamn,Sweden,SWE,,,NO_NAME_COUNTRY_MATCH,,UNRESOLVED
port2071,Ust-Danube,Ukraine,UKR,,,NO_NAME_COUNTRY_MATCH,,UNRESOLVED
port2072,Port of Skadovsk,Ukraine,UKR,,,NO_NAME_COUNTRY_MATCH,,UNRESOLVED
port2073,Kismayo,Somalia,SOM,,,NO_NAME_COUNTRY_MATCH,,UNRESOLVED
port2074,Jazan,Saudi Arabia,SAU,,,NO_NAME_COUNTRY_MATCH,,UNRESOLVED
port2075,Orkney,United Kingdom,GBR,,,NO_NAME_COUNTRY_MATCH,,UNRESOLVED
port2076,Escravos (Oil Terminal),Nigeria,NGA,46135,LOC_WPI_46135,NAME_COUNTRY_EXACT,1.0,MATCHED
port2077,Bilhorod-Dnistrovskyi,Ukraine,UKR,,,NO_NAME_COUNTRY_MATCH,,UNRESOLVED
port2078,Alexandroupoli,Greece,GRC,42630,LOC_WPI_42630,NAME_COUNTRY_EXACT,1.0,MATCHED
port2079,Gizo,Solomon Islands,SLB,,,NO_NAME_COUNTRY_MATCH,,UNRESOLVED
port208,Caleta Patillos,Chile,CHL,14671,LOC_WPI_14671,NAME_COUNTRY_EXACT,1.0,MATCHED
port2080,Ringgi,Solomon Islands,SLB,,,NO_NAME_COUNTRY_MATCH,,UNRESOLVED
port2081,Savusavu,Fiji,FJI,,,NO_NAME_COUNTRY_MATCH,,UNRESOLVED
port2082,Nabouwalu,Fiji,FJI,,,NO_NAME_COUNTRY_MATCH,,UNRESOLVED
port2083,Lughughi,Solomon Islands,SLB,,,NO_NAME_COUNTRY_MATCH,,UNRESOLVED
port2084,Rennell Island,Solomon Islands,SLB,,,NO_NAME_COUNTRY_MATCH,,UNRESOLVED
port2085,Cat Lai (Saigon New Port),Vietnam,VNM,,,NO_NAME_COUNTRY_MATCH,,UNRESOLVED
port2086,Cherbourg,France,FRA,,,NO_NAME_COUNTRY_MATCH,,UNRESOLVED
port2087,Dundee,United Kingdom,GBR,32170,LOC_WPI_32170,NAME_COUNTRY_EXACT,1.0,MATCHED
port2088,Rosyth,United Kingdom,GBR,31980,LOC_WPI_31980,NAME_COUNTRY_EXACT,1.0,MATCHED
port2089,Kirkcaldy,United Kingdom,GBR,,,NO_NAME_COUNTRY_MATCH,,UNRESOLVED
port209,Calumet Harbor,United States,USA,4790,LOC_WPI_4790,NAME_COUNTRY_EXACT,1.0,MATCHED
port2090,Burntisland,United Kingdom,GBR,32030,LOC_WPI_32030,NAME_COUNTRY_EXACT,1.0,MATCHED
port2091,Methil,United Kingdom,GBR,32070,LOC_WPI_32070,NAME_COUNTRY_EXACT,1.0,MATCHED
port2092,Romano,Albania,ALB,,,NO_NAME_COUNTRY_MATCH,,UNRESOLVED
port2093,Rosales,Argentina,ARG,,,NO_NAME_COUNTRY_MATCH,,UNRESOLVED
port2094,Punta Loyola,Argentina,ARG,,,NO_NAME_COUNTRY_MATCH,,UNRESOLVED
port2095,Del Guazu,Argentina,ARG,,,NO_NAME_COUNTRY_MATCH,,UNRESOLVED
port2096,Wyndham,Australia,AUS,54660,LOC_WPI_54660,NAME_COUNTRY_EXACT,1.0,MATCHED
port2097,South Riding Point,The Bahamas,BHS,9987,LOC_WPI_9987,NAME_COUNTRY_EXACT,1.0,MATCHED
port2098,Guamare,Brazil,BRA,,,NO_NAME_COUNTRY_MATCH,,UNRESOLVED
port2099,Itacoatiara,Brazil,BRA,12540,LOC_WPI_12540,NAME_COUNTRY_EXACT,1.0,MATCHED
port21,Ras Lanuf (Al Burayqah),Libya,LBY,,,NO_NAME_COUNTRY_MATCH,,UNRESOLVED
port210,Campana,Argentina,ARG,13710,LOC_WPI_13710,NAME_COUNTRY_EXACT,1.0,MATCHED
port2100,Limboh,Cameroon,CMR,,,NO_NAME_COUNTRY_MATCH,,UNRESOLVED
port2101,Point Tupper,Canada,CAN,,,NO_NAME_COUNTRY_MATCH,,UNRESOLVED
port2102,Lewisporte,Canada,CAN,1560,LOC_WPI_1560,NAME_COUNTRY_EXACT,1.0,MATCHED
port2103,Gaspe,Canada,CAN,5510,LOC_WPI_5510,NAME_COUNTRY_EXACT,1.0,MATCHED
port2104,Charlottetown,Canada,CAN,5750,LOC_WPI_5750,NAME_COUNTRY_EXACT,1.0,MATCHED
port2105,Holyrood,Canada,CAN,1655,LOC_WPI_1655,NAME_COUNTRY_EXACT,1.0,MATCHED
port2106,Talcahuano,Chile,CHL,14420,LOC_WPI_14420,NAME_COUNTRY_EXACT,1.0,MATCHED
port2107,Guayacan,Chile,CHL,,,NO_NAME_COUNTRY_MATCH,,UNRESOLVED
port2108,Hadera,Israel,ISR,45084,LOC_WPI_45084,NAME_COUNTRY_EXACT,1.0,MATCHED
port2109,Mokha,Yemen,YEM,,,NO_NAME_COUNTRY_MATCH,,UNRESOLVED
port211,Canaport (St. John),Canada,CAN,6545,LOC_WPI_6545,NAME_COUNTRY_EXACT,1.0,MATCHED
port2110,Pulandian,China,CHN,,,NO_NAME_COUNTRY_MATCH,,UNRESOLVED
port2111,Qushan Island,China,CHN,,,NO_NAME_COUNTRY_MATCH,,UNRESOLVED
port2112,Zhuhai,China,CHN,57821,LOC_WPI_57821,NAME_COUNTRY_EXACT,1.0,MATCHED
port2113,Gulei,China,CHN,,,NO_NAME_COUNTRY_MATCH,,UNRESOLVED
port2114,Guangao,China,CHN,,,NO_NAME_COUNTRY_MATCH,,UNRESOLVED
port2115,Luanjiakou,China,CHN,,,NO_NAME_COUNTRY_MATCH,,UNRESOLVED
port2116,Dafeng,China,CHN,,,NO_NAME_COUNTRY_MATCH,,UNRESOLVED
port2117,Lushun,China,CHN,60240,LOC_WPI_60240,NAME_COUNTRY_EXACT,1.0,MATCHED
port2118,Luoyuan,China,CHN,,,NO_NAME_COUNTRY_MATCH,,UNRESOLVED
port2119,Tumaco,Colombia,COL,15360,LOC_WPI_15360,NAME_COUNTRY_EXACT,1.0,MATCHED
port212,Canaveral Harbor,United States,USA,8595,LOC_WPI_8595,NAME_COUNTRY_EXACT,1.0,MATCHED
port2120,Banana,Democratic Republic of the Congo,COD,,,NO_NAME_COUNTRY_MATCH,,UNRESOLVED
port2121,Punta Morales,Costa Rica,CRI,,,NO_NAME_COUNTRY_MATCH,,UNRESOLVED
port2122,Zadar,Croatia,HRV,41220,LOC_WPI_41220,NAME_COUNTRY_EXACT,1.0,MATCHED
port2123,Pula,Croatia,HRV,40960,LOC_WPI_40960,NAME_COUNTRY_EXACT,1.0,MATCHED
port2124,Dhekelia,Cyprus,CYP,44965,LOC_WPI_44965,NAME_COUNTRY_EXACT,1.0,MATCHED
port2125,Stigsnaes,Denmark,DNK,,,NO_NAME_COUNTRY_MATCH,,UNRESOLVED
port2126,La Romana,Dominican Republic,DOM,11020,LOC_WPI_11020,NAME_COUNTRY_EXACT,1.0,MATCHED
port2127,Barahona,Dominican Republic,DOM,,,NO_NAME_COUNTRY_MATCH,,UNRESOLVED
port2128,Puerto Viejo,Dominican Republic,DOM,,,NO_NAME_COUNTRY_MATCH,,UNRESOLVED
port2129,Sidi Kerir,Egypt,EGY,,,NO_NAME_COUNTRY_MATCH,,UNRESOLVED
port213,Dung Quat,Vietnam,VNM,,,NO_NAME_COUNTRY_MATCH,,UNRESOLVED
port2130,Ras Gharib,Egypt,EGY,48020,LOC_WPI_48020,NAME_COUNTRY_EXACT,1.0,MATCHED
port2131,Zeit Bay,Egypt,EGY,,,NO_NAME_COUNTRY_MATCH,,UNRESOLVED
port2132,Ras Shukheir,Egypt,EGY,,,NO_NAME_COUNTRY_MATCH,,UNRESOLVED
port2133,Sillamae,Estonia,EST,28425,LOC_WPI_28425,NAME_COUNTRY_EXACT,1.0,MATCHED
port2134,Runavik,Faroe Islands,FRO,32702,LOC_WPI_32702,NAME_COUNTRY_EXACT,1.0,MATCHED
port2135,Fuglafjordur,Faroe Islands,FRO,32740,LOC_WPI_32740,NAME_COUNTRY_EXACT,1.0,MATCHED
port2136,Berre,France,FRA,,,NO_NAME_COUNTRY_MATCH,,UNRESOLVED
port2137,Antifer,France,FRA,,,NO_NAME_COUNTRY_MATCH,,UNRESOLVED
port2138,Gamba,Gabon,GAB,,,NO_NAME_COUNTRY_MATCH,,UNRESOLVED
port2139,Supsa,Georgia,GEO,,,NO_NAME_COUNTRY_MATCH,,UNRESOLVED
port214,Cap Haitien,Haiti,HTI,10930,LOC_WPI_10930,NAME_COUNTRY_EXACT,1.0,MATCHED
port2140,Stade,Germany,DEU,,,NO_NAME_COUNTRY_MATCH,,UNRESOLVED
port2141,Pachi,Greece,GRC,,,NO_NAME_COUNTRY_MATCH,,UNRESOLVED
port2142,Lavrion,Greece,GRC,,,NO_NAME_COUNTRY_MATCH,,UNRESOLVED
port2143,Chalkis,Greece,GRC,,,NO_NAME_COUNTRY_MATCH,,UNRESOLVED
port2144,Kali Limenes,Greece,GRC,43165,LOC_WPI_43165,NAME_COUNTRY_EXACT,1.0,MATCHED
port2145,Atherinolakos,Greece,GRC,,,NO_NAME_COUNTRY_MATCH,,UNRESOLVED
port2146,Psakhna,Greece,GRC,,,NO_NAME_COUNTRY_MATCH,,UNRESOLVED
port2147,San Nicolas,Greece,GRC,,,NO_NAME_COUNTRY_MATCH,,UNRESOLVED
port2148,Hvalfjordur,Iceland,ISL,,,NO_NAME_COUNTRY_MATCH,,UNRESOLVED
port2149,Helguvik,Iceland,ISL,72,LOC_WPI_72,NAME_COUNTRY_EXACT,1.0,MATCHED
port215,Cape Town,South Africa,ZAF,46770,LOC_WPI_46770,NAME_COUNTRY_EXACT,1.0,MATCHED
port2150,Vizhinjam,India,IND,,,NO_NAME_COUNTRY_MATCH,,UNRESOLVED
port2151,Karwar,India,IND,48990,LOC_WPI_48990,NAME_COUNTRY_EXACT,1.0,MATCHED
port2152,Port Blair,India,IND,49720,LOC_WPI_49720,NAME_COUNTRY_EXACT,1.0,MATCHED
port2153,Karimun,Indonesia,IDN,,,NO_NAME_COUNTRY_MATCH,,UNRESOLVED
port2154,Muntok,Indonesia,IDN,50140,LOC_WPI_50140,NAME_COUNTRY_EXACT,1.0,MATCHED
port2155,Sungai Pakning,Indonesia,IDN,,,NO_NAME_COUNTRY_MATCH,,UNRESOLVED
port2156,Padang,Indonesia,IDN,,,NO_NAME_COUNTRY_MATCH,,UNRESOLVED
port2157,Sabang,Indonesia,IDN,50610,LOC_WPI_50610,NAME_COUNTRY_EXACT,1.0,MATCHED
port2158,Pulau Sambu,Indonesia,IDN,50060,LOC_WPI_50060,NAME_COUNTRY_EXACT,1.0,MATCHED
port2159,Kuala Tanjung,Indonesia,IDN,50518,LOC_WPI_50518,NAME_COUNTRY_EXACT,1.0,MATCHED
port216,Caracasbaai,Curaçao,CUW,11800,LOC_WPI_11800,NAME_COUNTRY_EXACT,1.0,MATCHED
port2160,Bula,Indonesia,IDN,52680,LOC_WPI_52680,NAME_COUNTRY_EXACT,1.0,MATCHED
port2161,Kijing,Indonesia,IDN,,,NO_NAME_COUNTRY_MATCH,,UNRESOLVED
port2162,Amurang,Indonesia,IDN,,,NO_NAME_COUNTRY_MATCH,,UNRESOLVED
port2163,Luwuk,Indonesia,IDN,52220,LOC_WPI_52220,NAME_COUNTRY_EXACT,1.0,MATCHED
port2164,Kharg Island,Iran,IRN,,,NO_NAME_COUNTRY_MATCH,,UNRESOLVED
port2165,Lavan,Iran,IRN,,,NO_NAME_COUNTRY_MATCH,,UNRESOLVED
port2166,Tarbert,Ireland,IRL,34150,LOC_WPI_34150,NAME_COUNTRY_EXACT,1.0,MATCHED
port2167,Santa Panagia,Italy,ITA,40243,LOC_WPI_40243,NAME_COUNTRY_EXACT,1.0,MATCHED
port2168,Falconara,Italy,ITA,,,NO_NAME_COUNTRY_MATCH,,UNRESOLVED
port2169,Vasto,Italy,ITA,40615,LOC_WPI_40615,NAME_COUNTRY_EXACT,1.0,MATCHED
port217,Cardiff,United Kingdom,GBR,35010,LOC_WPI_35010,NAME_COUNTRY_EXACT,1.0,MATCHED
port2170,Gaeta,Italy,ITA,39860,LOC_WPI_39860,NAME_COUNTRY_EXACT,1.0,MATCHED
port2171,Torre Annunziata,Italy,ITA,39990,LOC_WPI_39990,NAME_COUNTRY_EXACT,1.0,MATCHED
port2172,Port Kaiser,Jamaica,JAM,10775,LOC_WPI_10775,NAME_COUNTRY_EXACT,1.0,MATCHED
port2173,Henza Island,Japan,JPN,,,NO_NAME_COUNTRY_MATCH,,UNRESOLVED
port2174,Namikata,Japan,JPN,61664,LOC_WPI_61664,NAME_COUNTRY_EXACT,1.0,MATCHED
port2175,Sasebo,Japan,JPN,62380,LOC_WPI_62380,NAME_COUNTRY_EXACT,1.0,MATCHED
port2176,Kanokawa,Japan,JPN,,,NO_NAME_COUNTRY_MATCH,,UNRESOLVED
port2177,Nakagusukuwan,Japan,JPN,,,NO_NAME_COUNTRY_MATCH,,UNRESOLVED
port2178,Mutsure,Japan,JPN,,,NO_NAME_COUNTRY_MATCH,,UNRESOLVED
port2179,Chofu,Japan,JPN,,,NO_NAME_COUNTRY_MATCH,,UNRESOLVED
port218,Cartagena,Colombia,COL,11910,LOC_WPI_11910,NAME_COUNTRY_EXACT,1.0,MATCHED
port2180,Kinwan,Japan,JPN,,,NO_NAME_COUNTRY_MATCH,,UNRESOLVED
port2181,Saiki,Japan,JPN,,,NO_NAME_COUNTRY_MATCH,,UNRESOLVED
port2182,Owase,Japan,JPN,,,NO_NAME_COUNTRY_MATCH,,UNRESOLVED
port2183,Okpo (Geoje),Korea,KOR,,,NO_NAME_COUNTRY_MATCH,,UNRESOLVED
port2184,Mokpo,Korea,KOR,,,NO_NAME_COUNTRY_MATCH,,UNRESOLVED
port2185,Jinhae,Korea,KOR,,,NO_NAME_COUNTRY_MATCH,,UNRESOLVED
port2186,Chekka,Lebanon,LBN,,,NO_NAME_COUNTRY_MATCH,,UNRESOLVED
port2187,Aamchit,Lebanon,LBN,,,NO_NAME_COUNTRY_MATCH,,UNRESOLVED
port2188,Derna,Libya,LBY,,,NO_NAME_COUNTRY_MATCH,,UNRESOLVED
port2189,Pengerang,Malaysia,MYS,,,NO_NAME_COUNTRY_MATCH,,UNRESOLVED
port219,Cartagena,Spain,ESP,38430,LOC_WPI_38430,NAME_COUNTRY_EXACT,1.0,MATCHED
port2190,Kimanis,Malaysia,MYS,,,NO_NAME_COUNTRY_MATCH,,UNRESOLVED
port2191,Kunak,Malaysia,MYS,,,NO_NAME_COUNTRY_MATCH,,UNRESOLVED
port2192,Tawau,Malaysia,MYS,,,NO_NAME_COUNTRY_MATCH,,UNRESOLVED
port2193,Bijela,Montenegro,MNE,,,NO_NAME_COUNTRY_MATCH,,UNRESOLVED
port2194,Tan Tan,Morocco,MAR,,,NO_NAME_COUNTRY_MATCH,,UNRESOLVED
port2195,Baie De Prony,New Caledonia,NCL,,,NO_NAME_COUNTRY_MATCH,,UNRESOLVED
port2196,Puerto Sandino,Nicaragua,NIC,15545,LOC_WPI_15545,NAME_COUNTRY_EXACT,1.0,MATCHED
port2197,Honningsvag,Norway,NOR,20800,LOC_WPI_20800,NAME_COUNTRY_EXACT,1.0,MATCHED
port2198,Haugesund,Norway,NOR,23440,LOC_WPI_23440,NAME_COUNTRY_EXACT,1.0,MATCHED
port2199,Kirkenes,Norway,NOR,20650,LOC_WPI_20650,NAME_COUNTRY_EXACT,1.0,MATCHED
port22,Al Hamriyah LPG Terminal,United Arab Emirates,ARE,48274,LOC_WPI_48274,NAME_COUNTRY_EXACT,1.0,MATCHED
port220,Casablanca,Morocco,MAR,45793,LOC_WPI_45793,NAME_COUNTRY_EXACT,1.0,MATCHED
port2200,Taboguilla,Panama,PAN,,,NO_NAME_COUNTRY_MATCH,,UNRESOLVED
port2201,Bialla,Papua New Guinea,PNG,56840,LOC_WPI_56840,NAME_COUNTRY_EXACT,1.0,MATCHED
port2202,Pisco (General San Martin),Peru,PER,,,NO_NAME_COUNTRY_MATCH,,UNRESOLVED
port2203,La Pampilla,Peru,PER,,,NO_NAME_COUNTRY_MATCH,,UNRESOLVED
port2204,Eten,Peru,PER,,,NO_NAME_COUNTRY_MATCH,,UNRESOLVED
port2205,Mollendo,Peru,PER,,,NO_NAME_COUNTRY_MATCH,,UNRESOLVED
port2206,Supe,Peru,PER,,,NO_NAME_COUNTRY_MATCH,,UNRESOLVED
port2207,Isabel,Philippines,PHL,58795,LOC_WPI_58795,NAME_COUNTRY_EXACT,1.0,MATCHED
port2208,Amlan,Philippines,PHL,,,NO_NAME_COUNTRY_MATCH,,UNRESOLVED
port2209,Calaca,Philippines,PHL,,,NO_NAME_COUNTRY_MATCH,,UNRESOLVED
port221,Castries,St.  Lucia,LCA,,,NO_NAME_COUNTRY_MATCH,,UNRESOLVED
port2210,Balayan,Philippines,PHL,,,NO_NAME_COUNTRY_MATCH,,UNRESOLVED
port2211,Porto Santo,Portugal,PRT,,,NO_NAME_COUNTRY_MATCH,,UNRESOLVED
port2212,Ponce,Puerto Rico,PRI,,,NO_NAME_COUNTRY_MATCH,,UNRESOLVED
port2213,Mangalia,Romania,ROU,43550,LOC_WPI_43550,NAME_COUNTRY_EXACT,1.0,MATCHED
port2214,Slavyanka,Russian Federation,RUS,,,NO_NAME_COUNTRY_MATCH,,UNRESOLVED
port2215,Sabetta,Russian Federation,RUS,,,NO_NAME_COUNTRY_MATCH,,UNRESOLVED
port2216,Petropavlovsk-Kamchatskiy,Russian Federation,RUS,,,NO_NAME_COUNTRY_MATCH,,UNRESOLVED
port2217,Ras Al Khafji,Saudi Arabia,SAU,48349,LOC_WPI_48349,NAME_COUNTRY_EXACT,1.0,MATCHED
port2218,Shuqaiq,Saudi Arabia,SAU,,,NO_NAME_COUNTRY_MATCH,,UNRESOLVED
port2219,Salif,Yemen,YEM,48152,LOC_WPI_48152,NAME_COUNTRY_EXACT,1.0,MATCHED
port222,Catania,Italy,ITA,40270,LOC_WPI_40270,NAME_COUNTRY_EXACT,1.0,MATCHED
port2220,Mossel Bay,South Africa,ZAF,46800,LOC_WPI_46800,NAME_COUNTRY_EXACT,1.0,MATCHED
port2221,Rota,Spain,ESP,38280,LOC_WPI_38280,NAME_COUNTRY_EXACT,1.0,MATCHED
port2222,Mahon,Spain,ESP,38690,LOC_WPI_38690,NAME_COUNTRY_EXACT,1.0,MATCHED
port2223,San Ciprian,Spain,ESP,37690,LOC_WPI_37690,NAME_COUNTRY_EXACT,1.0,MATCHED
port2224,Galle,Sri Lanka,LKA,,,NO_NAME_COUNTRY_MATCH,,UNRESOLVED
port2225,Bashayer,Sudan,SDN,,,NO_NAME_COUNTRY_MATCH,,UNRESOLVED
port2226,Landskrona,Sweden,SWE,24180,LOC_WPI_24180,NAME_COUNTRY_EXACT,1.0,MATCHED
port2227,Tartous,Syria,SYR,,,NO_NAME_COUNTRY_MATCH,,UNRESOLVED
port2228,Baniyas,Syria,SYR,45005,LOC_WPI_45005,NAME_COUNTRY_EXACT,1.0,MATCHED
port2229,Anping,Taiwan Province of China,TWN,,,NO_NAME_COUNTRY_MATCH,,UNRESOLVED
port223,Moa,Cuba,CUB,,,NO_NAME_COUNTRY_MATCH,,UNRESOLVED
port2230,Suao,Taiwan Province of China,TWN,,,NO_NAME_COUNTRY_MATCH,,UNRESOLVED
port2231,Tanga,Tanzania,TZA,47030,LOC_WPI_47030,NAME_COUNTRY_EXACT,1.0,MATCHED
port2232,Mtwara,Tanzania,TZA,46975,LOC_WPI_46975,NAME_COUNTRY_EXACT,1.0,MATCHED
port2233,Canakkale,Türkiye,TUR,,,NO_NAME_COUNTRY_MATCH,,UNRESOLVED
port2234,Feodosiya,Ukraine,UKR,43850,LOC_WPI_43850,NAME_COUNTRY_EXACT,1.0,MATCHED
port2235,Zirku Island,United Arab Emirates,ARE,,,NO_NAME_COUNTRY_MATCH,,UNRESOLVED
port2236,Jebel Dhanna,United Arab Emirates,ARE,,,NO_NAME_COUNTRY_MATCH,,UNRESOLVED
port2237,Das Island,United Arab Emirates,ARE,,,NO_NAME_COUNTRY_MATCH,,UNRESOLVED
port2238,Hound Point,United Kingdom,GBR,,,NO_NAME_COUNTRY_MATCH,,UNRESOLVED
port2239,Flotta,United Kingdom,GBR,,,NO_NAME_COUNTRY_MATCH,,UNRESOLVED
port224,Cebu,Philippines,PHL,58960,LOC_WPI_58960,NAME_COUNTRY_EXACT,1.0,MATCHED
port2240,Douglas,United Kingdom,GBR,,,NO_NAME_COUNTRY_MATCH,,UNRESOLVED
port2241,Cromarty,United Kingdom,GBR,32340,LOC_WPI_32340,NAME_COUNTRY_EXACT,1.0,MATCHED
port2242,Macduff,United Kingdom,GBR,32250,LOC_WPI_32250,NAME_COUNTRY_EXACT,1.0,MATCHED
port2243,Loch Striven,United Kingdom,GBR,,,NO_NAME_COUNTRY_MATCH,,UNRESOLVED
port2244,Faslane,United Kingdom,GBR,33400,LOC_WPI_33400,NAME_COUNTRY_EXACT,1.0,MATCHED
port2245,Ras Isa Terminal,Yemen,YEM,,,NO_NAME_COUNTRY_MATCH,,UNRESOLVED
port2246,Campbeltown,United Kingdom,GBR,33300,LOC_WPI_33300,NAME_COUNTRY_EXACT,1.0,MATCHED
port2247,Delaware,United States,USA,,,NO_NAME_COUNTRY_MATCH,,UNRESOLVED
port2248,Rodeo,United States,USA,,,NO_NAME_COUNTRY_MATCH,,UNRESOLVED
port2249,Erie,United States,USA,3450,LOC_WPI_3450,NAME_COUNTRY_EXACT,1.0,MATCHED
port225,Chaguaramas,Trinidad and Tobago,TTO,11710,LOC_WPI_11710,NAME_COUNTRY_EXACT,1.0,MATCHED
port2250,Key West,United States,USA,8660,LOC_WPI_8660,NAME_COUNTRY_EXACT,1.0,MATCHED
port2251,Nikiski,United States,USA,19795,LOC_WPI_19795,NAME_COUNTRY_EXACT,1.0,MATCHED
port2252,Marcus Hook,United States,USA,8070,LOC_WPI_8070,NAME_COUNTRY_EXACT,1.0,MATCHED
port2253,Kalama,United States,USA,16920,LOC_WPI_16920,NAME_COUNTRY_EXACT,1.0,MATCHED
port2254,Albany,United States,USA,7720,LOC_WPI_7720,NAME_COUNTRY_EXACT,1.0,MATCHED
port2255,Manchester,United States,USA,,,NO_NAME_COUNTRY_MATCH,,UNRESOLVED
port2256,Dutch Harbor,United States,USA,20120,LOC_WPI_20120,NAME_COUNTRY_EXACT,1.0,MATCHED
port2257,Punta Pereira,Uruguay,URY,,,NO_NAME_COUNTRY_MATCH,,UNRESOLVED
port2258,Nueva Palmira,Uruguay,URY,13150,LOC_WPI_13150,NAME_COUNTRY_EXACT,1.0,MATCHED
port2259,Fray Bentos,Uruguay,URY,13160,LOC_WPI_13160,NAME_COUNTRY_EXACT,1.0,MATCHED
port226,Chabahar,Iran,IRN,,,NO_NAME_COUNTRY_MATCH,,UNRESOLVED
port2260,Catia La Mar,Venezuela,VEN,12145,LOC_WPI_12145,NAME_COUNTRY_EXACT,1.0,MATCHED
port2261,La Salina,Venezuela,VEN,12025,LOC_WPI_12025,NAME_COUNTRY_EXACT,1.0,MATCHED
port2262,Van Phong,Vietnam,VNM,,,NO_NAME_COUNTRY_MATCH,,UNRESOLVED
port2263,Ash Shihr,Yemen,YEM,,,NO_NAME_COUNTRY_MATCH,,UNRESOLVED
port2264,Rudum Terminal,Yemen,YEM,48214,LOC_WPI_48214,NAME_COUNTRY_EXACT,1.0,MATCHED
port2265,Conneaut,United States,USA,3460,LOC_WPI_3460,NAME_COUNTRY_EXACT,1.0,MATCHED
port2266,Fairless Hills,United States,USA,,,NO_NAME_COUNTRY_MATCH,,UNRESOLVED
port2267,Longview,United States,USA,16900,LOC_WPI_16900,NAME_COUNTRY_EXACT,1.0,MATCHED
port2268,Ashtabula,United States,USA,3470,LOC_WPI_3470,NAME_COUNTRY_EXACT,1.0,MATCHED
port2269,Fairport,United States,USA,3480,LOC_WPI_3480,NAME_COUNTRY_EXACT,1.0,MATCHED
port227,Suzhou (Changshu),China,CHN,,,NO_NAME_COUNTRY_MATCH,,UNRESOLVED
port2270,Monroe,United States,USA,3570,LOC_WPI_3570,NAME_COUNTRY_EXACT,1.0,MATCHED
port2271,Garacad,Somalia,SOM,,,NO_NAME_COUNTRY_MATCH,,UNRESOLVED
port2272,Chancay,Peru,PER,14970,LOC_WPI_14970,NAME_COUNTRY_EXACT,1.0,MATCHED
port2273,Fernandina,United States,USA,,,NO_NAME_COUNTRY_MATCH,,UNRESOLVED
port2274,Madero,Mexico,MEX,,,NO_NAME_COUNTRY_MATCH,,UNRESOLVED
port2275,Deseado,Argentina,ARG,,,NO_NAME_COUNTRY_MATCH,,UNRESOLVED
port2276,San Antonio Este,Argentina,ARG,,,NO_NAME_COUNTRY_MATCH,,UNRESOLVED
port2277,Chacabuco,Chile,CHL,,,NO_NAME_COUNTRY_MATCH,,UNRESOLVED
port2278,San Andres,Colombia,COL,,,NO_NAME_COUNTRY_MATCH,,UNRESOLVED
port2279,Cumarebo,Venezuela,VEN,,,NO_NAME_COUNTRY_MATCH,,UNRESOLVED
port228,Changzhou,China,CHN,59986,LOC_WPI_59986,NAME_COUNTRY_EXACT,1.0,MATCHED
port2280,Guaranao,Venezuela,VEN,,,NO_NAME_COUNTRY_MATCH,,UNRESOLVED
port2281,Guanta,Venezuela,VEN,12200,LOC_WPI_12200,NAME_COUNTRY_EXACT,1.0,MATCHED
port2282,Uusikaupunki,Finland,FIN,27790,LOC_WPI_27790,NAME_COUNTRY_EXACT,1.0,MATCHED
port2283,Moerdijk,The Netherlands,NLD,,,NO_NAME_COUNTRY_MATCH,,UNRESOLVED
port2284,Jeju,Korea,KOR,,,NO_NAME_COUNTRY_MATCH,,UNRESOLVED
port2285,Seogwipo,Korea,KOR,,,NO_NAME_COUNTRY_MATCH,,UNRESOLVED
port2286,Wando,Korea,KOR,,,NO_NAME_COUNTRY_MATCH,,UNRESOLVED
port2287,Zhongshan,China,CHN,,,NO_NAME_COUNTRY_MATCH,,UNRESOLVED
port2288,Ushuaia,Argentina,ARG,13980,LOC_WPI_13980,NAME_COUNTRY_EXACT,1.0,MATCHED
port2289,Abashiri,Japan,JPN,,,NO_NAME_COUNTRY_MATCH,,UNRESOLVED
port229,Chaozhou,China,CHN,57862,LOC_WPI_57862,NAME_COUNTRY_EXACT,1.0,MATCHED
port2290,Aburatsu,Japan,JPN,,,NO_NAME_COUNTRY_MATCH,,UNRESOLVED
port2291,Al Hoceima,Morocco,MAR,,,NO_NAME_COUNTRY_MATCH,,UNRESOLVED
port2292,Beppu,Japan,JPN,62150,LOC_WPI_62150,NAME_COUNTRY_EXACT,1.0,MATCHED
port2293,Biak,Indonesia,IDN,,,NO_NAME_COUNTRY_MATCH,,UNRESOLVED
port2294,Bunati,Indonesia,IDN,,,NO_NAME_COUNTRY_MATCH,,UNRESOLVED
port2295,Cesme,Türkiye,TUR,,,NO_NAME_COUNTRY_MATCH,,UNRESOLVED
port2296,Fukue,Japan,JPN,,,NO_NAME_COUNTRY_MATCH,,UNRESOLVED
port2297,Funagawa,Japan,JPN,,,NO_NAME_COUNTRY_MATCH,,UNRESOLVED
port2298,Gonoura,Japan,JPN,,,NO_NAME_COUNTRY_MATCH,,UNRESOLVED
port2299,Gopalpur,India,IND,49500,LOC_WPI_49500,NAME_COUNTRY_EXACT,1.0,MATCHED
port23,Alexandria,Egypt,EGY,,,NO_NAME_COUNTRY_MATCH,,UNRESOLVED
port230,Charco Azul,Panama,PAN,15427,LOC_WPI_15427,NAME_COUNTRY_EXACT,1.0,MATCHED
port2300,PLTU Nagan Raya,Indonesia,IDN,,,NO_NAME_COUNTRY_MATCH,,UNRESOLVED
port2301,Hidaka,Japan,JPN,,,NO_NAME_COUNTRY_MATCH,,UNRESOLVED
port2302,Hirara,Japan,JPN,,,NO_NAME_COUNTRY_MATCH,,UNRESOLVED
port2303,Imari,Japan,JPN,62400,LOC_WPI_62400,NAME_COUNTRY_EXACT,1.0,MATCHED
port2304,Ishigaki,Japan,JPN,62520,LOC_WPI_62520,NAME_COUNTRY_EXACT,1.0,MATCHED
port2305,Izuhara,Japan,JPN,62440,LOC_WPI_62440,NAME_COUNTRY_EXACT,1.0,MATCHED
port2306,Jetty Coalindo,Indonesia,IDN,,,NO_NAME_COUNTRY_MATCH,,UNRESOLVED
port2307,Sakarya (Karasu),Türkiye,TUR,,,NO_NAME_COUNTRY_MATCH,,UNRESOLVED
port2308,Sendai,Japan,JPN,,,NO_NAME_COUNTRY_MATCH,,UNRESOLVED
port2309,Kenitra,Morocco,MAR,45785,LOC_WPI_45785,NAME_COUNTRY_EXACT,1.0,MATCHED
port231,Charleston,United States,USA,8500,LOC_WPI_8500,NAME_COUNTRY_EXACT,1.0,MATCHED
port2310,Xishengxu,China,CHN,,,NO_NAME_COUNTRY_MATCH,,UNRESOLVED
port2311,Kuji,Japan,JPN,,,NO_NAME_COUNTRY_MATCH,,UNRESOLVED
port2312,Kumamoto,Japan,JPN,,,NO_NAME_COUNTRY_MATCH,,UNRESOLVED
port2313,La Libertad,El Salvador,SLV,,,NO_NAME_COUNTRY_MATCH,,UNRESOLVED
port2314,Miike,Japan,JPN,,,NO_NAME_COUNTRY_MATCH,,UNRESOLVED
port2315,"Misumi, Kumamoto",Japan,JPN,,,NO_NAME_COUNTRY_MATCH,,UNRESOLVED
port2316,"Misumi, Shimane",Japan,JPN,,,NO_NAME_COUNTRY_MATCH,,UNRESOLVED
port2317,Miyako,Japan,JPN,61290,LOC_WPI_61290,NAME_COUNTRY_EXACT,1.0,MATCHED
port2318,Miyazaki,Japan,JPN,,,NO_NAME_COUNTRY_MATCH,,UNRESOLVED
port2319,Monbetsu,Japan,JPN,,,NO_NAME_COUNTRY_MATCH,,UNRESOLVED
port232,Charlestown,St.  Kitts and Nevis,KNA,,,NO_NAME_COUNTRY_MATCH,,UNRESOLVED
port2320,Mutsu-Ogawara,Japan,JPN,,,NO_NAME_COUNTRY_MATCH,,UNRESOLVED
port2321,Nakatsu,Japan,JPN,,,NO_NAME_COUNTRY_MATCH,,UNRESOLVED
port2322,Naze,Japan,JPN,,,NO_NAME_COUNTRY_MATCH,,UNRESOLVED
port2323,Nemuro,Japan,JPN,,,NO_NAME_COUNTRY_MATCH,,UNRESOLVED
port2324,Nishinoomote,Japan,JPN,,,NO_NAME_COUNTRY_MATCH,,UNRESOLVED
port2325,North Abaco,The Bahamas,BHS,,,NO_NAME_COUNTRY_MATCH,,UNRESOLVED
port2326,Ogi,Japan,JPN,,,NO_NAME_COUNTRY_MATCH,,UNRESOLVED
port2327,Okayama,Japan,JPN,,,NO_NAME_COUNTRY_MATCH,,UNRESOLVED
port2328,Tuzla (Pendik),Türkiye,TUR,,,NO_NAME_COUNTRY_MATCH,,UNRESOLVED
port2329,Plaquemines,United States,USA,,,NO_NAME_COUNTRY_MATCH,,UNRESOLVED
port233,Charlotte,United States Virgin Islands,VIR,,,NO_NAME_COUNTRY_MATCH,,UNRESOLVED
port2330,Port Rhoades,Jamaica,JAM,,,NO_NAME_COUNTRY_MATCH,,UNRESOLVED
port2331,Porto Sul,Brazil,BRA,,,NO_NAME_COUNTRY_MATCH,,UNRESOLVED
port2332,Rocky Point,Jamaica,JAM,10773,LOC_WPI_10773,NAME_COUNTRY_EXACT,1.0,MATCHED
port2333,Rugao,China,CHN,,,NO_NAME_COUNTRY_MATCH,,UNRESOLVED
port2334,Ryotsu,Japan,JPN,,,NO_NAME_COUNTRY_MATCH,,UNRESOLVED
port2335,Safi Atlantique,Morocco,MAR,,,NO_NAME_COUNTRY_MATCH,,UNRESOLVED
port2336,Saigo,Japan,JPN,,,NO_NAME_COUNTRY_MATCH,,UNRESOLVED
port2337,Shimonoseki,Japan,JPN,61700,LOC_WPI_61700,NAME_COUNTRY_EXACT,1.0,MATCHED
port2338,Soma,Japan,JPN,61353,LOC_WPI_61353,NAME_COUNTRY_EXACT,1.0,MATCHED
port2339,Sukumowan,Japan,JPN,,,NO_NAME_COUNTRY_MATCH,,UNRESOLVED
port234,Chatham,United Kingdom,GBR,,,NO_NAME_COUNTRY_MATCH,,UNRESOLVED
port2340,Taixing,China,CHN,,,NO_NAME_COUNTRY_MATCH,,UNRESOLVED
port2341,Tasucu,Türkiye,TUR,,,NO_NAME_COUNTRY_MATCH,,UNRESOLVED
port2342,Tottori,Japan,JPN,,,NO_NAME_COUNTRY_MATCH,,UNRESOLVED
port2343,Toyo,Japan,JPN,,,NO_NAME_COUNTRY_MATCH,,UNRESOLVED
port2344,Tuna,India,IND,,,NO_NAME_COUNTRY_MATCH,,UNRESOLVED
port2345,Unten,Japan,JPN,,,NO_NAME_COUNTRY_MATCH,,UNRESOLVED
port2346,Wahana Jetty,Indonesia,IDN,,,NO_NAME_COUNTRY_MATCH,,UNRESOLVED
port2347,Wakkanai,Japan,JPN,61260,LOC_WPI_61260,NAME_COUNTRY_EXACT,1.0,MATCHED
port2348,Xieqiao,China,CHN,,,NO_NAME_COUNTRY_MATCH,,UNRESOLVED
port2349,Yangzhou,China,CHN,59988,LOC_WPI_59988,NAME_COUNTRY_EXACT,1.0,MATCHED
port235,Chennai (Madras),India,IND,49450,LOC_WPI_49450,NAME_COUNTRY_EXACT,1.0,MATCHED
port2350,Yihua,China,CHN,,,NO_NAME_COUNTRY_MATCH,,UNRESOLVED
port2351,Zhenjiang,China,CHN,59995,LOC_WPI_59995,NAME_COUNTRY_EXACT,1.0,MATCHED
port2352,Zhenjiang New Area,China,CHN,,,NO_NAME_COUNTRY_MATCH,,UNRESOLVED
port2353,Areia Branca,Brazil,BRA,,,NO_NAME_COUNTRY_MATCH,,UNRESOLVED
port2354,Carinhoso,Brazil,BRA,,,NO_NAME_COUNTRY_MATCH,,UNRESOLVED
port2355,Coari,Brazil,BRA,,,NO_NAME_COUNTRY_MATCH,,UNRESOLVED
port2356,Concepcion del Uruguay,Argentina,ARG,13740,LOC_WPI_13740,NAME_COUNTRY_EXACT,1.0,MATCHED
port2357,Correa,Brazil,BRA,,,NO_NAME_COUNTRY_MATCH,,UNRESOLVED
port2358,Estaleiro Jurong,Brazil,BRA,,,NO_NAME_COUNTRY_MATCH,,UNRESOLVED
port2359,Itahum,Brazil,BRA,,,NO_NAME_COUNTRY_MATCH,,UNRESOLVED
port236,Cherry Point,United States,USA,18055,LOC_WPI_18055,NAME_COUNTRY_EXACT,1.0,MATCHED
port2360,Itaituba,Brazil,BRA,,,NO_NAME_COUNTRY_MATCH,,UNRESOLVED
port2361,Juruti,Brazil,BRA,,,NO_NAME_COUNTRY_MATCH,,UNRESOLVED
port2362,Munguba,Brazil,BRA,,,NO_NAME_COUNTRY_MATCH,,UNRESOLVED
port2363,Murtinho,Brazil,BRA,,,NO_NAME_COUNTRY_MATCH,,UNRESOLVED
port2364,Norte Capixaba,Brazil,BRA,,,NO_NAME_COUNTRY_MATCH,,UNRESOLVED
port2365,Osorio,Brazil,BRA,,,NO_NAME_COUNTRY_MATCH,,UNRESOLVED
port2366,Pelotas,Brazil,BRA,13070,LOC_WPI_13070,NAME_COUNTRY_EXACT,1.0,MATCHED
port2367,Paracuru,Brazil,BRA,,,NO_NAME_COUNTRY_MATCH,,UNRESOLVED
port2368,Ponta Ubu,Brazil,BRA,,,NO_NAME_COUNTRY_MATCH,,UNRESOLVED
port2369,Porto Velho,Brazil,BRA,,,NO_NAME_COUNTRY_MATCH,,UNRESOLVED
port237,Chester,United States,USA,8080,LOC_WPI_8080,NAME_COUNTRY_EXACT,1.0,MATCHED
port2370,Portuário Novo Remanso,Brazil,BRA,,,NO_NAME_COUNTRY_MATCH,,UNRESOLVED
port2371,Santana,Brazil,BRA,,,NO_NAME_COUNTRY_MATCH,,UNRESOLVED
port2372,Santarem,Brazil,BRA,12510,LOC_WPI_12510,NAME_COUNTRY_EXACT,1.0,MATCHED
port2373,Trombetas,Brazil,BRA,,,NO_NAME_COUNTRY_MATCH,,UNRESOLVED
port2375,Boryeong LNG Terminal,Korea,KOR,,,NO_NAME_COUNTRY_MATCH,,UNRESOLVED
port2376,Chugoku Yanai LNG Terminal,Japan,JPN,,,NO_NAME_COUNTRY_MATCH,,UNRESOLVED
port2377,Costa Azul LNG Terminal,Mexico,MEX,,,NO_NAME_COUNTRY_MATCH,,UNRESOLVED
port2378,Dhabol LNG Terminal,India,IND,,,NO_NAME_COUNTRY_MATCH,,UNRESOLVED
port2379,Dominion Cove Point,United States,USA,,,NO_NAME_COUNTRY_MATCH,,UNRESOLVED
port238,Keelung,Taiwan Province of China,TWN,,,NO_NAME_COUNTRY_MATCH,,UNRESOLVED
port2380,Donggi Senoro LNG Terminal,Indonesia,IDN,,,NO_NAME_COUNTRY_MATCH,,UNRESOLVED
port2381,Dongguan LNG Terminal,China,CHN,,,NO_NAME_COUNTRY_MATCH,,UNRESOLVED
port2382,Escobar LNG Terminal,Argentina,ARG,,,NO_NAME_COUNTRY_MATCH,,UNRESOLVED
port2383,Guangdong Dapeng LNG Terminal,China,CHN,,,NO_NAME_COUNTRY_MATCH,,UNRESOLVED
port2384,Pagbilao LNG Terminal,Philippines,PHL,,,NO_NAME_COUNTRY_MATCH,,UNRESOLVED
port2385,Peru LNG Terminal,Peru,PER,,,NO_NAME_COUNTRY_MATCH,,UNRESOLVED
port2386,Revithoussa LNG Terminal,Greece,GRC,,,NO_NAME_COUNTRY_MATCH,,UNRESOLVED
port2387,Rudong Jiangsu LNG Terminal,China,CHN,,,NO_NAME_COUNTRY_MATCH,,UNRESOLVED
port2388,Sabine Pass,United States,USA,9060,LOC_WPI_9060,NAME_COUNTRY_EXACT,1.0,MATCHED
port2389,Samalaju,Malaysia,MYS,,,NO_NAME_COUNTRY_MATCH,,UNRESOLVED
port239,Chiba,Japan,JPN,,,NO_NAME_COUNTRY_MATCH,,UNRESOLVED
port2390,Samcheok LNG Terminal,Korea,KOR,,,NO_NAME_COUNTRY_MATCH,,UNRESOLVED
port2391,Tongyeong LNG Terminal,Korea,KOR,,,NO_NAME_COUNTRY_MATCH,,UNRESOLVED
port2392,Yemen LNG Terminal,Yemen,YEM,,,NO_NAME_COUNTRY_MATCH,,UNRESOLVED
port2393,Yuedong LNG Terminal,China,CHN,,,NO_NAME_COUNTRY_MATCH,,UNRESOLVED
port2394,Yung-An LNG Terminal,Taiwan Province of China,TWN,,,NO_NAME_COUNTRY_MATCH,,UNRESOLVED
port2395,Bacolod,Philippines,PHL,,,NO_NAME_COUNTRY_MATCH,,UNRESOLVED
port2396,Christiansted,United States Virgin Islands,VIR,,,NO_NAME_COUNTRY_MATCH,,UNRESOLVED
port2397,Egersund,Norway,NOR,23490,LOC_WPI_23490,NAME_COUNTRY_EXACT,1.0,MATCHED
port2398,Fusa,Norway,NOR,,,NO_NAME_COUNTRY_MATCH,,UNRESOLVED
port2399,Futong,Indonesia,IDN,,,NO_NAME_COUNTRY_MATCH,,UNRESOLVED
port24,Jubail,Saudi Arabia,SAU,,,NO_NAME_COUNTRY_MATCH,,UNRESOLVED
port240,Chiriquí Grande,Panama,PAN,9825,LOC_WPI_9825,NAME_COUNTRY_EXACT,1.0,MATCHED
port2400,Greenock,United Kingdom,GBR,33390,LOC_WPI_33390,NAME_COUNTRY_EXACT,1.0,MATCHED
port2401,Guangzhou (Huangpu),China,CHN,,,NO_NAME_COUNTRY_MATCH,,UNRESOLVED
port2402,Kodiak,United States,USA,19820,LOC_WPI_19820,NAME_COUNTRY_EXACT,1.0,MATCHED
port2403,Lekki,Nigeria,NGA,,,NO_NAME_COUNTRY_MATCH,,UNRESOLVED
port2404,Mar del Plata,Argentina,ARG,13780,LOC_WPI_13780,NAME_COUNTRY_EXACT,1.0,MATCHED
port2405,Nghi Son,Vietnam,VNM,,,NO_NAME_COUNTRY_MATCH,,UNRESOLVED
port2406,Pozzallo,Italy,ITA,40230,LOC_WPI_40230,NAME_COUNTRY_EXACT,1.0,MATCHED
port2407,Turbo,Colombia,COL,11880,LOC_WPI_11880,NAME_COUNTRY_EXACT,1.0,MATCHED
port2408,Basse Terre,Guadeloupe,GLP,11460,LOC_WPI_11460,NAME_COUNTRY_EXACT,1.0,MATCHED
port2409,Borkum,Germany,DEU,,,NO_NAME_COUNTRY_MATCH,,UNRESOLVED
port241,Chittagong,Bangladesh,BGD,49590,LOC_WPI_49590,NAME_COUNTRY_EXACT,1.0,MATCHED
port2410,El Sauzal,Mexico,MEX,,,NO_NAME_COUNTRY_MATCH,,UNRESOLVED
port2411,Funchal,Portugal,PRT,38130,LOC_WPI_38130,NAME_COUNTRY_EXACT,1.0,MATCHED
port2412,Gonghyeonjin,Korea,KOR,,,NO_NAME_COUNTRY_MATCH,,UNRESOLVED
port2413,Gushan,China,CHN,,,NO_NAME_COUNTRY_MATCH,,UNRESOLVED
port2414,Haiyan,China,CHN,,,NO_NAME_COUNTRY_MATCH,,UNRESOLVED
port2415,Huangdun,China,CHN,,,NO_NAME_COUNTRY_MATCH,,UNRESOLVED
port2416,Iquitos,Peru,PER,12570,LOC_WPI_12570,NAME_COUNTRY_EXACT,1.0,MATCHED
port2417,King Island,Australia,AUS,,,NO_NAME_COUNTRY_MATCH,,UNRESOLVED
port2418,Kyrenia,Cyprus,CYP,44900,LOC_WPI_44900,NAME_COUNTRY_EXACT,1.0,MATCHED
port2419,Morelos,Mexico,MEX,,,NO_NAME_COUNTRY_MATCH,,UNRESOLVED
port242,Chiwan,China,CHN,57818,LOC_WPI_57818,NAME_COUNTRY_EXACT,1.0,MATCHED
port2420,Santa Fe,Argentina,ARG,13560,LOC_WPI_13560,NAME_COUNTRY_EXACT,1.0,MATCHED
port2421,Taizhou (Damaiyu),China,CHN,,,NO_NAME_COUNTRY_MATCH,,UNRESOLVED
port2422,Taizhou (Jiantiao),China,CHN,,,NO_NAME_COUNTRY_MATCH,,UNRESOLVED
port2423,Taizhou (Wenling),China,CHN,,,NO_NAME_COUNTRY_MATCH,,UNRESOLVED
port2424,Toumen,China,CHN,,,NO_NAME_COUNTRY_MATCH,,UNRESOLVED
port2425,Wischhafen,Germany,DEU,,,NO_NAME_COUNTRY_MATCH,,UNRESOLVED
port2426,Yueqing,China,CHN,,,NO_NAME_COUNTRY_MATCH,,UNRESOLVED
port2427,Dapilon,Guinea,GIN,,,NO_NAME_COUNTRY_MATCH,,UNRESOLVED
port2428,Katougouma,Guinea,GIN,,,NO_NAME_COUNTRY_MATCH,,UNRESOLVED
port2429,Taressa,Guinea,GIN,,,NO_NAME_COUNTRY_MATCH,,UNRESOLVED
port2430,Alang,India,IND,,,NO_NAME_COUNTRY_MATCH,,UNRESOLVED
port2431,Anadyr,Russian Federation,RUS,,,NO_NAME_COUNTRY_MATCH,,UNRESOLVED
port2432,Awajikoryunotsubasa,Japan,JPN,,,NO_NAME_COUNTRY_MATCH,,UNRESOLVED
port2433,BOPEC terminal,"Bonaire,  Saint Eustatius and Saba",BES,,,NO_NAME_COUNTRY_MATCH,,UNRESOLVED
port2434,Blyth,United Kingdom,GBR,31820,LOC_WPI_31820,NAME_COUNTRY_EXACT,1.0,MATCHED
port2435,Bronka,Russian Federation,RUS,,,NO_NAME_COUNTRY_MATCH,,UNRESOLVED
port2436,Chemainus,Canada,CAN,,,NO_NAME_COUNTRY_MATCH,,UNRESOLVED
port2437,Corner Brook,Canada,CAN,1830,LOC_WPI_1830,NAME_COUNTRY_EXACT,1.0,MATCHED
port2438,Crofton,Canada,CAN,18570,LOC_WPI_18570,NAME_COUNTRY_EXACT,1.0,MATCHED
port2439,Egvekinot,Russian Federation,RUS,,,NO_NAME_COUNTRY_MATCH,,UNRESOLVED
port244,Cienfuegos,Cuba,CUB,10540,LOC_WPI_10540,NAME_COUNTRY_EXACT,1.0,MATCHED
port2440,Fall River,United States,USA,7400,LOC_WPI_7400,NAME_COUNTRY_EXACT,1.0,MATCHED
port2441,Fecamp,France,FRA,35830,LOC_WPI_35830,NAME_COUNTRY_EXACT,1.0,MATCHED
port2442,Fort Bay,"Bonaire,  Saint Eustatius and Saba",BES,,,NO_NAME_COUNTRY_MATCH,,UNRESOLVED
port2443,Jiuzhou,China,CHN,,,NO_NAME_COUNTRY_MATCH,,UNRESOLVED
port2444,Kholmsk,Russian Federation,RUS,,,NO_NAME_COUNTRY_MATCH,,UNRESOLVED
port2445,Kitimat,Canada,CAN,18925,LOC_WPI_18925,NAME_COUNTRY_EXACT,1.0,MATCHED
port2446,Kronshtadt,Russian Federation,RUS,,,NO_NAME_COUNTRY_MATCH,,UNRESOLVED
port2447,Kumai,Indonesia,IDN,51920,LOC_WPI_51920,NAME_COUNTRY_EXACT,1.0,MATCHED
port2448,Le Verdon,France,FRA,37120,LOC_WPI_37120,NAME_COUNTRY_EXACT,1.0,MATCHED
port2449,Lerwick,United Kingdom,GBR,32600,LOC_WPI_32600,NAME_COUNTRY_EXACT,1.0,MATCHED
port245,Cilacap,Indonesia,IDN,51220,LOC_WPI_51220,NAME_COUNTRY_EXACT,1.0,MATCHED
port2450,Macapa,Brazil,BRA,,,NO_NAME_COUNTRY_MATCH,,UNRESOLVED
port2451,Magadan,Russian Federation,RUS,,,NO_NAME_COUNTRY_MATCH,,UNRESOLVED
port2452,Matane,Canada,CAN,1990,LOC_WPI_1990,NAME_COUNTRY_EXACT,1.0,MATCHED
port2453,Morebaya,Guinea,GIN,,,NO_NAME_COUNTRY_MATCH,,UNRESOLVED
port2454,Newhaven,United Kingdom,GBR,,,NO_NAME_COUNTRY_MATCH,,UNRESOLVED
port2455,Okgye,Korea,KOR,,,NO_NAME_COUNTRY_MATCH,,UNRESOLVED
port2456,Pensacola,United States,USA,8760,LOC_WPI_8760,NAME_COUNTRY_EXACT,1.0,MATCHED
port2457,Pevek,Russian Federation,RUS,,,NO_NAME_COUNTRY_MATCH,,UNRESOLVED
port2458,Port Mellon,Canada,CAN,18235,LOC_WPI_18235,NAME_COUNTRY_EXACT,1.0,MATCHED
port2459,Port Vendres,France,FRA,38720,LOC_WPI_38720,NAME_COUNTRY_EXACT,1.0,MATCHED
port246,Cirebon,Indonesia,IDN,51010,LOC_WPI_51010,NAME_COUNTRY_EXACT,1.0,MATCHED
port2460,Provideniya,Russian Federation,RUS,,,NO_NAME_COUNTRY_MATCH,,UNRESOLVED
port2461,Pulau Bunyu,Indonesia,IDN,,,NO_NAME_COUNTRY_MATCH,,UNRESOLVED
port2462,Salem,United States,USA,7225,LOC_WPI_7225,NAME_COUNTRY_EXACT,1.0,MATCHED
port2463,Santa Rosalia,Mexico,MEX,15870,LOC_WPI_15870,NAME_COUNTRY_EXACT,1.0,MATCHED
port2464,Saraylar,Türkiye,TUR,,,NO_NAME_COUNTRY_MATCH,,UNRESOLVED
port2465,Scrabster,United Kingdom,GBR,,,NO_NAME_COUNTRY_MATCH,,UNRESOLVED
port2466,Sebastopol,Ukraine,UKR,,,NO_NAME_COUNTRY_MATCH,,UNRESOLVED
port2467,Sochi,Russian Federation,RUS,,,NO_NAME_COUNTRY_MATCH,,UNRESOLVED
port2468,Sorel,Canada,CAN,2220,LOC_WPI_2220,NAME_COUNTRY_EXACT,1.0,MATCHED
port2469,Squamish,Canada,CAN,,,NO_NAME_COUNTRY_MATCH,,UNRESOLVED
port247,Civitavecchia,Italy,ITA,39810,LOC_WPI_39810,NAME_COUNTRY_EXACT,1.0,MATCHED
port2470,Swansea,United Kingdom,GBR,34950,LOC_WPI_34950,NAME_COUNTRY_EXACT,1.0,MATCHED
port2471,Termini Imerese,Italy,ITA,40120,LOC_WPI_40120,NAME_COUNTRY_EXACT,1.0,MATCHED
port2472,Ternate,Indonesia,IDN,52510,LOC_WPI_52510,NAME_COUNTRY_EXACT,1.0,MATCHED
port2473,Toulon,France,FRA,38870,LOC_WPI_38870,NAME_COUNTRY_EXACT,1.0,MATCHED
port2474,Tual,Indonesia,IDN,,,NO_NAME_COUNTRY_MATCH,,UNRESOLVED
port2475,Weitou,China,CHN,,,NO_NAME_COUNTRY_MATCH,,UNRESOLVED
port2476,Zarubino,Russian Federation,RUS,,,NO_NAME_COUNTRY_MATCH,,UNRESOLVED
port2477,Abadan,Iran,IRN,48430,LOC_WPI_48430,NAME_COUNTRY_EXACT,1.0,MATCHED
port2478,Bahregan,Iran,IRN,,,NO_NAME_COUNTRY_MATCH,,UNRESOLVED
port2479,Basrah Oil Terminal,Iraq,IRQ,,,NO_NAME_COUNTRY_MATCH,,UNRESOLVED
port248,Clarkson,Canada,CAN,3015,LOC_WPI_3015,NAME_COUNTRY_EXACT,1.0,MATCHED
port2480,Calcasieu Pass LNG Terminal,United States,USA,,,NO_NAME_COUNTRY_MATCH,,UNRESOLVED
port2481,Chhara LNG Terminal,India,IND,,,NO_NAME_COUNTRY_MATCH,,UNRESOLVED
port2482,Egyptian LNG Terminal,Egypt,EGY,,,NO_NAME_COUNTRY_MATCH,,UNRESOLVED
port2483,Guangzhou Nansha LNG Terminal,China,CHN,,,NO_NAME_COUNTRY_MATCH,,UNRESOLVED
port2484,Gulf of Saros FSRU,Türkiye,TUR,,,NO_NAME_COUNTRY_MATCH,,UNRESOLVED
port2485,Huizhou LNG Terminal,China,CHN,,,NO_NAME_COUNTRY_MATCH,,UNRESOLVED
port2486,Jask,Iran,IRN,48540,LOC_WPI_48540,NAME_COUNTRY_EXACT,1.0,MATCHED
port2487,Kiyanly LNG Terminal,Turkmenistan,TKM,,,NO_NAME_COUNTRY_MATCH,,UNRESOLVED
port2488,Kollsnes LNG Terminal,Norway,NOR,,,NO_NAME_COUNTRY_MATCH,,UNRESOLVED
port2489,Krk,Croatia,HRV,,,NO_NAME_COUNTRY_MATCH,,UNRESOLVED
port249,Cleveland,United States,USA,3490,LOC_WPI_3490,NAME_COUNTRY_EXACT,1.0,MATCHED
port2490,LNG Canada Terminal,Canada,CAN,,,NO_NAME_COUNTRY_MATCH,,UNRESOLVED
port2491,Liuheng LNG Terminal,China,CHN,,,NO_NAME_COUNTRY_MATCH,,UNRESOLVED
port2492,Lysekil LNG Terminal,Sweden,SWE,,,NO_NAME_COUNTRY_MATCH,,UNRESOLVED
port2493,Mina Al Zour,Kuwait,KWT,,,NO_NAME_COUNTRY_MATCH,,UNRESOLVED
port2494,Mosjoen LNG Terminal,Norway,NOR,,,NO_NAME_COUNTRY_MATCH,,UNRESOLVED
port2495,Mowi LNG Terminal,United Kingdom,GBR,,,NO_NAME_COUNTRY_MATCH,,UNRESOLVED
port2496,Nagasaki LNG Terminal,Japan,JPN,,,NO_NAME_COUNTRY_MATCH,,UNRESOLVED
port2497,Nakagusuku LNG Terminal,Japan,JPN,,,NO_NAME_COUNTRY_MATCH,,UNRESOLVED
port2498,Paldiski FSRU,Estonia,EST,,,NO_NAME_COUNTRY_MATCH,,UNRESOLVED
port2499,Portovaya LNG Terminal,Russian Federation,RUS,,,NO_NAME_COUNTRY_MATCH,,UNRESOLVED
port25,Shuwaikh,Kuwait,KWT,,,NO_NAME_COUNTRY_MATCH,,UNRESOLVED
port2500,Qidong,China,CHN,,,NO_NAME_COUNTRY_MATCH,,UNRESOLVED
port2501,Snurrevarden,Norway,NOR,,,NO_NAME_COUNTRY_MATCH,,UNRESOLVED
port2502,Taoyuan LNG Terminal,Taiwan Province of China,TWN,,,NO_NAME_COUNTRY_MATCH,,UNRESOLVED
port2503,Utrenny LNG terminal,Russian Federation,RUS,,,NO_NAME_COUNTRY_MATCH,,UNRESOLVED
port2504,Wenzhou Huagang,China,CHN,,,NO_NAME_COUNTRY_MATCH,,UNRESOLVED
port2505,Wenzhou LNG Terminal,China,CHN,,,NO_NAME_COUNTRY_MATCH,,UNRESOLVED
port2506,Woodfibre LNG Terminal,Canada,CAN,,,NO_NAME_COUNTRY_MATCH,,UNRESOLVED
port2507,Yancheng,China,CHN,,,NO_NAME_COUNTRY_MATCH,,UNRESOLVED
port2508,Zhangzhou LNG Terminal,China,CHN,,,NO_NAME_COUNTRY_MATCH,,UNRESOLVED
port251,Clifton Pier,The Bahamas,BHS,9995,LOC_WPI_9995,NAME_COUNTRY_EXACT,1.0,MATCHED
port252,Coatzacoalcos,Mexico,MEX,9405,LOC_WPI_9405,NAME_COUNTRY_EXACT,1.0,MATCHED
port253,Coles Bay Oil Terminal,Sint Maarten,SXM,11372,LOC_WPI_11372,NAME_COUNTRY_EXACT,1.0,MATCHED
port254,Colombo,Sri Lanka,LKA,49240,LOC_WPI_49240,NAME_COUNTRY_EXACT,1.0,MATCHED
port255,Yap,Micronesia,FSM,,,NO_NAME_COUNTRY_MATCH,,UNRESOLVED
port256,Whiffen Head,Canada,CAN,,,NO_NAME_COUNTRY_MATCH,,UNRESOLVED
port257,Comodoro Rivadavia,Argentina,ARG,13920,LOC_WPI_13920,NAME_COUNTRY_EXACT,1.0,MATCHED
port258,Conakry,Guinea,GIN,45855,LOC_WPI_45855,NAME_COUNTRY_EXACT,1.0,MATCHED
port259,Conchan Oil Terminal,Peru,PER,14940,LOC_WPI_14940,NAME_COUNTRY_EXACT,1.0,MATCHED
port26,Latakia,Syria,SYR,,,NO_NAME_COUNTRY_MATCH,,UNRESOLVED
port260,Constantza,Romania,ROU,,,NO_NAME_COUNTRY_MATCH,,UNRESOLVED
port261,Corinto,Nicaragua,NIC,15550,LOC_WPI_15550,NAME_COUNTRY_EXACT,1.0,MATCHED
port262,Cork,Ireland,IRL,34360,LOC_WPI_34360,NAME_COUNTRY_EXACT,1.0,MATCHED
port263,Coronel,Chile,CHL,14400,LOC_WPI_14400,NAME_COUNTRY_EXACT,1.0,MATCHED
port264,Corpus Christi,United States,USA,9300,LOC_WPI_9300,NAME_COUNTRY_EXACT,1.0,MATCHED
port265,Cotonou,Benin,BEN,46110,LOC_WPI_46110,NAME_COUNTRY_EXACT,1.0,MATCHED
port266,Covenas Offshore Term.,Colombia,COL,11901,LOC_WPI_11901,NAME_COUNTRY_EXACT,1.0,MATCHED
port267,Ceuta,Spain,ESP,45730,LOC_WPI_45730,NAME_COUNTRY_EXACT,1.0,MATCHED
port268,Cuxhaven,Germany,DEU,30800,LOC_WPI_30800,NAME_COUNTRY_EXACT,1.0,MATCHED
port269,Da Nang,Vietnam,VNM,57650,LOC_WPI_57650,NAME_COUNTRY_EXACT,1.0,MATCHED
port27,Mukalla,Yemen,YEM,,,NO_NAME_COUNTRY_MATCH,,UNRESOLVED
port270,Daesan,Korea,KOR,,,NO_NAME_COUNTRY_MATCH,,UNRESOLVED
port271,Dahej,India,IND,48674,LOC_WPI_48674,NAME_COUNTRY_EXACT,1.0,MATCHED
port272,Dakar,Senegal,SEN,45820,LOC_WPI_45820,NAME_COUNTRY_EXACT,1.0,MATCHED
port273,Dalian,China,CHN,60250,LOC_WPI_60250,NAME_COUNTRY_EXACT,1.0,MATCHED
port274,Damietta,Egypt,EGY,45151,LOC_WPI_45151,NAME_COUNTRY_EXACT,1.0,MATCHED
port275,Dammam,Saudi Arabia,SAU,48335,LOC_WPI_48335,NAME_COUNTRY_EXACT,1.0,MATCHED
port276,Dampier,Australia,AUS,54605,LOC_WPI_54605,NAME_COUNTRY_EXACT,1.0,MATCHED
port277,Dandong,China,CHN,60233,LOC_WPI_60233,NAME_COUNTRY_EXACT,1.0,MATCHED
port278,Dar Es Salaam,Tanzania,TZA,47010,LOC_WPI_47010,NAME_COUNTRY_EXACT,1.0,MATCHED
port279,Daru,Papua New Guinea,PNG,53150,LOC_WPI_53150,NAME_COUNTRY_EXACT,1.0,MATCHED
port28,Albany,Australia,AUS,54470,LOC_WPI_54470,NAME_COUNTRY_EXACT,1.0,MATCHED
port280,Darwin,Australia,AUS,54670,LOC_WPI_54670,NAME_COUNTRY_EXACT,1.0,MATCHED
port281,Davao,Philippines,PHL,59430,LOC_WPI_59430,NAME_COUNTRY_EXACT,1.0,MATCHED
port282,Davisville Depot,United States,USA,7440,LOC_WPI_7440,NAME_COUNTRY_EXACT,1.0,MATCHED
port283,De Kastri,Russian Federation,RUS,,,NO_NAME_COUNTRY_MATCH,,UNRESOLVED
port284,Degrad Des Cannes,French Guiana,GUF,12455,LOC_WPI_12455,NAME_COUNTRY_EXACT,1.0,MATCHED
port285,Delfzijl,The Netherlands,NLD,,,NO_NAME_COUNTRY_MATCH,,UNRESOLVED
port286,Delta Terminal,Türkiye,TUR,,,NO_NAME_COUNTRY_MATCH,,UNRESOLVED
port287,Derince (Izmit-Kocaeli),Türkiye,TUR,,,NO_NAME_COUNTRY_MATCH,,UNRESOLVED
port288,Devonport,Australia,AUS,54920,LOC_WPI_54920,NAME_COUNTRY_EXACT,1.0,MATCHED
port289,Dhaka,Bangladesh,BGD,,,NO_NAME_COUNTRY_MATCH,,UNRESOLVED
port29,Aalborg,Denmark,DNK,,,NO_NAME_COUNTRY_MATCH,,UNRESOLVED
port290,Dhamra Port,India,IND,,,NO_NAME_COUNTRY_MATCH,,UNRESOLVED
port291,Vassiliko,Cyprus,CYP,,,NO_NAME_COUNTRY_MATCH,,UNRESOLVED
port292,Dili,Timor-Leste,TLS,51440,LOC_WPI_51440,NAME_COUNTRY_EXACT,1.0,MATCHED
port293,Djen Djen,Algeria,DZA,45525,LOC_WPI_45525,NAME_COUNTRY_EXACT,1.0,MATCHED
port294,Djibouti,Djibouti,DJI,47850,LOC_WPI_47850,NAME_COUNTRY_EXACT,1.0,MATCHED
port295,Djúpivogur,Iceland,ISL,465,LOC_WPI_465,NAME_COUNTRY_EXACT,1.0,MATCHED
port296,Djupviken,Norway,NOR,23058,LOC_WPI_23058,NAME_COUNTRY_EXACT,1.0,MATCHED
port297,Donggala,Indonesia,IDN,52350,LOC_WPI_52350,NAME_COUNTRY_EXACT,1.0,MATCHED
port298,Dos Bocas Terminal,Mexico,MEX,9425,LOC_WPI_9425,NAME_COUNTRY_EXACT,1.0,MATCHED
port299,Douala,Cameroon,CMR,46280,LOC_WPI_46280,NAME_COUNTRY_EXACT,1.0,MATCHED
port3,Aberdeen,United Kingdom,GBR,32220,LOC_WPI_32220,NAME_COUNTRY_EXACT,1.0,MATCHED
port30,Ålesund,Norway,NOR,23120,LOC_WPI_23120,NAME_COUNTRY_EXACT,1.0,MATCHED
port301,Dover,United Kingdom,GBR,,,NO_NAME_COUNTRY_MATCH,,UNRESOLVED
port302,Drammen,Norway,NOR,23780,LOC_WPI_23780,NAME_COUNTRY_EXACT,1.0,MATCHED
port303,Drogheda,Ireland,IRL,34025,LOC_WPI_34025,NAME_COUNTRY_EXACT,1.0,MATCHED
port304,Duba (Port of Neom),Saudi Arabia,SAU,,,NO_NAME_COUNTRY_MATCH,,UNRESOLVED
port305,Duba Bulk Plant Tanker Terminal,Saudi Arabia,SAU,48108,LOC_WPI_48108,NAME_COUNTRY_EXACT,1.0,MATCHED
port306,Dubai,United Arab Emirates,ARE,,,NO_NAME_COUNTRY_MATCH,,UNRESOLVED
port307,Dublin,Ireland,IRL,34480,LOC_WPI_34480,NAME_COUNTRY_EXACT,1.0,MATCHED
port308,Dudinka,Russian Federation,RUS,,,NO_NAME_COUNTRY_MATCH,,UNRESOLVED
port309,Dumai,Indonesia,IDN,50785,LOC_WPI_50785,NAME_COUNTRY_EXACT,1.0,MATCHED
port31,Algeciras,Spain,ESP,38310,LOC_WPI_38310,NAME_COUNTRY_EXACT,1.0,MATCHED
port310,Dunkirk,France,FRA,,,NO_NAME_COUNTRY_MATCH,,UNRESOLVED
port311,Durban,South Africa,ZAF,46850,LOC_WPI_46850,NAME_COUNTRY_EXACT,1.0,MATCHED
port312,Durres,Albania,ALB,41670,LOC_WPI_41670,NAME_COUNTRY_EXACT,1.0,MATCHED
port314,EL Segundo,United States,USA,16110,LOC_WPI_16110,NAME_COUNTRY_EXACT,1.0,MATCHED
port315,East London,South Africa,ZAF,46830,LOC_WPI_46830,NAME_COUNTRY_EXACT,1.0,MATCHED
port316,Eemshaven,The Netherlands,NLD,,,NO_NAME_COUNTRY_MATCH,,UNRESOLVED
port317,El Grao,Spain,ESP,38500,LOC_WPI_38500,NAME_COUNTRY_EXACT,1.0,MATCHED
port318,El Guamache,Venezuela,VEN,12230,LOC_WPI_12230,NAME_COUNTRY_EXACT,1.0,MATCHED
port319,Jorf Lasfar,Morocco,MAR,,,NO_NAME_COUNTRY_MATCH,,UNRESOLVED
port32,Alger,Algeria,DZA,45570,LOC_WPI_45570,NAME_COUNTRY_EXACT,1.0,MATCHED
port320,El Palito,Venezuela,VEN,12115,LOC_WPI_12115,NAME_COUNTRY_EXACT,1.0,MATCHED
port321,Al Adabiyah,Egypt,EGY,,,NO_NAME_COUNTRY_MATCH,,UNRESOLVED
port322,Eleusis,Greece,GRC,,,NO_NAME_COUNTRY_MATCH,,UNRESOLVED
port323,Emden,Germany,DEU,30950,LOC_WPI_30950,NAME_COUNTRY_EXACT,1.0,MATCHED
port324,Empire,United States,USA,16740,LOC_WPI_16740,NAME_COUNTRY_EXACT,1.0,MATCHED
port325,Ende,Indonesia,IDN,51340,LOC_WPI_51340,NAME_COUNTRY_EXACT,1.0,MATCHED
port326,Ensenada,Mexico,MEX,15990,LOC_WPI_15990,NAME_COUNTRY_EXACT,1.0,MATCHED
port327,Eregli,Türkiye,TUR,,,NO_NAME_COUNTRY_MATCH,,UNRESOLVED
port328,Esbjerg,Denmark,DNK,30640,LOC_WPI_30640,NAME_COUNTRY_EXACT,1.0,MATCHED
port329,Eskifjordhur,Iceland,ISL,430,LOC_WPI_430,NAME_COUNTRY_EXACT,1.0,MATCHED
port33,Aliaga,Türkiye,TUR,,,NO_NAME_COUNTRY_MATCH,,UNRESOLVED
port330,Esmeraldas,Ecuador,ECU,15330,LOC_WPI_15330,NAME_COUNTRY_EXACT,1.0,MATCHED
port331,Esperance,Australia,AUS,54450,LOC_WPI_54450,NAME_COUNTRY_EXACT,1.0,MATCHED
port332,Gibraltar,Gibraltar,GIB,,,NO_NAME_COUNTRY_MATCH,,UNRESOLVED
port333,Everett (US-WA),United States,USA,,,NO_NAME_COUNTRY_MATCH,,UNRESOLVED
port334,Ez Zueitina,Libya,LBY,45290,LOC_WPI_45290,NAME_COUNTRY_EXACT,1.0,MATCHED
port335,Falkenberg,Sweden,SWE,24040,LOC_WPI_24040,NAME_COUNTRY_EXACT,1.0,MATCHED
port336,Falmouth,Jamaica,JAM,10620,LOC_WPI_10620,NAME_COUNTRY_EXACT,1.0,MATCHED
port337,Falmouth Harbour,United Kingdom,GBR,35290,LOC_WPI_35290,NAME_COUNTRY_EXACT,1.0,MATCHED
port338,Famagusta,Cyprus,CYP,44970,LOC_WPI_44970,NAME_COUNTRY_EXACT,1.0,MATCHED
port339,Fangcheng,China,CHN,,,NO_NAME_COUNTRY_MATCH,,UNRESOLVED
port34,Alicante,Spain,ESP,38440,LOC_WPI_38440,NAME_COUNTRY_EXACT,1.0,MATCHED
port340,Ehoala,Madagascar,MDG,,,NO_NAME_COUNTRY_MATCH,,UNRESOLVED
port342,Fawley,United Kingdom,GBR,,,NO_NAME_COUNTRY_MATCH,,UNRESOLVED
port343,Felixstowe,United Kingdom,GBR,31560,LOC_WPI_31560,NAME_COUNTRY_EXACT,1.0,MATCHED
port344,Ferrol,Spain,ESP,37740,LOC_WPI_37740,NAME_COUNTRY_EXACT,1.0,MATCHED
port345,Figueira Da Foz,Portugal,PRT,37980,LOC_WPI_37980,NAME_COUNTRY_EXACT,1.0,MATCHED
port346,Finnart Oil Terminal,United Kingdom,GBR,33405,LOC_WPI_33405,NAME_COUNTRY_EXACT,1.0,MATCHED
port347,Finnsnes,Norway,NOR,21490,LOC_WPI_21490,NAME_COUNTRY_EXACT,1.0,MATCHED
port348,Flekkefjord,Norway,NOR,,,NO_NAME_COUNTRY_MATCH,,UNRESOLVED
port349,Florø,Norway,NOR,,,NO_NAME_COUNTRY_MATCH,,UNRESOLVED
port35,Almeria,Spain,ESP,38390,LOC_WPI_38390,NAME_COUNTRY_EXACT,1.0,MATCHED
port350,Fort De France,Martinique,MTQ,11550,LOC_WPI_11550,NAME_COUNTRY_EXACT,1.0,MATCHED
port351,Fos,France,FRA,38775,LOC_WPI_38775,NAME_COUNTRY_EXACT,1.0,MATCHED
port352,Fourchon,United States,USA,,,NO_NAME_COUNTRY_MATCH,,UNRESOLVED
port353,Foynes,Ireland,IRL,34130,LOC_WPI_34130,NAME_COUNTRY_EXACT,1.0,MATCHED
port354,Fredericia,Denmark,DNK,30170,LOC_WPI_30170,NAME_COUNTRY_EXACT,1.0,MATCHED
port355,Frederikshavn,Denmark,DNK,30430,LOC_WPI_30430,NAME_COUNTRY_EXACT,1.0,MATCHED
port356,Fredrikstad,Norway,NOR,23840,LOC_WPI_23840,NAME_COUNTRY_EXACT,1.0,MATCHED
port357,Freeport,The Bahamas,BHS,9985,LOC_WPI_9985,NAME_COUNTRY_EXACT,1.0,MATCHED
port358,Freeport (US-FL),United States,USA,,,NO_NAME_COUNTRY_MATCH,,UNRESOLVED
port359,Frederiksvaerk,Denmark,DNK,29410,LOC_WPI_29410,NAME_COUNTRY_EXACT,1.0,MATCHED
port360,Freetown,Sierra Leone,SLE,45862,LOC_WPI_45862,NAME_COUNTRY_EXACT,1.0,MATCHED
port361,Fremantle,Australia,AUS,54520,LOC_WPI_54520,NAME_COUNTRY_EXACT,1.0,MATCHED
port362,Fujairah,United Arab Emirates,ARE,,,NO_NAME_COUNTRY_MATCH,,UNRESOLVED
port363,Fukui,Japan,JPN,61805,LOC_WPI_61805,NAME_COUNTRY_EXACT,1.0,MATCHED
port364,Fukuyama,Japan,JPN,61605,LOC_WPI_61605,NAME_COUNTRY_EXACT,1.0,MATCHED
port365,Funabashi,Japan,JPN,61379,LOC_WPI_61379,NAME_COUNTRY_EXACT,1.0,MATCHED
port366,Funafuti,Tuvalu,TUV,,,NO_NAME_COUNTRY_MATCH,,UNRESOLVED
port367,"Funchal, Madeira",Portugal,PRT,,,NO_NAME_COUNTRY_MATCH,,UNRESOLVED
port368,Turku,Finland,FIN,27820,LOC_WPI_27820,NAME_COUNTRY_EXACT,1.0,MATCHED
port369,Fushiki-Toyama,Japan,JPN,61850,LOC_WPI_61850,NAME_COUNTRY_EXACT,1.0,MATCHED
port37,Alotau,Papua New Guinea,PNG,,,NO_NAME_COUNTRY_MATCH,,UNRESOLVED
port370,Fuzhou,China,CHN,59860,LOC_WPI_59860,NAME_COUNTRY_EXACT,1.0,MATCHED
port371,Gabes,Tunisia,TUN,45375,LOC_WPI_45375,NAME_COUNTRY_EXACT,1.0,MATCHED
port372,Galeota Point Terminal,Trinidad and Tobago,TTO,11772,LOC_WPI_11772,NAME_COUNTRY_EXACT,1.0,MATCHED
port373,Galveston,United States,USA,9150,LOC_WPI_9150,NAME_COUNTRY_EXACT,1.0,MATCHED
port374,Galway,Ireland,IRL,34060,LOC_WPI_34060,NAME_COUNTRY_EXACT,1.0,MATCHED
port375,Gaogang,China,CHN,59987,LOC_WPI_59987,NAME_COUNTRY_EXACT,1.0,MATCHED
port376,Garston,United Kingdom,GBR,,,NO_NAME_COUNTRY_MATCH,,UNRESOLVED
port377,Gary,United States,USA,4760,LOC_WPI_4760,NAME_COUNTRY_EXACT,1.0,MATCHED
port378,Vysotsk,Russian Federation,RUS,,,NO_NAME_COUNTRY_MATCH,,UNRESOLVED
port379,Gävle,Sweden,SWE,25590,LOC_WPI_25590,NAME_COUNTRY_EXACT,1.0,MATCHED
port38,Altamira,Mexico,MEX,9355,LOC_WPI_9355,NAME_COUNTRY_EXACT,1.0,MATCHED
port380,Gdansk,Poland,POL,28710,LOC_WPI_28710,NAME_COUNTRY_EXACT,1.0,MATCHED
port381,Gdynia,Poland,POL,28740,LOC_WPI_28740,NAME_COUNTRY_EXACT,1.0,MATCHED
port382,Gebig,Brazil,BRA,12950,LOC_WPI_12950,NAME_COUNTRY_EXACT,1.0,MATCHED
port383,Geelong,Australia,AUS,54050,LOC_WPI_54050,NAME_COUNTRY_EXACT,1.0,MATCHED
port384,Gela,Italy,ITA,40220,LOC_WPI_40220,NAME_COUNTRY_EXACT,1.0,MATCHED
port385,Gemlik,Türkiye,TUR,,,NO_NAME_COUNTRY_MATCH,,UNRESOLVED
port386,General Santos,Philippines,PHL,59485,LOC_WPI_59485,NAME_COUNTRY_EXACT,1.0,MATCHED
port387,Genova,Italy,ITA,39470,LOC_WPI_39470,NAME_COUNTRY_EXACT,1.0,MATCHED
port388,Georgetown,The Bahamas,BHS,,,NO_NAME_COUNTRY_MATCH,,UNRESOLVED
port389,Georgetown,Cayman Islands,CYM,10580,LOC_WPI_10580,NAME_COUNTRY_EXACT,1.0,MATCHED
port39,Alvika,Norway,NOR,,,NO_NAME_COUNTRY_MATCH,,UNRESOLVED
port390,Georgetown,Guyana,GUY,12370,LOC_WPI_12370,NAME_COUNTRY_EXACT,1.0,MATCHED
port391,Geraldton,Australia,AUS,54540,LOC_WPI_54540,NAME_COUNTRY_EXACT,1.0,MATCHED
port392,Ghazaouet,Algeria,DZA,45670,LOC_WPI_45670,NAME_COUNTRY_EXACT,1.0,MATCHED
port393,Ghent,Belgium,BEL,31270,LOC_WPI_31270,NAME_COUNTRY_EXACT,1.0,MATCHED
port394,Gijon,Spain,ESP,37560,LOC_WPI_37560,NAME_COUNTRY_EXACT,1.0,MATCHED
port395,Gioia Tauro,Italy,ITA,40115,LOC_WPI_40115,NAME_COUNTRY_EXACT,1.0,MATCHED
port396,Gisborne,New Zealand,NZL,55110,LOC_WPI_55110,NAME_COUNTRY_EXACT,1.0,MATCHED
port398,Gladstone,Australia,AUS,53450,LOC_WPI_53450,NAME_COUNTRY_EXACT,1.0,MATCHED
port399,Glasgow,United Kingdom,GBR,33490,LOC_WPI_33490,NAME_COUNTRY_EXACT,1.0,MATCHED
port4,Abidjan,Côte d'Ivoire,CIV,46000,LOC_WPI_46000,NAME_COUNTRY_EXACT,1.0,MATCHED
port40,Amagasaki,Japan,JPN,61555,LOC_WPI_61555,NAME_COUNTRY_EXACT,1.0,MATCHED
port400,Glomfjord,Norway,NOR,22540,LOC_WPI_22540,NAME_COUNTRY_EXACT,1.0,MATCHED
port401,Golcuk,Türkiye,TUR,,,NO_NAME_COUNTRY_MATCH,,UNRESOLVED
port402,Golfito,Costa Rica,CRI,15480,LOC_WPI_15480,NAME_COUNTRY_EXACT,1.0,MATCHED
port403,Gomen,New Caledonia,NCL,,,NO_NAME_COUNTRY_MATCH,,UNRESOLVED
port404,Goole,United Kingdom,GBR,31670,LOC_WPI_31670,NAME_COUNTRY_EXACT,1.0,MATCHED
port405,Goose Bay,Canada,CAN,1340,LOC_WPI_1340,NAME_COUNTRY_EXACT,1.0,MATCHED
port406,Gorgon LNG,Australia,AUS,,,NO_NAME_COUNTRY_MATCH,,UNRESOLVED
port407,Gorontalo,Indonesia,IDN,52090,LOC_WPI_52090,NAME_COUNTRY_EXACT,1.0,MATCHED
port408,Göteborg,Sweden,SWE,24020,LOC_WPI_24020,NAME_COUNTRY_EXACT,1.0,MATCHED
port41,Amamapare,Indonesia,IDN,53115,LOC_WPI_53115,NAME_COUNTRY_EXACT,1.0,MATCHED
port410,Gourd Shanzui,China,CHN,,,NO_NAME_COUNTRY_MATCH,,UNRESOLVED
port411,Gove,Australia,AUS,54675,LOC_WPI_54675,NAME_COUNTRY_EXACT,1.0,MATCHED
port412,Grand Haven,United States,USA,4700,LOC_WPI_4700,NAME_COUNTRY_EXACT,1.0,MATCHED
port414,Grand Turk,Turks and Caicos Islands,TCA,10020,LOC_WPI_10020,NAME_COUNTRY_EXACT,1.0,MATCHED
port415,Grangemouth,United Kingdom,GBR,32010,LOC_WPI_32010,NAME_COUNTRY_EXACT,1.0,MATCHED
port416,Gravesend,United Kingdom,GBR,31420,LOC_WPI_31420,NAME_COUNTRY_EXACT,1.0,MATCHED
port417,Great Yarmouth,United Kingdom,GBR,31580,LOC_WPI_31580,NAME_COUNTRY_EXACT,1.0,MATCHED
port418,Green Bay,United States,USA,4940,LOC_WPI_4940,NAME_COUNTRY_EXACT,1.0,MATCHED
port419,Grenaa,Denmark,DNK,,,NO_NAME_COUNTRY_MATCH,,UNRESOLVED
port42,"Ambon, Molucas",Indonesia,IDN,,,NO_NAME_COUNTRY_MATCH,,UNRESOLVED
port420,Gresik,Indonesia,IDN,51120,LOC_WPI_51120,NAME_COUNTRY_EXACT,1.0,MATCHED
port421,Grimsby,United Kingdom,GBR,31640,LOC_WPI_31640,NAME_COUNTRY_EXACT,1.0,MATCHED
port422,Guaiba Island Terminal,Brazil,BRA,12935,LOC_WPI_12935,NAME_COUNTRY_EXACT,1.0,MATCHED
port423,Guangdong Yangjiang Port,China,CHN,,,NO_NAME_COUNTRY_MATCH,,UNRESOLVED
port424,Guangxi Beibu Gulf Port,China,CHN,,,NO_NAME_COUNTRY_MATCH,,UNRESOLVED
port425,Guangzhou (Nansha),China,CHN,,,NO_NAME_COUNTRY_MATCH,,UNRESOLVED
port426,Guayaquil,Ecuador,ECU,15270,LOC_WPI_15270,NAME_COUNTRY_EXACT,1.0,MATCHED
port427,Guaymas,Mexico,MEX,15850,LOC_WPI_15850,NAME_COUNTRY_EXACT,1.0,MATCHED
port428,Gulfport,United States,USA,8800,LOC_WPI_8800,NAME_COUNTRY_EXACT,1.0,MATCHED
port429,Güllük,Türkiye,TUR,,,NO_NAME_COUNTRY_MATCH,,UNRESOLVED
port43,Amirabad Port,Iran,IRN,,,NO_NAME_COUNTRY_MATCH,,UNRESOLVED
port430,Gustavia,Saint-Barthélemy,BLM,,,NO_NAME_COUNTRY_MATCH,,UNRESOLVED
port431,Gwadar,Pakistan,PAK,48590,LOC_WPI_48590,NAME_COUNTRY_EXACT,1.0,MATCHED
port432,Gwangyang (Kwangyang),Korea,KOR,,,NO_NAME_COUNTRY_MATCH,,UNRESOLVED
port433,Hachinohe,Japan,JPN,,,NO_NAME_COUNTRY_MATCH,,UNRESOLVED
port434,Hai Phong,Vietnam,VNM,57680,LOC_WPI_57680,NAME_COUNTRY_EXACT,1.0,MATCHED
port435,Haifa,Israel,ISR,45080,LOC_WPI_45080,NAME_COUNTRY_EXACT,1.0,MATCHED
port436,Haifeng power,China,CHN,,,NO_NAME_COUNTRY_MATCH,,UNRESOLVED
port437,Haikou,China,CHN,57760,LOC_WPI_57760,NAME_COUNTRY_EXACT,1.0,MATCHED
port438,Haimen,China,CHN,59930,LOC_WPI_59930,NAME_COUNTRY_EXACT,1.0,MATCHED
port439,Hakata,Japan,JPN,62430,LOC_WPI_62430,NAME_COUNTRY_EXACT,1.0,MATCHED
port44,Ampenan,Indonesia,IDN,51280,LOC_WPI_51280,NAME_COUNTRY_EXACT,1.0,MATCHED
port440,Hakodate,Japan,JPN,,,NO_NAME_COUNTRY_MATCH,,UNRESOLVED
port441,Halden,Norway,NOR,23850,LOC_WPI_23850,NAME_COUNTRY_EXACT,1.0,MATCHED
port442,Haldia,India,IND,,,NO_NAME_COUNTRY_MATCH,,UNRESOLVED
port443,Halifax,Canada,CAN,6340,LOC_WPI_6340,NAME_COUNTRY_EXACT,1.0,MATCHED
port444,Halmstad,Sweden,SWE,24050,LOC_WPI_24050,NAME_COUNTRY_EXACT,1.0,MATCHED
port445,Hamada,Japan,JPN,,,NO_NAME_COUNTRY_MATCH,,UNRESOLVED
port446,Hamburg,Germany,DEU,30780,LOC_WPI_30780,NAME_COUNTRY_EXACT,1.0,MATCHED
port447,Hamilton,Canada,CAN,3050,LOC_WPI_3050,NAME_COUNTRY_EXACT,1.0,MATCHED
port448,Fredrikshamn,Finland,FIN,,,NO_NAME_COUNTRY_MATCH,,UNRESOLVED
port449,Hammerfest,Norway,NOR,20920,LOC_WPI_20920,NAME_COUNTRY_EXACT,1.0,MATCHED
port45,Amsterdam,The Netherlands,NLD,,,NO_NAME_COUNTRY_MATCH,,UNRESOLVED
port450,Hanko,Finland,FIN,28140,LOC_WPI_28140,NAME_COUNTRY_EXACT,1.0,MATCHED
port452,Hannan,Japan,JPN,,,NO_NAME_COUNTRY_MATCH,,UNRESOLVED
port453,Harbor Yeweiju,China,CHN,,,NO_NAME_COUNTRY_MATCH,,UNRESOLVED
port454,Harlingen,The Netherlands,NLD,,,NO_NAME_COUNTRY_MATCH,,UNRESOLVED
port455,Harmac,Canada,CAN,18525,LOC_WPI_18525,NAME_COUNTRY_EXACT,1.0,MATCHED
port456,Haroysundet,Norway,NOR,,,NO_NAME_COUNTRY_MATCH,,UNRESOLVED
port457,Haydarpasa,Türkiye,TUR,,,NO_NAME_COUNTRY_MATCH,,UNRESOLVED
port458,Hay Point,Australia,AUS,53405,LOC_WPI_53405,NAME_COUNTRY_EXACT,1.0,MATCHED
port459,Helsingborg,Sweden,SWE,24120,LOC_WPI_24120,NAME_COUNTRY_EXACT,1.0,MATCHED
port46,Amuay (Bahia De Amuay),Venezuela,VEN,12070,LOC_WPI_12070,NAME_COUNTRY_EXACT,1.0,MATCHED
port460,Helsinki,Finland,FIN,28190,LOC_WPI_28190,NAME_COUNTRY_EXACT,1.0,MATCHED
port461,Hera port,Timor-Leste,TLS,,,NO_NAME_COUNTRY_MATCH,,UNRESOLVED
port462,Heysham,United Kingdom,GBR,34640,LOC_WPI_34640,NAME_COUNTRY_EXACT,1.0,MATCHED
port463,Higashiharima,Japan,JPN,,,NO_NAME_COUNTRY_MATCH,,UNRESOLVED
port464,Hilo,United States,USA,56090,LOC_WPI_56090,NAME_COUNTRY_EXACT,1.0,MATCHED
port465,Himeji,Japan,JPN,61567,LOC_WPI_61567,NAME_COUNTRY_EXACT,1.0,MATCHED
port466,Hiroshima,Japan,JPN,61650,LOC_WPI_61650,NAME_COUNTRY_EXACT,1.0,MATCHED
port467,Hirtshals,Denmark,DNK,30450,LOC_WPI_30450,NAME_COUNTRY_EXACT,1.0,MATCHED
port468,Hitachi,Japan,JPN,61356,LOC_WPI_61356,NAME_COUNTRY_EXACT,1.0,MATCHED
port469,Hobart,Australia,AUS,54760,LOC_WPI_54760,NAME_COUNTRY_EXACT,1.0,MATCHED
port47,Anacortes,United States,USA,18040,LOC_WPI_18040,NAME_COUNTRY_EXACT,1.0,MATCHED
port470,Hobro,Denmark,DNK,30360,LOC_WPI_30360,NAME_COUNTRY_EXACT,1.0,MATCHED
port471,Hofu,Japan,JPN,,,NO_NAME_COUNTRY_MATCH,,UNRESOLVED
port472,Himekawa,Japan,JPN,61862,LOC_WPI_61862,NAME_COUNTRY_EXACT,1.0,MATCHED
port473,Hon Gai,Vietnam,VNM,57700,LOC_WPI_57700,NAME_COUNTRY_EXACT,1.0,MATCHED
port474,Hong Kong,Hong Kong SAR,HKG,,,NO_NAME_COUNTRY_MATCH,,UNRESOLVED
port475,Honiara,Solomon Islands,SLB,57120,LOC_WPI_57120,NAME_COUNTRY_EXACT,1.0,MATCHED
port476,Honolulu,United States,USA,56280,LOC_WPI_56280,NAME_COUNTRY_EXACT,1.0,MATCHED
port477,Hopa,Türkiye,TUR,,,NO_NAME_COUNTRY_MATCH,,UNRESOLVED
port478,Horta,Portugal,PRT,38080,LOC_WPI_38080,NAME_COUNTRY_EXACT,1.0,MATCHED
port479,Horten,Norway,NOR,23750,LOC_WPI_23750,NAME_COUNTRY_EXACT,1.0,MATCHED
port48,Anchorage,United States,USA,19800,LOC_WPI_19800,NAME_COUNTRY_EXACT,1.0,MATCHED
port480,Hososhima,Japan,JPN,,,NO_NAME_COUNTRY_MATCH,,UNRESOLVED
port481,Houston (US-TX),United States,USA,,,NO_NAME_COUNTRY_MATCH,,UNRESOLVED
port482,Hualien,Taiwan Province of China,TWN,,,NO_NAME_COUNTRY_MATCH,,UNRESOLVED
port483,Huelva,Spain,ESP,38220,LOC_WPI_38220,NAME_COUNTRY_EXACT,1.0,MATCHED
port484,Huizhou,China,CHN,57859,LOC_WPI_57859,NAME_COUNTRY_EXACT,1.0,MATCHED
port485,Husum,Germany,DEU,30680,LOC_WPI_30680,NAME_COUNTRY_EXACT,1.0,MATCHED
port486,Husum,Sweden,SWE,26790,LOC_WPI_26790,NAME_COUNTRY_EXACT,1.0,MATCHED
port487,IJmuiden,The Netherlands,NLD,,,NO_NAME_COUNTRY_MATCH,,UNRESOLVED
port488,Iligan,Philippines,PHL,59700,LOC_WPI_59700,NAME_COUNTRY_EXACT,1.0,MATCHED
port489,Chornomorsk,Ukraine,UKR,,,NO_NAME_COUNTRY_MATCH,,UNRESOLVED
port49,Ancona,Italy,ITA,40660,LOC_WPI_40660,NAME_COUNTRY_EXACT,1.0,MATCHED
port490,Imabari,Japan,JPN,,,NO_NAME_COUNTRY_MATCH,,UNRESOLVED
port491,Imatra,Finland,FIN,,,NO_NAME_COUNTRY_MATCH,,UNRESOLVED
port492,Imbituba,Brazil,BRA,13040,LOC_WPI_13040,NAME_COUNTRY_EXACT,1.0,MATCHED
port493,Immingham,United Kingdom,GBR,31650,LOC_WPI_31650,NAME_COUNTRY_EXACT,1.0,MATCHED
port494,Incheon,Korea,KOR,,,NO_NAME_COUNTRY_MATCH,,UNRESOLVED
port495,Indiana Harbor,United States,USA,4780,LOC_WPI_4780,NAME_COUNTRY_EXACT,1.0,MATCHED
port496,Indonesia Morowali Industrial Park,Indonesia,IDN,,,NO_NAME_COUNTRY_MATCH,,UNRESOLVED
port497,Inkoo,Finland,FIN,28187,LOC_WPI_28187,NAME_COUNTRY_EXACT,1.0,MATCHED
port498,Ipswich,United Kingdom,GBR,31550,LOC_WPI_31550,NAME_COUNTRY_EXACT,1.0,MATCHED
port499,Iquique,Chile,CHL,14760,LOC_WPI_14760,NAME_COUNTRY_EXACT,1.0,MATCHED
port5,Abu Dhabi,United Arab Emirates,ARE,,,NO_NAME_COUNTRY_MATCH,,UNRESOLVED
port50,Andoany,Madagascar,MDG,47360,LOC_WPI_47360,NAME_COUNTRY_EXACT,1.0,MATCHED
port500,Heraklion,Greece,GRC,,,NO_NAME_COUNTRY_MATCH,,UNRESOLVED
port501,Ishikariwan-Shinko,Japan,JPN,,,NO_NAME_COUNTRY_MATCH,,UNRESOLVED
port502,Ishinomaki,Japan,JPN,,,NO_NAME_COUNTRY_MATCH,,UNRESOLVED
port503,Iskenderun,Türkiye,TUR,,,NO_NAME_COUNTRY_MATCH,,UNRESOLVED
port504,Istanbul,Türkiye,TUR,,,NO_NAME_COUNTRY_MATCH,,UNRESOLVED
port505,Itajaí,Brazil,BRA,13020,LOC_WPI_13020,NAME_COUNTRY_EXACT,1.0,MATCHED
port506,Itaqui,Brazil,BRA,12585,LOC_WPI_12585,NAME_COUNTRY_EXACT,1.0,MATCHED
port507,Inverness,United Kingdom,GBR,32330,LOC_WPI_32330,NAME_COUNTRY_EXACT,1.0,MATCHED
port508,Iwakuni,Japan,JPN,,,NO_NAME_COUNTRY_MATCH,,UNRESOLVED
port509,Izhevskoye,Russian Federation,RUS,,,NO_NAME_COUNTRY_MATCH,,UNRESOLVED
port51,Caucedo,Dominican Republic,DOM,,,NO_NAME_COUNTRY_MATCH,,UNRESOLVED
port510,Izmir,Türkiye,TUR,,,NO_NAME_COUNTRY_MATCH,,UNRESOLVED
port511,Jaigad Port,India,IND,,,NO_NAME_COUNTRY_MATCH,,UNRESOLVED
port512,Jabal Az Zannah-Ruways,United Arab Emirates,ARE,48282,LOC_WPI_48282,NAME_COUNTRY_EXACT,1.0,MATCHED
port513,Jacksonville,United States,USA,8580,LOC_WPI_8580,NAME_COUNTRY_EXACT,1.0,MATCHED
port514,Tanjung Priok,Indonesia,IDN,,,NO_NAME_COUNTRY_MATCH,,UNRESOLVED
port515,Jakobstad,Finland,FIN,,,NO_NAME_COUNTRY_MATCH,,UNRESOLVED
port516,Jayapura,Indonesia,IDN,53133,LOC_WPI_53133,NAME_COUNTRY_EXACT,1.0,MATCHED
port517,Jiangyin,China,CHN,59985,LOC_WPI_59985,NAME_COUNTRY_EXACT,1.0,MATCHED
port518,Jeddah,Saudi Arabia,SAU,,,NO_NAME_COUNTRY_MATCH,,UNRESOLVED
port519,Shoaiba,Saudi Arabia,SAU,,,NO_NAME_COUNTRY_MATCH,,UNRESOLVED
port52,Anguilla,Anguilla,AIA,,,NO_NAME_COUNTRY_MATCH,,UNRESOLVED
port520,"Jimenez, Ozamis",Philippines,PHL,,,NO_NAME_COUNTRY_MATCH,,UNRESOLVED
port521,Jinzhou,China,CHN,,,NO_NAME_COUNTRY_MATCH,,UNRESOLVED
port522,Joensuu,Finland,FIN,,,NO_NAME_COUNTRY_MATCH,,UNRESOLVED
port523,Johor,Malaysia,MYS,49982,LOC_WPI_49982,NAME_COUNTRY_EXACT,1.0,MATCHED
port524,Jose Terminal,Venezuela,VEN,12180,LOC_WPI_12180,NAME_COUNTRY_EXACT,1.0,MATCHED
port525,Joutseno,Finland,FIN,,,NO_NAME_COUNTRY_MATCH,,UNRESOLVED
port526,Juaymah,Saudi Arabia,SAU,,,NO_NAME_COUNTRY_MATCH,,UNRESOLVED
port527,Gebze,Türkiye,TUR,,,NO_NAME_COUNTRY_MATCH,,UNRESOLVED
port528,Kagoshima,Japan,JPN,,,NO_NAME_COUNTRY_MATCH,,UNRESOLVED
port529,Kakinada,India,IND,,,NO_NAME_COUNTRY_MATCH,,UNRESOLVED
port53,Annaba,Algeria,DZA,45490,LOC_WPI_45490,NAME_COUNTRY_EXACT,1.0,MATCHED
port530,Kaliningrad,Russian Federation,RUS,,,NO_NAME_COUNTRY_MATCH,,UNRESOLVED
port531,Kalmar,Sweden,SWE,24570,LOC_WPI_24570,NAME_COUNTRY_EXACT,1.0,MATCHED
port532,Kalundborg,Denmark,DNK,29490,LOC_WPI_29490,NAME_COUNTRY_EXACT,1.0,MATCHED
port533,Kamaishi,Japan,JPN,,,NO_NAME_COUNTRY_MATCH,,UNRESOLVED
port534,Kamarajar Port,India,IND,49454,LOC_WPI_49454,NAME_COUNTRY_EXACT,1.0,MATCHED
port535,Kâmpóng Saôm,Cambodia,KHM,57485,LOC_WPI_57485,NAME_COUNTRY_EXACT,1.0,MATCHED
port536,Kamsar,Guinea,GIN,45850,LOC_WPI_45850,NAME_COUNTRY_EXACT,1.0,MATCHED
port537,Kanazawa,Japan,JPN,61822,LOC_WPI_61822,NAME_COUNTRY_EXACT,1.0,MATCHED
port538,Kanda,Japan,JPN,62145,LOC_WPI_62145,NAME_COUNTRY_EXACT,1.0,MATCHED
port539,Kandalaksha,Russian Federation,RUS,,,NO_NAME_COUNTRY_MATCH,,UNRESOLVED
port54,Port Akdeniz,Türkiye,TUR,,,NO_NAME_COUNTRY_MATCH,,UNRESOLVED
port540,Kandla,India,IND,48630,LOC_WPI_48630,NAME_COUNTRY_EXACT,1.0,MATCHED
port541,Kaohsiung,Taiwan Province of China,TWN,,,NO_NAME_COUNTRY_MATCH,,UNRESOLVED
port542,Karabiga,Türkiye,TUR,,,NO_NAME_COUNTRY_MATCH,,UNRESOLVED
port543,Karachi,Pakistan,PAK,48600,LOC_WPI_48600,NAME_COUNTRY_EXACT,1.0,MATCHED
port544,Karaikal,India,IND,,,NO_NAME_COUNTRY_MATCH,,UNRESOLVED
port545,Karatsu,Japan,JPN,62420,LOC_WPI_62420,NAME_COUNTRY_EXACT,1.0,MATCHED
port546,Karlshamn,Sweden,SWE,24370,LOC_WPI_24370,NAME_COUNTRY_EXACT,1.0,MATCHED
port547,Kårstø,Norway,NOR,,,NO_NAME_COUNTRY_MATCH,,UNRESOLVED
port548,Kashima-Ibaraki,Japan,JPN,,,NO_NAME_COUNTRY_MATCH,,UNRESOLVED
port549,Kasim Terminal,Indonesia,IDN,53045,LOC_WPI_53045,NAME_COUNTRY_EXACT,1.0,MATCHED
port55,Antsiranana (Diego Suarez),Madagascar,MDG,,,NO_NAME_COUNTRY_MATCH,,UNRESOLVED
port550,Kaskinen,Finland,FIN,27670,LOC_WPI_27670,NAME_COUNTRY_EXACT,1.0,MATCHED
port551,Kaukas,Finland,FIN,,,NO_NAME_COUNTRY_MATCH,,UNRESOLVED
port552,Kavála,Greece,GRC,42600,LOC_WPI_42600,NAME_COUNTRY_EXACT,1.0,MATCHED
port553,Kavieng Harbor,Papua New Guinea,PNG,56760,LOC_WPI_56760,NAME_COUNTRY_EXACT,1.0,MATCHED
port554,Kavkaz,Russian Federation,RUS,,,NO_NAME_COUNTRY_MATCH,,UNRESOLVED
port555,Kawasaki,Japan,JPN,,,NO_NAME_COUNTRY_MATCH,,UNRESOLVED
port556,Kemaman Harbor,Malaysia,MYS,57411,LOC_WPI_57411,NAME_COUNTRY_EXACT,1.0,MATCHED
port557,Kemi,Finland,FIN,27410,LOC_WPI_27410,NAME_COUNTRY_EXACT,1.0,MATCHED
port558,Kendari,Indonesia,IDN,52240,LOC_WPI_52240,NAME_COUNTRY_EXACT,1.0,MATCHED
port559,Kerch,Ukraine,UKR,43900,LOC_WPI_43900,NAME_COUNTRY_EXACT,1.0,MATCHED
port56,Antofagasta,Chile,CHL,14660,LOC_WPI_14660,NAME_COUNTRY_EXACT,1.0,MATCHED
port561,Khor Fakkan,United Arab Emirates,ARE,,,NO_NAME_COUNTRY_MATCH,,UNRESOLVED
port562,Khoms,Libya,LBY,45323,LOC_WPI_45323,NAME_COUNTRY_EXACT,1.0,MATCHED
port563,Khorramshahr,Iran,IRN,48420,LOC_WPI_48420,NAME_COUNTRY_EXACT,1.0,MATCHED
port564,Kiel,Germany,DEU,28930,LOC_WPI_28930,NAME_COUNTRY_EXACT,1.0,MATCHED
port565,Kieta,Papua New Guinea,PNG,56855,LOC_WPI_56855,NAME_COUNTRY_EXACT,1.0,MATCHED
port566,Kiire,Japan,JPN,62225,LOC_WPI_62225,NAME_COUNTRY_EXACT,1.0,MATCHED
port567,Kikuma,Japan,JPN,,,NO_NAME_COUNTRY_MATCH,,UNRESOLVED
port569,Kimbe,Papua New Guinea,PNG,56835,LOC_WPI_56835,NAME_COUNTRY_EXACT,1.0,MATCHED
port57,Antwerp,Belgium,BEL,,,NO_NAME_COUNTRY_MATCH,,UNRESOLVED
port570,Yanbu (King Fahd Port),Saudi Arabia,SAU,,,NO_NAME_COUNTRY_MATCH,,UNRESOLVED
port571,King's Lynn,United Kingdom,GBR,31610,LOC_WPI_31610,NAME_COUNTRY_EXACT,1.0,MATCHED
port572,Kingston,Jamaica,JAM,10770,LOC_WPI_10770,NAME_COUNTRY_EXACT,1.0,MATCHED
port573,Hull,United Kingdom,GBR,,,NO_NAME_COUNTRY_MATCH,,UNRESOLVED
port574,Kingstown,St.  Vincent and the Grenadines,VCT,,,NO_NAME_COUNTRY_MATCH,,UNRESOLVED
port575,Kinuura,Japan,JPN,,,NO_NAME_COUNTRY_MATCH,,UNRESOLVED
port576,Kiritimati,Kiribati,KIR,,,NO_NAME_COUNTRY_MATCH,,UNRESOLVED
port577,Kirteh Oil Terminal,Malaysia,MYS,57415,LOC_WPI_57415,NAME_COUNTRY_EXACT,1.0,MATCHED
port578,Kisarazu,Japan,JPN,,,NO_NAME_COUNTRY_MATCH,,UNRESOLVED
port579,Klaipeda,Lithuania,LTU,28660,LOC_WPI_28660,NAME_COUNTRY_EXACT,1.0,MATCHED
port58,Bandar-e Anzali,Iran,IRN,,,NO_NAME_COUNTRY_MATCH,,UNRESOLVED
port581,Kobe,Japan,JPN,61560,LOC_WPI_61560,NAME_COUNTRY_EXACT,1.0,MATCHED
port582,København,Denmark,DNK,,,NO_NAME_COUNTRY_MATCH,,UNRESOLVED
port583,Cochin (Kochi),India,IND,,,NO_NAME_COUNTRY_MATCH,,UNRESOLVED
port584,Kochi,Japan,JPN,,,NO_NAME_COUNTRY_MATCH,,UNRESOLVED
port585,Køge,Denmark,DNK,,,NO_NAME_COUNTRY_MATCH,,UNRESOLVED
port586,Kokkola,Finland,FIN,27560,LOC_WPI_27560,NAME_COUNTRY_EXACT,1.0,MATCHED
port587,Koko,Nigeria,NGA,46140,LOC_WPI_46140,NAME_COUNTRY_EXACT,1.0,MATCHED
port588,Kolding,Denmark,DNK,30160,LOC_WPI_30160,NAME_COUNTRY_EXACT,1.0,MATCHED
port589,Komatsushima,Japan,JPN,61960,LOC_WPI_61960,NAME_COUNTRY_EXACT,1.0,MATCHED
port59,Aomori,Japan,JPN,,,NO_NAME_COUNTRY_MATCH,,UNRESOLVED
port590,Kondopoga,Russian Federation,RUS,,,NO_NAME_COUNTRY_MATCH,,UNRESOLVED
port591,Koolan,Australia,AUS,,,NO_NAME_COUNTRY_MATCH,,UNRESOLVED
port592,Koper,Slovenia,SVN,40860,LOC_WPI_40860,NAME_COUNTRY_EXACT,1.0,MATCHED
port594,Korsakov,Russian Federation,RUS,,,NO_NAME_COUNTRY_MATCH,,UNRESOLVED
port595,Kota Baru,Indonesia,IDN,51860,LOC_WPI_51860,NAME_COUNTRY_EXACT,1.0,MATCHED
port596,Kota Kinabalu,Malaysia,MYS,51690,LOC_WPI_51690,NAME_COUNTRY_EXACT,1.0,MATCHED
port597,Kotka,Finland,FIN,28230,LOC_WPI_28230,NAME_COUNTRY_EXACT,1.0,MATCHED
port598,Kralendijk,"Bonaire,  Saint Eustatius and Saba",BES,,,NO_NAME_COUNTRY_MATCH,,UNRESOLVED
port599,Krishnapatnam Port,India,IND,,,NO_NAME_COUNTRY_MATCH,,UNRESOLVED
port6,Acajutla,El Salvador,SLV,15640,LOC_WPI_15640,NAME_COUNTRY_EXACT,1.0,MATCHED
port60,Apia,Samoa,WSM,55670,LOC_WPI_55670,NAME_COUNTRY_EXACT,1.0,MATCHED
port600,Kristiansand,Norway,NOR,23550,LOC_WPI_23550,NAME_COUNTRY_EXACT,1.0,MATCHED
port601,Kristiansund,Norway,NOR,23100,LOC_WPI_23100,NAME_COUNTRY_EXACT,1.0,MATCHED
port603,Kuantan,Malaysia,MYS,,,NO_NAME_COUNTRY_MATCH,,UNRESOLVED
port604,Kuching,Malaysia,MYS,51560,LOC_WPI_51560,NAME_COUNTRY_EXACT,1.0,MATCHED
port605,Kudamatsu,Japan,JPN,61675,LOC_WPI_61675,NAME_COUNTRY_EXACT,1.0,MATCHED
port606,Kulevi Oil Terminal,Georgia,GEO,,,NO_NAME_COUNTRY_MATCH,,UNRESOLVED
port607,Kunda,Estonia,EST,28440,LOC_WPI_28440,NAME_COUNTRY_EXACT,1.0,MATCHED
port608,Gunsan,Korea,KOR,,,NO_NAME_COUNTRY_MATCH,,UNRESOLVED
port609,Kupang,Indonesia,IDN,51400,LOC_WPI_51400,NAME_COUNTRY_EXACT,1.0,MATCHED
port61,Apra Harbor,Guam,GUM,56550,LOC_WPI_56550,NAME_COUNTRY_EXACT,1.0,MATCHED
port610,Kure,Japan,JPN,61640,LOC_WPI_61640,NAME_COUNTRY_EXACT,1.0,MATCHED
port611,Kushiro,Japan,JPN,,,NO_NAME_COUNTRY_MATCH,,UNRESOLVED
port612,Ebeye,Marshall Islands,MHL,,,NO_NAME_COUNTRY_MATCH,,UNRESOLVED
port614,LNG Tangguh,Indonesia,IDN,,,NO_NAME_COUNTRY_MATCH,,UNRESOLVED
port615,La Baie (Port Alfred),Canada,CAN,2110,LOC_WPI_2110,NAME_COUNTRY_EXACT,1.0,MATCHED
port617,La Coruna,Spain,ESP,37770,LOC_WPI_37770,NAME_COUNTRY_EXACT,1.0,MATCHED
port618,La Guaira,Venezuela,VEN,12150,LOC_WPI_12150,NAME_COUNTRY_EXACT,1.0,MATCHED
port619,La Libertad,Ecuador,ECU,15290,LOC_WPI_15290,NAME_COUNTRY_EXACT,1.0,MATCHED
port62,Aratu,Brazil,BRA,12772,LOC_WPI_12772,NAME_COUNTRY_EXACT,1.0,MATCHED
port620,La Pallice,France,FRA,37000,LOC_WPI_37000,NAME_COUNTRY_EXACT,1.0,MATCHED
port621,La Plata,Argentina,ARG,13770,LOC_WPI_13770,NAME_COUNTRY_EXACT,1.0,MATCHED
port622,La Spezia,Italy,ITA,39520,LOC_WPI_39520,NAME_COUNTRY_EXACT,1.0,MATCHED
port624,Lae,Papua New Guinea,PNG,53230,LOC_WPI_53230,NAME_COUNTRY_EXACT,1.0,MATCHED
port625,Lafarge,Indonesia,IDN,,,NO_NAME_COUNTRY_MATCH,,UNRESOLVED
port626,Lagos,Nigeria,NGA,46130,LOC_WPI_46130,NAME_COUNTRY_EXACT,1.0,MATCHED
port628,Lahad Datu,Malaysia,MYS,51730,LOC_WPI_51730,NAME_COUNTRY_EXACT,1.0,MATCHED
port629,Lake Charles,United States,USA,9040,LOC_WPI_9040,NAME_COUNTRY_EXACT,1.0,MATCHED
port63,Arawak,Barbados,BRB,,,NO_NAME_COUNTRY_MATCH,,UNRESOLVED
port630,Lakselv,Norway,NOR,22295,LOC_WPI_22295,NAME_COUNTRY_EXACT,1.0,MATCHED
port631,Lamu,Kenya,KEN,47110,LOC_WPI_47110,NAME_COUNTRY_EXACT,1.0,MATCHED
port632,Lanqiao Port,China,CHN,,,NO_NAME_COUNTRY_MATCH,,UNRESOLVED
port633,Larnaca,Cyprus,CYP,44960,LOC_WPI_44960,NAME_COUNTRY_EXACT,1.0,MATCHED
port634,Larvik,Norway,NOR,23700,LOC_WPI_23700,NAME_COUNTRY_EXACT,1.0,MATCHED
port635,Las Palmas (de Gran Canaria),Spain,ESP,,,NO_NAME_COUNTRY_MATCH,,UNRESOLVED
port636,Lautoka,Fiji,FJI,,,NO_NAME_COUNTRY_MATCH,,UNRESOLVED
port637,Lazaro Cardenas,Mexico,MEX,15765,LOC_WPI_15765,NAME_COUNTRY_EXACT,1.0,MATCHED
port638,Saint-Brieuc,France,FRA,,,NO_NAME_COUNTRY_MATCH,,UNRESOLVED
port639,Leith,United Kingdom,GBR,31930,LOC_WPI_31930,NAME_COUNTRY_EXACT,1.0,MATCHED
port64,Årdalstangen,Norway,NOR,23136,LOC_WPI_23136,NAME_COUNTRY_EXACT,1.0,MATCHED
port640,Kosrae,Micronesia,FSM,,,NO_NAME_COUNTRY_MATCH,,UNRESOLVED
port642,Les Sables D' Olonne,France,FRA,36960,LOC_WPI_36960,NAME_COUNTRY_EXACT,1.0,MATCHED
port643,Levuka,Fiji,FJI,55550,LOC_WPI_55550,NAME_COUNTRY_EXACT,1.0,MATCHED
port644,Lianyungang,China,CHN,60130,LOC_WPI_60130,NAME_COUNTRY_EXACT,1.0,MATCHED
port646,Liepaja,Latvia,LVA,28640,LOC_WPI_28640,NAME_COUNTRY_EXACT,1.0,MATCHED
port647,Limassol,Cyprus,CYP,44950,LOC_WPI_44950,NAME_COUNTRY_EXACT,1.0,MATCHED
port648,Limerick,Ireland,IRL,34110,LOC_WPI_34110,NAME_COUNTRY_EXACT,1.0,MATCHED
port649,Limetree Bay,United States Virgin Islands,VIR,,,NO_NAME_COUNTRY_MATCH,,UNRESOLVED
port65,Ardal,Norway,NOR,,,NO_NAME_COUNTRY_MATCH,,UNRESOLVED
port650,Linden,Guyana,GUY,12380,LOC_WPI_12380,NAME_COUNTRY_EXACT,1.0,MATCHED
port651,Lingkas,Indonesia,IDN,51780,LOC_WPI_51780,NAME_COUNTRY_EXACT,1.0,MATCHED
port652,Lirquen,Chile,CHL,14425,LOC_WPI_14425,NAME_COUNTRY_EXACT,1.0,MATCHED
port653,Lisboa,Portugal,PRT,37990,LOC_WPI_37990,NAME_COUNTRY_EXACT,1.0,MATCHED
port654,Liverpool,United Kingdom,GBR,34690,LOC_WPI_34690,NAME_COUNTRY_EXACT,1.0,MATCHED
port655,Livorno,Italy,ITA,39590,LOC_WPI_39590,NAME_COUNTRY_EXACT,1.0,MATCHED
port656,Lobito,Angola,AGO,46590,LOC_WPI_46590,NAME_COUNTRY_EXACT,1.0,MATCHED
port657,Lome,Togo,TGO,46090,LOC_WPI_46090,NAME_COUNTRY_EXACT,1.0,MATCHED
port658,London,United Kingdom,GBR,31470,LOC_WPI_31470,NAME_COUNTRY_EXACT,1.0,MATCHED
port659,London Gateway,United Kingdom,GBR,,,NO_NAME_COUNTRY_MATCH,,UNRESOLVED
port66,Argentia,Canada,CAN,1710,LOC_WPI_1710,NAME_COUNTRY_EXACT,1.0,MATCHED
port660,Londonderry,United Kingdom,GBR,33830,LOC_WPI_33830,NAME_COUNTRY_EXACT,1.0,MATCHED
port661,Longkou Gang,China,CHN,60170,LOC_WPI_60170,NAME_COUNTRY_EXACT,1.0,MATCHED
port662,Longyan Port,China,CHN,,,NO_NAME_COUNTRY_MATCH,,UNRESOLVED
port663,Lorient,France,FRA,36680,LOC_WPI_36680,NAME_COUNTRY_EXACT,1.0,MATCHED
port664,Los Angeles-Long Beach,United States,USA,,,NO_NAME_COUNTRY_MATCH,,UNRESOLVED
port665,Luanda,Angola,AGO,46560,LOC_WPI_46560,NAME_COUNTRY_EXACT,1.0,MATCHED
port666,Luba,Equatorial Guinea,GNQ,46330,LOC_WPI_46330,NAME_COUNTRY_EXACT,1.0,MATCHED
port667,Lubeck-Travemunde,Germany,DEU,28880,LOC_WPI_28880,NAME_COUNTRY_EXACT,1.0,MATCHED
port668,Luderitz Bay,Namibia,NAM,46650,LOC_WPI_46650,NAME_COUNTRY_EXACT,1.0,MATCHED
port669,Luganville,Vanuatu,VUT,57200,LOC_WPI_57200,NAME_COUNTRY_EXACT,1.0,MATCHED
port67,Aarhus,Denmark,DNK,,,NO_NAME_COUNTRY_MATCH,,UNRESOLVED
port670,Luleå,Sweden,SWE,27220,LOC_WPI_27220,NAME_COUNTRY_EXACT,1.0,MATCHED
port671,Lumut,Brunei Darussalam,BRN,,,NO_NAME_COUNTRY_MATCH,,UNRESOLVED
port672,Lumut,Malaysia,MYS,49890,LOC_WPI_49890,NAME_COUNTRY_EXACT,1.0,MATCHED
port673,Macaé,Brazil,BRA,12890,LOC_WPI_12890,NAME_COUNTRY_EXACT,1.0,MATCHED
port674,Macau,Macao SAR,MAC,,,NO_NAME_COUNTRY_MATCH,,UNRESOLVED
port675,Mackay,Australia,AUS,53400,LOC_WPI_53400,NAME_COUNTRY_EXACT,1.0,MATCHED
port676,Madang,Papua New Guinea,PNG,53250,LOC_WPI_53250,NAME_COUNTRY_EXACT,1.0,MATCHED
port677,Madre De Deus,Brazil,BRA,12775,LOC_WPI_12775,NAME_COUNTRY_EXACT,1.0,MATCHED
port678,Hambantota,Sri Lanka,LKA,49255,LOC_WPI_49255,NAME_COUNTRY_EXACT,1.0,MATCHED
port679,Magdalla,India,IND,48770,LOC_WPI_48770,NAME_COUNTRY_EXACT,1.0,MATCHED
port68,Arkhangelsk,Russian Federation,RUS,,,NO_NAME_COUNTRY_MATCH,,UNRESOLVED
port680,Majunga,Madagascar,MDG,,,NO_NAME_COUNTRY_MATCH,,UNRESOLVED
port681,Mailiao,Taiwan Province of China,TWN,,,NO_NAME_COUNTRY_MATCH,,UNRESOLVED
port682,Maizuru,Japan,JPN,,,NO_NAME_COUNTRY_MATCH,,UNRESOLVED
port683,Majuro,Marshall Islands,MHL,,,NO_NAME_COUNTRY_MATCH,,UNRESOLVED
port684,Makhachkala,Russian Federation,RUS,,,NO_NAME_COUNTRY_MATCH,,UNRESOLVED
port685,Malabo,Equatorial Guinea,GNQ,46320,LOC_WPI_46320,NAME_COUNTRY_EXACT,1.0,MATCHED
port686,Malaga,Spain,ESP,38370,LOC_WPI_38370,NAME_COUNTRY_EXACT,1.0,MATCHED
port687,Malau,Fiji,FJI,,,NO_NAME_COUNTRY_MATCH,,UNRESOLVED
port688,Malakal,Palau,PLW,,,NO_NAME_COUNTRY_MATCH,,UNRESOLVED
port689,Male,Maldives,MDV,49200,LOC_WPI_49200,NAME_COUNTRY_EXACT,1.0,MATCHED
port69,Arrecife,Spain,ESP,38190,LOC_WPI_38190,NAME_COUNTRY_EXACT,1.0,MATCHED
port690,Malmö,Sweden,SWE,24210,LOC_WPI_24210,NAME_COUNTRY_EXACT,1.0,MATCHED
port691,Malongo,Angola,AGO,,,NO_NAME_COUNTRY_MATCH,,UNRESOLVED
port692,Måløy,Norway,NOR,,,NO_NAME_COUNTRY_MATCH,,UNRESOLVED
port693,Manaus,Brazil,BRA,12560,LOC_WPI_12560,NAME_COUNTRY_EXACT,1.0,MATCHED
port694,Manila,Philippines,PHL,58370,LOC_WPI_58370,NAME_COUNTRY_EXACT,1.0,MATCHED
port695,Manitowoc,United States,USA,4890,LOC_WPI_4890,NAME_COUNTRY_EXACT,1.0,MATCHED
port696,Manokwari Road,Indonesia,IDN,53010,LOC_WPI_53010,NAME_COUNTRY_EXACT,1.0,MATCHED
port697,Manta,Ecuador,ECU,15310,LOC_WPI_15310,NAME_COUNTRY_EXACT,1.0,MATCHED
port698,Mäntyluoto,Finland,FIN,27750,LOC_WPI_27750,NAME_COUNTRY_EXACT,1.0,MATCHED
port699,Manzanillo,Mexico,MEX,15770,LOC_WPI_15770,NAME_COUNTRY_EXACT,1.0,MATCHED
port7,Acapulco,Mexico,MEX,15760,LOC_WPI_15760,NAME_COUNTRY_EXACT,1.0,MATCHED
port70,Arzew,Algeria,DZA,45630,LOC_WPI_45630,NAME_COUNTRY_EXACT,1.0,MATCHED
port700,Manzanillo,Panama,PAN,,,NO_NAME_COUNTRY_MATCH,,UNRESOLVED
port701,Map Ta Phut,Thailand,THA,57437,LOC_WPI_57437,NAME_COUNTRY_EXACT,1.0,MATCHED
port702,Maputo,Mozambique,MOZ,46870,LOC_WPI_46870,NAME_COUNTRY_EXACT,1.0,MATCHED
port703,Maracaibo,Venezuela,VEN,11960,LOC_WPI_11960,NAME_COUNTRY_EXACT,1.0,MATCHED
port704,Mariel,Cuba,CUB,10090,LOC_WPI_10090,NAME_COUNTRY_EXACT,1.0,MATCHED
port705,Marin,Spain,ESP,37860,LOC_WPI_37860,NAME_COUNTRY_EXACT,1.0,MATCHED
port706,Marina Di Carrara,Italy,ITA,39550,LOC_WPI_39550,NAME_COUNTRY_EXACT,1.0,MATCHED
port707,Mariupol,Ukraine,UKR,44010,LOC_WPI_44010,NAME_COUNTRY_EXACT,1.0,MATCHED
port708,Markenes,Norway,NOR,,,NO_NAME_COUNTRY_MATCH,,UNRESOLVED
port709,Mormugao,India,IND,,,NO_NAME_COUNTRY_MATCH,,UNRESOLVED
port71,As Suways,Egypt,EGY,48040,LOC_WPI_48040,NAME_COUNTRY_EXACT,1.0,MATCHED
port710,Mellitah,Libya,LBY,,,NO_NAME_COUNTRY_MATCH,,UNRESOLVED
port711,Marsaxlokk,Malta,MLT,40340,LOC_WPI_40340,NAME_COUNTRY_EXACT,1.0,MATCHED
port712,Marseille,France,FRA,38810,LOC_WPI_38810,NAME_COUNTRY_EXACT,1.0,MATCHED
port714,Marugame,Japan,JPN,,,NO_NAME_COUNTRY_MATCH,,UNRESOLVED
port715,Masan,Korea,KOR,,,NO_NAME_COUNTRY_MATCH,,UNRESOLVED
port716,Masao,Philippines,PHL,59343,LOC_WPI_59343,NAME_COUNTRY_EXACT,1.0,MATCHED
port717,Matadi,Democratic Republic of the Congo,COD,,,NO_NAME_COUNTRY_MATCH,,UNRESOLVED
port718,Matanzas,Cuba,CUB,10110,LOC_WPI_10110,NAME_COUNTRY_EXACT,1.0,MATCHED
port719,Matsusaka,Japan,JPN,61495,LOC_WPI_61495,NAME_COUNTRY_EXACT,1.0,MATCHED
port72,Sharjah,United Arab Emirates,ARE,,,NO_NAME_COUNTRY_MATCH,,UNRESOLVED
port720,Matsuyama,Japan,JPN,62030,LOC_WPI_62030,NAME_COUNTRY_EXACT,1.0,MATCHED
port721,Matthew Town,The Bahamas,BHS,10010,LOC_WPI_10010,NAME_COUNTRY_EXACT,1.0,MATCHED
port722,Maumere,Indonesia,IDN,51320,LOC_WPI_51320,NAME_COUNTRY_EXACT,1.0,MATCHED
port723,Mazatlan,Mexico,MEX,15810,LOC_WPI_15810,NAME_COUNTRY_EXACT,1.0,MATCHED
port724,Mbulo,Solomon Islands,SLB,,,NO_NAME_COUNTRY_MATCH,,UNRESOLVED
port726,Medway,United Kingdom,GBR,,,NO_NAME_COUNTRY_MATCH,,UNRESOLVED
port727,Medway City,United Kingdom,GBR,,,NO_NAME_COUNTRY_MATCH,,UNRESOLVED
port728,Mejillones,Chile,CHL,14670,LOC_WPI_14670,NAME_COUNTRY_EXACT,1.0,MATCHED
port729,Melbourne,Australia,AUS,54030,LOC_WPI_54030,NAME_COUNTRY_EXACT,1.0,MATCHED
port73,Ashdod,Israel,ISR,45100,LOC_WPI_45100,NAME_COUNTRY_EXACT,1.0,MATCHED
port730,Menominee,United States,USA,5030,LOC_WPI_5030,NAME_COUNTRY_EXACT,1.0,MATCHED
port731,Merak Mas Terminal,Indonesia,IDN,50922,LOC_WPI_50922,NAME_COUNTRY_EXACT,1.0,MATCHED
port732,Merauke,Indonesia,IDN,53130,LOC_WPI_53130,NAME_COUNTRY_EXACT,1.0,MATCHED
port733,Sfax,Tunisia,TUN,,,NO_NAME_COUNTRY_MATCH,,UNRESOLVED
port734,Marsa Tobruk,Libya,LBY,,,NO_NAME_COUNTRY_MATCH,,UNRESOLVED
port735,Mersin,Türkiye,TUR,,,NO_NAME_COUNTRY_MATCH,,UNRESOLVED
port736,Miami,United States,USA,8640,LOC_WPI_8640,NAME_COUNTRY_EXACT,1.0,MATCHED
port737,Midia,Romania,ROU,43568,LOC_WPI_43568,NAME_COUNTRY_EXACT,1.0,MATCHED
port738,Mikawa,Japan,JPN,61465,LOC_WPI_61465,NAME_COUNTRY_EXACT,1.0,MATCHED
port739,Milazzo,Italy,ITA,40110,LOC_WPI_40110,NAME_COUNTRY_EXACT,1.0,MATCHED
port74,Ashkelon,Israel,ISR,,,NO_NAME_COUNTRY_MATCH,,UNRESOLVED
port740,Milford Haven,United Kingdom,GBR,34880,LOC_WPI_34880,NAME_COUNTRY_EXACT,1.0,MATCHED
port741,Milner Bay,Australia,AUS,54671,LOC_WPI_54671,NAME_COUNTRY_EXACT,1.0,MATCHED
port742,Milwaukee,United States,USA,4860,LOC_WPI_4860,NAME_COUNTRY_EXACT,1.0,MATCHED
port743,Mina Al Ahmadi,Kuwait,KWT,48361,LOC_WPI_48361,NAME_COUNTRY_EXACT,1.0,MATCHED
port744,Jebel Ali,United Arab Emirates,ARE,,,NO_NAME_COUNTRY_MATCH,,UNRESOLVED
port745,Port Sultan Qaboos,Oman,OMN,,,NO_NAME_COUNTRY_MATCH,,UNRESOLVED
port746,Salalah,Oman,OMN,,,NO_NAME_COUNTRY_MATCH,,UNRESOLVED
port747,Mina Saqr,United Arab Emirates,ARE,48264,LOC_WPI_48264,NAME_COUNTRY_EXACT,1.0,MATCHED
port748,Tripoli,Libya,LBY,,,NO_NAME_COUNTRY_MATCH,,UNRESOLVED
port749,Mishima,Japan,JPN,,,NO_NAME_COUNTRY_MATCH,,UNRESOLVED
port75,Asprópirgos,Greece,GRC,,,NO_NAME_COUNTRY_MATCH,,UNRESOLVED
port750,Misrata,Libya,LBY,,,NO_NAME_COUNTRY_MATCH,,UNRESOLVED
port751,Massawa,Eritrea,ERI,,,NO_NAME_COUNTRY_MATCH,,UNRESOLVED
port752,Mizushima,Japan,JPN,,,NO_NAME_COUNTRY_MATCH,,UNRESOLVED
port753,Mo i Rana,Norway,NOR,22760,LOC_WPI_22760,NAME_COUNTRY_EXACT,1.0,MATCHED
port754,Mobile,United States,USA,8770,LOC_WPI_8770,NAME_COUNTRY_EXACT,1.0,MATCHED
port755,Chuuk,Micronesia,FSM,,,NO_NAME_COUNTRY_MATCH,,UNRESOLVED
port756,Mohammedia,Morocco,MAR,45790,LOC_WPI_45790,NAME_COUNTRY_EXACT,1.0,MATCHED
port757,Mombasa,Kenya,KEN,47100,LOC_WPI_47100,NAME_COUNTRY_EXACT,1.0,MATCHED
port758,Monfalcone,Italy,ITA,40790,LOC_WPI_40790,NAME_COUNTRY_EXACT,1.0,MATCHED
port759,Mongla,Bangladesh,BGD,49580,LOC_WPI_49580,NAME_COUNTRY_EXACT,1.0,MATCHED
port76,Astrakhan Port,Russian Federation,RUS,,,NO_NAME_COUNTRY_MATCH,,UNRESOLVED
port760,Mongstad,Norway,NOR,23138,LOC_WPI_23138,NAME_COUNTRY_EXACT,1.0,MATCHED
port761,Monopoli,Italy,ITA,40510,LOC_WPI_40510,NAME_COUNTRY_EXACT,1.0,MATCHED
port762,Monrovia,Liberia,LBR,45940,LOC_WPI_45940,NAME_COUNTRY_EXACT,1.0,MATCHED
port763,Montego Bay,Jamaica,JAM,10610,LOC_WPI_10610,NAME_COUNTRY_EXACT,1.0,MATCHED
port764,Montevideo,Uruguay,URY,13120,LOC_WPI_13120,NAME_COUNTRY_EXACT,1.0,MATCHED
port765,Montoir,France,FRA,36855,LOC_WPI_36855,NAME_COUNTRY_EXACT,1.0,MATCHED
port766,Montreal,Canada,CAN,2235,LOC_WPI_2235,NAME_COUNTRY_EXACT,1.0,MATCHED
port767,Morehead City,United States,USA,8430,LOC_WPI_8430,NAME_COUNTRY_EXACT,1.0,MATCHED
port769,Moroni,Comoros,COM,47300,LOC_WPI_47300,NAME_COUNTRY_EXACT,1.0,MATCHED
port77,Atapupu,Indonesia,IDN,,,NO_NAME_COUNTRY_MATCH,,UNRESOLVED
port770,Moss,Sweden,SWE,,,NO_NAME_COUNTRY_MATCH,,UNRESOLVED
port771,Mostaganem,Algeria,DZA,45620,LOC_WPI_45620,NAME_COUNTRY_EXACT,1.0,MATCHED
port772,Motril,Spain,ESP,38375,LOC_WPI_38375,NAME_COUNTRY_EXACT,1.0,MATCHED
port773,Mutsamudu,Comoros,COM,,,NO_NAME_COUNTRY_MATCH,,UNRESOLVED
port774,Muara,Brunei Darussalam,BRN,,,NO_NAME_COUNTRY_MATCH,,UNRESOLVED
port775,Muhammad Bin Qasim,Pakistan,PAK,,,NO_NAME_COUNTRY_MATCH,,UNRESOLVED
port776,Mumbai,India,IND,,,NO_NAME_COUNTRY_MATCH,,UNRESOLVED
port777,Mundra,India,IND,48617,LOC_WPI_48617,NAME_COUNTRY_EXACT,1.0,MATCHED
port778,Mogadishu,Somalia,SOM,,,NO_NAME_COUNTRY_MATCH,,UNRESOLVED
port779,Murmansk,Russian Federation,RUS,,,NO_NAME_COUNTRY_MATCH,,UNRESOLVED
port780,Muroran,Japan,JPN,,,NO_NAME_COUNTRY_MATCH,,UNRESOLVED
port781,Muuga-Port of Tallinn,Estonia,EST,,,NO_NAME_COUNTRY_MATCH,,UNRESOLVED
port782,Mykolaiv,Ukraine,UKR,,,NO_NAME_COUNTRY_MATCH,,UNRESOLVED
port783,Naantali,Finland,FIN,27805,LOC_WPI_27805,NAME_COUNTRY_EXACT,1.0,MATCHED
port784,Nacala,Mozambique,MOZ,46935,LOC_WPI_46935,NAME_COUNTRY_EXACT,1.0,MATCHED
port785,Nagasaki,Japan,JPN,62360,LOC_WPI_62360,NAME_COUNTRY_EXACT,1.0,MATCHED
port786,Nagoya,Japan,JPN,,,NO_NAME_COUNTRY_MATCH,,UNRESOLVED
port787,Nakhodka,Russian Federation,RUS,,,NO_NAME_COUNTRY_MATCH,,UNRESOLVED
port788,Namibe,Angola,AGO,46610,LOC_WPI_46610,NAME_COUNTRY_EXACT,1.0,MATCHED
port789,Namsos,Norway,NOR,23050,LOC_WPI_23050,NAME_COUNTRY_EXACT,1.0,MATCHED
port79,Auckland,New Zealand,NZL,55060,LOC_WPI_55060,NAME_COUNTRY_EXACT,1.0,MATCHED
port790,Nanao,Japan,JPN,,,NO_NAME_COUNTRY_MATCH,,UNRESOLVED
port791,Nantes,France,FRA,36900,LOC_WPI_36900,NAME_COUNTRY_EXACT,1.0,MATCHED
port792,Nantong,China,CHN,59991,LOC_WPI_59991,NAME_COUNTRY_EXACT,1.0,MATCHED
port793,Naoetsu,Japan,JPN,,,NO_NAME_COUNTRY_MATCH,,UNRESOLVED
port794,Napier,New Zealand,NZL,55130,LOC_WPI_55130,NAME_COUNTRY_EXACT,1.0,MATCHED
port795,Napoli,Italy,ITA,39960,LOC_WPI_39960,NAME_COUNTRY_EXACT,1.0,MATCHED
port796,Narvik,Norway,NOR,22030,LOC_WPI_22030,NAME_COUNTRY_EXACT,1.0,MATCHED
port797,Nasipit Port,Philippines,PHL,59345,LOC_WPI_59345,NAME_COUNTRY_EXACT,1.0,MATCHED
port798,Nassau,The Bahamas,BHS,9990,LOC_WPI_9990,NAME_COUNTRY_EXACT,1.0,MATCHED
port799,Natal,Brazil,BRA,12690,LOC_WPI_12690,NAME_COUNTRY_EXACT,1.0,MATCHED
port80,Augusta,Italy,ITA,40250,LOC_WPI_40250,NAME_COUNTRY_EXACT,1.0,MATCHED
port800,Nauru,Nauru,NRU,56500,LOC_WPI_56500,NAME_COUNTRY_EXACT,1.0,MATCHED
port801,Navlakhi,India,IND,48635,LOC_WPI_48635,NAME_COUNTRY_EXACT,1.0,MATCHED
port802,Ndora,Solomon Islands,SLB,,,NO_NAME_COUNTRY_MATCH,,UNRESOLVED
port803,Neiafu,Tonga,TON,55610,LOC_WPI_55610,NAME_COUNTRY_EXACT,1.0,MATCHED
port804,Nelson,New Zealand,NZL,55290,LOC_WPI_55290,NAME_COUNTRY_EXACT,1.0,MATCHED
port805,Nemrut Bay,Türkiye,TUR,,,NO_NAME_COUNTRY_MATCH,,UNRESOLVED
port806,Népoui,New Caledonia,NCL,,,NO_NAME_COUNTRY_MATCH,,UNRESOLVED
port807,New Amsterdam,Guyana,GUY,12390,LOC_WPI_12390,NAME_COUNTRY_EXACT,1.0,MATCHED
port808,New Bedford,United States,USA,7370,LOC_WPI_7370,NAME_COUNTRY_EXACT,1.0,MATCHED
port809,New Haven,United States,USA,7550,LOC_WPI_7550,NAME_COUNTRY_EXACT,1.0,MATCHED
port81,Avatiu,Cook Islands,COK,55740,LOC_WPI_55740,NAME_COUNTRY_EXACT,1.0,MATCHED
port810,New Holland,United Kingdom,GBR,31668,LOC_WPI_31668,NAME_COUNTRY_EXACT,1.0,MATCHED
port811,New Mangalore,India,IND,49030,LOC_WPI_49030,NAME_COUNTRY_EXACT,1.0,MATCHED
port812,New Orleans,United States,USA,8860,LOC_WPI_8860,NAME_COUNTRY_EXACT,1.0,MATCHED
port813,New Plymouth,New Zealand,NZL,55210,LOC_WPI_55210,NAME_COUNTRY_EXACT,1.0,MATCHED
port814,New Westminster,Canada,CAN,18100,LOC_WPI_18100,NAME_COUNTRY_EXACT,1.0,MATCHED
port815,New York-New Jersey,United States,USA,,,NO_NAME_COUNTRY_MATCH,,UNRESOLVED
port816,Newcastle,Australia,AUS,53610,LOC_WPI_53610,NAME_COUNTRY_EXACT,1.0,MATCHED
port817,Newport,United Kingdom,GBR,35015,LOC_WPI_35015,NAME_COUNTRY_EXACT,1.0,MATCHED
port818,Newport News,United States,USA,8300,LOC_WPI_8300,NAME_COUNTRY_EXACT,1.0,MATCHED
port819,Nghe Tinh,Vietnam,VNM,57660,LOC_WPI_57660,NAME_COUNTRY_EXACT,1.0,MATCHED
port82,Aveiro,Portugal,PRT,37970,LOC_WPI_37970,NAME_COUNTRY_EXACT,1.0,MATCHED
port820,Nice,France,FRA,38990,LOC_WPI_38990,NAME_COUNTRY_EXACT,1.0,MATCHED
port821,Nicholls Town,The Bahamas,BHS,,,NO_NAME_COUNTRY_MATCH,,UNRESOLVED
port822,Niigata,Japan,JPN,,,NO_NAME_COUNTRY_MATCH,,UNRESOLVED
port823,Niihama,Japan,JPN,62080,LOC_WPI_62080,NAME_COUNTRY_EXACT,1.0,MATCHED
port824,Ningbo,China,CHN,59940,LOC_WPI_59940,NAME_COUNTRY_EXACT,1.0,MATCHED
port826,Norfolk,United States,USA,8280,LOC_WPI_8280,NAME_COUNTRY_EXACT,1.0,MATCHED
port827,Norrköping,Sweden,SWE,25190,LOC_WPI_25190,NAME_COUNTRY_EXACT,1.0,MATCHED
port828,El Sokhna,Egypt,EGY,,,NO_NAME_COUNTRY_MATCH,,UNRESOLVED
port829,Noshiro,Japan,JPN,,,NO_NAME_COUNTRY_MATCH,,UNRESOLVED
port83,Aviles,Spain,ESP,37600,LOC_WPI_37600,NAME_COUNTRY_EXACT,1.0,MATCHED
port830,Nouadhibou,Mauritania,MRT,45812,LOC_WPI_45812,NAME_COUNTRY_EXACT,1.0,MATCHED
port831,Nouakchott,Mauritania,MRT,45814,LOC_WPI_45814,NAME_COUNTRY_EXACT,1.0,MATCHED
port832,Noumea,New Caledonia,NCL,57320,LOC_WPI_57320,NAME_COUNTRY_EXACT,1.0,MATCHED
port833,Novorossiysk,Russian Federation,RUS,,,NO_NAME_COUNTRY_MATCH,,UNRESOLVED
port834,Nowshahr Port,Iran,IRN,,,NO_NAME_COUNTRY_MATCH,,UNRESOLVED
port835,Nuevitas Bay,Cuba,CUB,10150,LOC_WPI_10150,NAME_COUNTRY_EXACT,1.0,MATCHED
port836,Nuku'alofa,Tonga,TON,55590,LOC_WPI_55590,NAME_COUNTRY_EXACT,1.0,MATCHED
port837,Nyborg,Denmark,DNK,29860,LOC_WPI_29860,NAME_COUNTRY_EXACT,1.0,MATCHED
port838,Nynäshamn,Sweden,SWE,25330,LOC_WPI_25330,NAME_COUNTRY_EXACT,1.0,MATCHED
port839,Oakland,United States,USA,16340,LOC_WPI_16340,NAME_COUNTRY_EXACT,1.0,MATCHED
port84,Bristol,United Kingdom,GBR,35070,LOC_WPI_35070,NAME_COUNTRY_EXACT,1.0,MATCHED
port840,Ocho Rios,Jamaica,JAM,10660,LOC_WPI_10660,NAME_COUNTRY_EXACT,1.0,MATCHED
port841,Odda,Norway,NOR,23240,LOC_WPI_23240,NAME_COUNTRY_EXACT,1.0,MATCHED
port842,Odense,Denmark,DNK,29880,LOC_WPI_29880,NAME_COUNTRY_EXACT,1.0,MATCHED
port843,Odessa,Ukraine,UKR,,,NO_NAME_COUNTRY_MATCH,,UNRESOLVED
port844,Ofunato,Japan,JPN,61320,LOC_WPI_61320,NAME_COUNTRY_EXACT,1.0,MATCHED
port845,Agioi Oil Terminal,Greece,GRC,,,NO_NAME_COUNTRY_MATCH,,UNRESOLVED
port846,Oita,Japan,JPN,,,NO_NAME_COUNTRY_MATCH,,UNRESOLVED
port847,Okaram,Turkmenistan,TKM,,,NO_NAME_COUNTRY_MATCH,,UNRESOLVED
port848,Olbia,Italy,ITA,39180,LOC_WPI_39180,NAME_COUNTRY_EXACT,1.0,MATCHED
port849,Omisalj,Croatia,HRV,41045,LOC_WPI_41045,NAME_COUNTRY_EXACT,1.0,MATCHED
port85,Az Zawiyah,Libya,LBY,,,NO_NAME_COUNTRY_MATCH,,UNRESOLVED
port850,Onahama,Japan,JPN,,,NO_NAME_COUNTRY_MATCH,,UNRESOLVED
port851,Onne,Nigeria,NGA,46208,LOC_WPI_46208,NAME_COUNTRY_EXACT,1.0,MATCHED
port852,Onoda,Japan,JPN,62079,LOC_WPI_62079,NAME_COUNTRY_EXACT,1.0,MATCHED
port853,Onomichi-Itozaki,Japan,JPN,61630,LOC_WPI_61630,NAME_COUNTRY_EXACT,1.0,MATCHED
port854,Onslow,Australia,AUS,54580,LOC_WPI_54580,NAME_COUNTRY_EXACT,1.0,MATCHED
port855,Oostende,Belgium,BEL,31310,LOC_WPI_31310,NAME_COUNTRY_EXACT,1.0,MATCHED
port856,Oran,Algeria,DZA,45640,LOC_WPI_45640,NAME_COUNTRY_EXACT,1.0,MATCHED
port857,Oranjestad,"Bonaire,  Saint Eustatius and Saba",BES,,,NO_NAME_COUNTRY_MATCH,,UNRESOLVED
port858,Ormoc,Philippines,PHL,58770,LOC_WPI_58770,NAME_COUNTRY_EXACT,1.0,MATCHED
port859,Ormos Aliveriou,Greece,GRC,42340,LOC_WPI_42340,NAME_COUNTRY_EXACT,1.0,MATCHED
port86,La Habana,Cuba,CUB,,,NO_NAME_COUNTRY_MATCH,,UNRESOLVED
port860,Oro Bay,Papua New Guinea,PNG,53206,LOC_WPI_53206,NAME_COUNTRY_EXACT,1.0,MATCHED
port861,Ortona,Italy,ITA,40620,LOC_WPI_40620,NAME_COUNTRY_EXACT,1.0,MATCHED
port862,Osaka,Japan,JPN,61550,LOC_WPI_61550,NAME_COUNTRY_EXACT,1.0,MATCHED
port863,Oskarshamn,Sweden,SWE,24690,LOC_WPI_24690,NAME_COUNTRY_EXACT,1.0,MATCHED
port864,Oslo,Norway,NOR,23810,LOC_WPI_23810,NAME_COUNTRY_EXACT,1.0,MATCHED
port866,Otaru,Japan,JPN,,,NO_NAME_COUNTRY_MATCH,,UNRESOLVED
port867,Oulu,Finland,FIN,27520,LOC_WPI_27520,NAME_COUNTRY_EXACT,1.0,MATCHED
port868,Oxelösund,Sweden,SWE,25280,LOC_WPI_25280,NAME_COUNTRY_EXACT,1.0,MATCHED
port869,PLTU Semen Tonasa,Indonesia,IDN,,,NO_NAME_COUNTRY_MATCH,,UNRESOLVED
port87,Bahia De Las Minas,Panama,PAN,9875,LOC_WPI_9875,NAME_COUNTRY_EXACT,1.0,MATCHED
port870,Paagoumène,New Caledonia,NCL,,,NO_NAME_COUNTRY_MATCH,,UNRESOLVED
port871,Oranjestad-Barcadera,Aruba,ABW,,,NO_NAME_COUNTRY_MATCH,,UNRESOLVED
port872,Pago Pago Harbor,American Samoa,ASM,55680,LOC_WPI_55680,NAME_COUNTRY_EXACT,1.0,MATCHED
port873,Paita,Peru,PER,15170,LOC_WPI_15170,NAME_COUNTRY_EXACT,1.0,MATCHED
port874,Paldiski,Estonia,EST,,,NO_NAME_COUNTRY_MATCH,,UNRESOLVED
port875,Palembang,Indonesia,IDN,50330,LOC_WPI_50330,NAME_COUNTRY_EXACT,1.0,MATCHED
port876,Palm Beach,United States,USA,8610,LOC_WPI_8610,NAME_COUNTRY_EXACT,1.0,MATCHED
port877,Palmeira,Cabo Verde,CPV,,,NO_NAME_COUNTRY_MATCH,,UNRESOLVED
port878,Palua,Venezuela,VEN,12330,LOC_WPI_12330,NAME_COUNTRY_EXACT,1.0,MATCHED
port879,Panama City,United States,USA,8750,LOC_WPI_8750,NAME_COUNTRY_EXACT,1.0,MATCHED
port88,Matarani,Peru,PER,,,NO_NAME_COUNTRY_MATCH,,UNRESOLVED
port881,Panjang,Indonesia,IDN,50380,LOC_WPI_50380,NAME_COUNTRY_EXACT,1.0,MATCHED
port882,Papeete,French Polynesia,PYF,55840,LOC_WPI_55840,NAME_COUNTRY_EXACT,1.0,MATCHED
port883,Paradip,India,IND,49535,LOC_WPI_49535,NAME_COUNTRY_EXACT,1.0,MATCHED
port884,Paramaribo,Suriname,SUR,12410,LOC_WPI_12410,NAME_COUNTRY_EXACT,1.0,MATCHED
port885,Paranaguá,Brazil,BRA,12980,LOC_WPI_12980,NAME_COUNTRY_EXACT,1.0,MATCHED
port886,Parepare,Indonesia,IDN,52297,LOC_WPI_52297,NAME_COUNTRY_EXACT,1.0,MATCHED
port887,Pärnu,Estonia,EST,28550,LOC_WPI_28550,NAME_COUNTRY_EXACT,1.0,MATCHED
port888,Pascagoula,United States,USA,8780,LOC_WPI_8780,NAME_COUNTRY_EXACT,1.0,MATCHED
port889,Patras,Greece,GRC,,,NO_NAME_COUNTRY_MATCH,,UNRESOLVED
port89,Bahia De Valparaiso,Chile,CHL,14500,LOC_WPI_14500,NAME_COUNTRY_EXACT,1.0,MATCHED
port890,Payra,Bangladesh,BGD,,,NO_NAME_COUNTRY_MATCH,,UNRESOLVED
port891,Sandakan,Malaysia,MYS,,,NO_NAME_COUNTRY_MATCH,,UNRESOLVED
port892,Pelabuhan Sungai Udang,Malaysia,MYS,49962,LOC_WPI_49962,NAME_COUNTRY_EXACT,1.0,MATCHED
port893,Pelabuhan Tanjung Wangi,Indonesia,IDN,,,NO_NAME_COUNTRY_MATCH,,UNRESOLVED
port894,PelabuhanRatuCoalPowerPlant,Indonesia,IDN,,,NO_NAME_COUNTRY_MATCH,,UNRESOLVED
port896,Pemba,Mozambique,MOZ,46940,LOC_WPI_46940,NAME_COUNTRY_EXACT,1.0,MATCHED
port897,Penglai,China,CHN,60165,LOC_WPI_60165,NAME_COUNTRY_EXACT,1.0,MATCHED
port898,Pepillo Salcedo (Manzanillo),Dominican Republic,DOM,,,NO_NAME_COUNTRY_MATCH,,UNRESOLVED
port899,Peterhead,United Kingdom,GBR,32230,LOC_WPI_32230,NAME_COUNTRY_EXACT,1.0,MATCHED
port9,Aden,Yemen,YEM,48190,LOC_WPI_48190,NAME_COUNTRY_EXACT,1.0,MATCHED
port90,Bahia Quintero (Ventanas),Chile,CHL,14510,LOC_WPI_14510,NAME_COUNTRY_EXACT,1.0,MATCHED
port901,Philadelphia,United States,USA,8110,LOC_WPI_8110,NAME_COUNTRY_EXACT,1.0,MATCHED
port902,Philipsburg,Sint Maarten,SXM,11370,LOC_WPI_11370,NAME_COUNTRY_EXACT,1.0,MATCHED
port903,Cai Mep,Vietnam,VNM,,,NO_NAME_COUNTRY_MATCH,,UNRESOLVED
port904,Phuket,Thailand,THA,49770,LOC_WPI_49770,NAME_COUNTRY_EXACT,1.0,MATCHED
port905,Pichilingue,Mexico,MEX,15917,LOC_WPI_15917,NAME_COUNTRY_EXACT,1.0,MATCHED
port906,Picton,New Zealand,NZL,55300,LOC_WPI_55300,NAME_COUNTRY_EXACT,1.0,MATCHED
port907,Pipavav Port,India,IND,,,NO_NAME_COUNTRY_MATCH,,UNRESOLVED
port908,Piraeus,Greece,GRC,,,NO_NAME_COUNTRY_MATCH,,UNRESOLVED
port909,Piteå,Sweden,SWE,27190,LOC_WPI_27190,NAME_COUNTRY_EXACT,1.0,MATCHED
port91,San Nicolas,Peru,PER,,,NO_NAME_COUNTRY_MATCH,,UNRESOLVED
port910,Guayanilla,Puerto Rico,PRI,,,NO_NAME_COUNTRY_MATCH,,UNRESOLVED
port912,Ploce,Croatia,HRV,41410,LOC_WPI_41410,NAME_COUNTRY_EXACT,1.0,MATCHED
port913,Plymouth,Montserrat,MSR,,,NO_NAME_COUNTRY_MATCH,,UNRESOLVED
port914,Plymouth,United Kingdom,GBR,35370,LOC_WPI_35370,NAME_COUNTRY_EXACT,1.0,MATCHED
port915,Pohang,Korea,KOR,,,NO_NAME_COUNTRY_MATCH,,UNRESOLVED
port916,Point Fortin,Trinidad and Tobago,TTO,11770,LOC_WPI_11770,NAME_COUNTRY_EXACT,1.0,MATCHED
port917,Point Lisas,Trinidad and Tobago,TTO,,,NO_NAME_COUNTRY_MATCH,,UNRESOLVED
port918,Point Murat,Australia,AUS,54575,LOC_WPI_54575,NAME_COUNTRY_EXACT,1.0,MATCHED
port919,Point Noire,Republic of Congo,COG,,,NO_NAME_COUNTRY_MATCH,,UNRESOLVED
port92,San Vicente,Chile,CHL,,,NO_NAME_COUNTRY_MATCH,,UNRESOLVED
port920,"Richmond, CA",United States,USA,,,NO_NAME_COUNTRY_MATCH,,UNRESOLVED
port921,Pointe A Pierre,Trinidad and Tobago,TTO,11730,LOC_WPI_11730,NAME_COUNTRY_EXACT,1.0,MATCHED
port922,Pointe A Pitre,Guadeloupe,GLP,11450,LOC_WPI_11450,NAME_COUNTRY_EXACT,1.0,MATCHED
port923,Pomalaa,Indonesia,IDN,52295,LOC_WPI_52295,NAME_COUNTRY_EXACT,1.0,MATCHED
port924,Ponta Delgada,Portugal,PRT,38100,LOC_WPI_38100,NAME_COUNTRY_EXACT,1.0,MATCHED
port925,Pontianak,Indonesia,IDN,51941,LOC_WPI_51941,NAME_COUNTRY_EXACT,1.0,MATCHED
port926,Poole,United Kingdom,GBR,,,NO_NAME_COUNTRY_MATCH,,UNRESOLVED
port927,Pohnpei,Micronesia,FSM,,,NO_NAME_COUNTRY_MATCH,,UNRESOLVED
port928,Porsgrunn,Norway,NOR,23670,LOC_WPI_23670,NAME_COUNTRY_EXACT,1.0,MATCHED
port929,Port Adelaide,Australia,AUS,54220,LOC_WPI_54220,NAME_COUNTRY_EXACT,1.0,MATCHED
port93,Baie Comeau,Canada,CAN,2015,LOC_WPI_2015,NAME_COUNTRY_EXACT,1.0,MATCHED
port930,Port Alma,Australia,AUS,53440,LOC_WPI_53440,NAME_COUNTRY_EXACT,1.0,MATCHED
port931,Port Angeles,Canada,CAN,,,NO_NAME_COUNTRY_MATCH,,UNRESOLVED
port932,Port Aransas,United States,USA,9310,LOC_WPI_9310,NAME_COUNTRY_EXACT,1.0,MATCHED
port933,Port Arthur,United States,USA,9080,LOC_WPI_9080,NAME_COUNTRY_EXACT,1.0,MATCHED
port934,Port Au Prince,Haiti,HTI,10880,LOC_WPI_10880,NAME_COUNTRY_EXACT,1.0,MATCHED
port935,Channel-Port aux Basques,Canada,CAN,,,NO_NAME_COUNTRY_MATCH,,UNRESOLVED
port936,Bayside Charlotte,Canada,CAN,,,NO_NAME_COUNTRY_MATCH,,UNRESOLVED
port937,Port Bonython,Australia,AUS,54325,LOC_WPI_54325,NAME_COUNTRY_EXACT,1.0,MATCHED
port938,Port Cartier,Canada,CAN,1958,LOC_WPI_1958,NAME_COUNTRY_EXACT,1.0,MATCHED
port939,Ajaccio,France,FRA,,,NO_NAME_COUNTRY_MATCH,,UNRESOLVED
port94,Baie De Kouaoua,New Caledonia,NCL,57275,LOC_WPI_57275,NAME_COUNTRY_EXACT,1.0,MATCHED
port940,Bell Bay,Australia,AUS,,,NO_NAME_COUNTRY_MATCH,,UNRESOLVED
port941,Port De Aracaju,Brazil,BRA,12760,LOC_WPI_12760,NAME_COUNTRY_EXACT,1.0,MATCHED
port942,Caen,France,FRA,,,NO_NAME_COUNTRY_MATCH,,UNRESOLVED
port943,Port De Kribi,Cameroon,CMR,,,NO_NAME_COUNTRY_MATCH,,UNRESOLVED
port944,Port De Salvador,Brazil,BRA,12770,LOC_WPI_12770,NAME_COUNTRY_EXACT,1.0,MATCHED
port945,Port Dickson,Malaysia,MYS,49960,LOC_WPI_49960,NAME_COUNTRY_EXACT,1.0,MATCHED
port946,Port Dover,Canada,CAN,3270,LOC_WPI_3270,NAME_COUNTRY_EXACT,1.0,MATCHED
port948,Port Elizabeth,South Africa,ZAF,46820,LOC_WPI_46820,NAME_COUNTRY_EXACT,1.0,MATCHED
port949,Port Esquivel,Jamaica,JAM,10772,LOC_WPI_10772,NAME_COUNTRY_EXACT,1.0,MATCHED
port95,Marigot,Saint Martin,MAF,,,NO_NAME_COUNTRY_MATCH,,UNRESOLVED
port950,Port Est,Réunion,REU,47690,LOC_WPI_47690,NAME_COUNTRY_EXACT,1.0,MATCHED
port951,Port Everglades,United States,USA,8630,LOC_WPI_8630,NAME_COUNTRY_EXACT,1.0,MATCHED
port952,Port Gentil,Gabon,GAB,46440,LOC_WPI_46440,NAME_COUNTRY_EXACT,1.0,MATCHED
port953,Port Giles,Australia,AUS,54255,LOC_WPI_54255,NAME_COUNTRY_EXACT,1.0,MATCHED
port954,Port Harcourt,Nigeria,NGA,46210,LOC_WPI_46210,NAME_COUNTRY_EXACT,1.0,MATCHED
port955,Port Hedland,Australia,AUS,54620,LOC_WPI_54620,NAME_COUNTRY_EXACT,1.0,MATCHED
port956,Port Hueneme,United States,USA,16120,LOC_WPI_16120,NAME_COUNTRY_EXACT,1.0,MATCHED
port958,Port Jerome,France,FRA,,,NO_NAME_COUNTRY_MATCH,,UNRESOLVED
port959,Port Kembla,Australia,AUS,53690,LOC_WPI_53690,NAME_COUNTRY_EXACT,1.0,MATCHED
port960,Port Klang,Malaysia,MYS,49930,LOC_WPI_49930,NAME_COUNTRY_EXACT,1.0,MATCHED
port961,Kyaukpyu,Myanmar,MMR,,,NO_NAME_COUNTRY_MATCH,,UNRESOLVED
port962,Port Latta,Australia,AUS,54875,LOC_WPI_54875,NAME_COUNTRY_EXACT,1.0,MATCHED
port963,Port Lavaca,United States,USA,9270,LOC_WPI_9270,NAME_COUNTRY_EXACT,1.0,MATCHED
port964,Port Lincoln,Australia,AUS,54350,LOC_WPI_54350,NAME_COUNTRY_EXACT,1.0,MATCHED
port965,Port Louis,Mauritius,MUS,47720,LOC_WPI_47720,NAME_COUNTRY_EXACT,1.0,MATCHED
port966,Lyttelton,New Zealand,NZL,,,NO_NAME_COUNTRY_MATCH,,UNRESOLVED
port967,Port Manatee,United States,USA,8667,LOC_WPI_8667,NAME_COUNTRY_EXACT,1.0,MATCHED
port969,Skikda (Port Methanier),Algeria,DZA,,,NO_NAME_COUNTRY_MATCH,,UNRESOLVED
port97,Baie Ugué,New Caledonia,NCL,57325,LOC_WPI_57325,NAME_COUNTRY_EXACT,1.0,MATCHED
port970,Port Moresby,Papua New Guinea,PNG,53160,LOC_WPI_53160,NAME_COUNTRY_EXACT,1.0,MATCHED
port971,Port Nador,Morocco,MAR,45762,LOC_WPI_45762,NAME_COUNTRY_EXACT,1.0,MATCHED
port972,Noro,Solomon Islands,SLB,,,NO_NAME_COUNTRY_MATCH,,UNRESOLVED
port973,Port Owendo,Gabon,GAB,46435,LOC_WPI_46435,NAME_COUNTRY_EXACT,1.0,MATCHED
port974,Port Pirie,Australia,AUS,54290,LOC_WPI_54290,NAME_COUNTRY_EXACT,1.0,MATCHED
port976,Port Saint Louis Du Rhone,France,FRA,38770,LOC_WPI_38770,NAME_COUNTRY_EXACT,1.0,MATCHED
port977,Port Sudan,Sudan,SDN,47940,LOC_WPI_47940,NAME_COUNTRY_EXACT,1.0,MATCHED
port978,Taman,Russian Federation,RUS,,,NO_NAME_COUNTRY_MATCH,,UNRESOLVED
port979,Port Vale Knights,Cabo Verde,CPV,,,NO_NAME_COUNTRY_MATCH,,UNRESOLVED
port98,Bajo Grande,Venezuela,VEN,12034,LOC_WPI_12034,NAME_COUNTRY_EXACT,1.0,MATCHED
port980,Port Vila,Vanuatu,VUT,57230,LOC_WPI_57230,NAME_COUNTRY_EXACT,1.0,MATCHED
port981,Port Walcott,Australia,AUS,54600,LOC_WPI_54600,NAME_COUNTRY_EXACT,1.0,MATCHED
port982,Port de Longoni,Mayotte,MYT,,,NO_NAME_COUNTRY_MATCH,,UNRESOLVED
port983,Can Tho,Vietnam,VNM,,,NO_NAME_COUNTRY_MATCH,,UNRESOLVED
port984,Duqm,Oman,OMN,48235,LOC_WPI_48235,NAME_COUNTRY_EXACT,1.0,MATCHED
port985,Le Havre,France,FRA,,,NO_NAME_COUNTRY_MATCH,,UNRESOLVED
port986,Rouen,France,FRA,,,NO_NAME_COUNTRY_MATCH,,UNRESOLVED
port988,Port of Sohar,Oman,OMN,48257,LOC_WPI_48257,NAME_COUNTRY_EXACT,1.0,MATCHED
port989,Port of Spain,Trinidad and Tobago,TTO,11720,LOC_WPI_11720,NAME_COUNTRY_EXACT,1.0,MATCHED
port99,Bakar,Croatia,HRV,41030,LOC_WPI_41030,NAME_COUNTRY_EXACT,1.0,MATCHED
port990,Port-De-Bouc,France,FRA,38780,LOC_WPI_38780,NAME_COUNTRY_EXACT,1.0,MATCHED
port991,Port-La-Nouvelle,France,FRA,38730,LOC_WPI_38730,NAME_COUNTRY_EXACT,1.0,MATCHED
port992,Portland,Australia,AUS,54140,LOC_WPI_54140,NAME_COUNTRY_EXACT,1.0,MATCHED
port993,"Portland, OR",United States,USA,,,NO_NAME_COUNTRY_MATCH,,UNRESOLVED
port994,Portland Harbour,United Kingdom,GBR,35450,LOC_WPI_35450,NAME_COUNTRY_EXACT,1.0,MATCHED
port995,"Portland, ME",United States,USA,,,NO_NAME_COUNTRY_MATCH,,UNRESOLVED
port996,Portmouth,United States,USA,,,NO_NAME_COUNTRY_MATCH,,UNRESOLVED
port997,Porto Alegre,Brazil,BRA,13080,LOC_WPI_13080,NAME_COUNTRY_EXACT,1.0,MATCHED
port998,Porto Da Praia,Cabo Verde,CPV,45910,LOC_WPI_45910,NAME_COUNTRY_EXACT,1.0,MATCHED
port999,Leixoes,Portugal,PRT,,,NO_NAME_COUNTRY_MATCH,,UNRESOLVED
