source,source_port_id,source_name,source_country,canonical_location_id,wpi_number,match_method,status
PORTWATCH,fso0,Brazil - Offshore Oil Terminal 1,Brazil,PW_PORT_fso0,,SOURCE_NATIVE,SOURCE_NATIVE
PORTWATCH,fso1,Brazil - Offshore Oil Terminal 10,Brazil,PW_PORT_fso1,,SOURCE_NATIVE,SOURCE_NATIVE
PORTWATCH,fso10,Brazil - Offshore Oil Terminal 19,Brazil,PW_PORT_fso10,,SOURCE_NATIVE,SOURCE_NATIVE
PORTWATCH,fso100,Indonesia - Offshore Oil Terminal 9,Indonesia,PW_PORT_fso100,,SOURCE_NATIVE,SOURCE_NATIVE
PORTWATCH,fso101,Israel - Offshore Oil Terminal 1,Israel,PW_PORT_fso101,,SOURCE_NATIVE,SOURCE_NATIVE
PORTWATCH,fso102,Italy - Offshore Oil Terminal 1,Italy,PW_PORT_fso102,,SOURCE_NATIVE,SOURCE_NATIVE
PORTWATCH,fso103,Italy - Offshore Oil Terminal 2,Italy,PW_PORT_fso103,,SOURCE_NATIVE,SOURCE_NATIVE
PORTWATCH,fso104,Jamaica - Offshore Oil Terminal 1,Jamaica,PW_PORT_fso104,,SOURCE_NATIVE,SOURCE_NATIVE
PORTWATCH,fso105,Libya - Offshore Oil Terminal 1,Libya,PW_PORT_fso105,,SOURCE_NATIVE,SOURCE_NATIVE
PORTWATCH,fso106,Malaysia - Offshore Oil Terminal 1,Malaysia,PW_PORT_fso106,,SOURCE_NATIVE,SOURCE_NATIVE
PORTWATCH,fso107,Malaysia - Offshore Oil Terminal 10,Malaysia,PW_PORT_fso107,,SOURCE_NATIVE,SOURCE_NATIVE
PORTWATCH,fso108,Malaysia - Offshore Oil Terminal 11,Malaysia,PW_PORT_fso108,,SOURCE_NATIVE,SOURCE_NATIVE
PORTWATCH,fso109,Malaysia - Offshore Oil Terminal 12,Malaysia,PW_PORT_fso109,,SOURCE_NATIVE,SOURCE_NATIVE
PORTWATCH,fso11,Brazil - Offshore Oil Terminal 2,Brazil,PW_PORT_fso11,,SOURCE_NATIVE,SOURCE_NATIVE
PORTWATCH,fso110,Malaysia - Offshore Oil Terminal 13,Malaysia,PW_PORT_fso110,,SOURCE_NATIVE,SOURCE_NATIVE
PORTWATCH,fso111,Malaysia - Offshore Oil Terminal 14,Malaysia,PW_PORT_fso111,,SOURCE_NATIVE,SOURCE_NATIVE
PORTWATCH,fso112,Malaysia - Offshore Oil Terminal 15,Malaysia,PW_PORT_fso112,,SOURCE_NATIVE,SOURCE_NATIVE
PORTWATCH,fso113,Malaysia - Offshore Oil Terminal 16,Malaysia,PW_PORT_fso113,,SOURCE_NATIVE,SOURCE_NATIVE
PORTWATCH,fso114,Malaysia - Offshore Oil Terminal 17,Malaysia,PW_PORT_fso114,,SOURCE_NATIVE,SOURCE_NATIVE
PORTWATCH,fso115,Malaysia - Offshore Oil Terminal 18,Malaysia,PW_PORT_fso115,,SOURCE_NATIVE,SOURCE_NATIVE
PORTWATCH,fso116,Malaysia - Offshore Oil Terminal 2,Malaysia,PW_PORT_fso116,,SOURCE_NATIVE,SOURCE_NATIVE
PORTWATCH,fso117,Malaysia - Offshore Oil Terminal 3,Malaysia,PW_PORT_fso117,,SOURCE_NATIVE,SOURCE_NATIVE
PORTWATCH,fso118,Malaysia - Offshore Oil Terminal 4,Malaysia,PW_PORT_fso118,,SOURCE_NATIVE,SOURCE_NATIVE
PORTWATCH,fso119,Malaysia - Offshore Oil Terminal 5,Malaysia,PW_PORT_fso119,,SOURCE_NATIVE,SOURCE_NATIVE
PORTWATCH,fso12,Brazil - Offshore Oil Terminal 20,Brazil,PW_PORT_fso12,,SOURCE_NATIVE,SOURCE_NATIVE
PORTWATCH,fso120,Malaysia - Offshore Oil Terminal 6,Malaysia,PW_PORT_fso120,,SOURCE_NATIVE,SOURCE_NATIVE
PORTWATCH,fso121,Malaysia - Offshore Oil Terminal 7,Malaysia,PW_PORT_fso121,,SOURCE_NATIVE,SOURCE_NATIVE
PORTWATCH,fso122,Malaysia - Offshore Oil Terminal 8,Malaysia,PW_PORT_fso122,,SOURCE_NATIVE,SOURCE_NATIVE
PORTWATCH,fso123,Malaysia - Offshore Oil Terminal 9,Malaysia,PW_PORT_fso123,,SOURCE_NATIVE,SOURCE_NATIVE
PORTWATCH,fso124,Mauritania - Offshore Oil Terminal 1,Mauritania,PW_PORT_fso124,,SOURCE_NATIVE,SOURCE_NATIVE
PORTWATCH,fso125,Mexico - Offshore Oil Terminal 1,Mexico,PW_PORT_fso125,,SOURCE_NATIVE,SOURCE_NATIVE
PORTWATCH,fso126,Mozambique - Offshore Oil Terminal 1,Mozambique,PW_PORT_fso126,,SOURCE_NATIVE,SOURCE_NATIVE
PORTWATCH,fso127,New Zealand - Offshore Oil Terminal 1,New Zealand,PW_PORT_fso127,,SOURCE_NATIVE,SOURCE_NATIVE
PORTWATCH,fso128,Nigeria - Offshore Oil Terminal 1,Nigeria,PW_PORT_fso128,,SOURCE_NATIVE,SOURCE_NATIVE
PORTWATCH,fso129,Nigeria - Offshore Oil Terminal 10,Nigeria,PW_PORT_fso129,,SOURCE_NATIVE,SOURCE_NATIVE
PORTWATCH,fso13,Brazil - Offshore Oil Terminal 21,Brazil,PW_PORT_fso13,,SOURCE_NATIVE,SOURCE_NATIVE
PORTWATCH,fso130,Nigeria - Offshore Oil Terminal 11,Nigeria,PW_PORT_fso130,,SOURCE_NATIVE,SOURCE_NATIVE
PORTWATCH,fso131,Nigeria - Offshore Oil Terminal 12,Nigeria,PW_PORT_fso131,,SOURCE_NATIVE,SOURCE_NATIVE
PORTWATCH,fso132,Nigeria - Offshore Oil Terminal 13,Nigeria,PW_PORT_fso132,,SOURCE_NATIVE,SOURCE_NATIVE
PORTWATCH,fso133,Nigeria - Offshore Oil Terminal 14,Nigeria,PW_PORT_fso133,,SOURCE_NATIVE,SOURCE_NATIVE
PORTWATCH,fso134,Nigeria - Offshore Oil Terminal 15,Nigeria,PW_PORT_fso134,,SOURCE_NATIVE,SOURCE_NATIVE
PORTWATCH,fso135,Nigeria - Offshore Oil Terminal 16,Nigeria,PW_PORT_fso135,,SOURCE_NATIVE,SOURCE_NATIVE
PORTWATCH,fso136,Nigeria - Offshore Oil Terminal 17,Nigeria,PW_PORT_fso136,,SOURCE_NATIVE,SOURCE_NATIVE
PORTWATCH,fso137,Nigeria - Offshore Oil Terminal 18,Nigeria,PW_PORT_fso137,,SOURCE_NATIVE,SOURCE_NATIVE
PORTWATCH,fso138,Nigeria - Offshore Oil Terminal 2,Nigeria,PW_PORT_fso138,,SOURCE_NATIVE,SOURCE_NATIVE
PORTWATCH,fso139,Nigeria - Offshore Oil Terminal 3,Nigeria,PW_PORT_fso139,,SOURCE_NATIVE,SOURCE_NATIVE
PORTWATCH,fso14,Brazil - Offshore Oil Terminal 22,Brazil,PW_PORT_fso14,,SOURCE_NATIVE,SOURCE_NATIVE
PORTWATCH,fso140,Nigeria - Offshore Oil Terminal 4,Nigeria,PW_PORT_fso140,,SOURCE_NATIVE,SOURCE_NATIVE
PORTWATCH,fso141,Nigeria - Offshore Oil Terminal 5,Nigeria,PW_PORT_fso141,,SOURCE_NATIVE,SOURCE_NATIVE
PORTWATCH,fso142,Nigeria - Offshore Oil Terminal 6,Nigeria,PW_PORT_fso142,,SOURCE_NATIVE,SOURCE_NATIVE
PORTWATCH,fso143,Nigeria - Offshore Oil Terminal 7,Nigeria,PW_PORT_fso143,,SOURCE_NATIVE,SOURCE_NATIVE
PORTWATCH,fso144,Nigeria - Offshore Oil Terminal 8,Nigeria,PW_PORT_fso144,,SOURCE_NATIVE,SOURCE_NATIVE
PORTWATCH,fso145,Nigeria - Offshore Oil Terminal 9,Nigeria,PW_PORT_fso145,,SOURCE_NATIVE,SOURCE_NATIVE
PORTWATCH,fso146,Norway - Offshore Oil Terminal 1,Norway,PW_PORT_fso146,,SOURCE_NATIVE,SOURCE_NATIVE
PORTWATCH,fso147,Norway - Offshore Oil Terminal 2,Norway,PW_PORT_fso147,,SOURCE_NATIVE,SOURCE_NATIVE
PORTWATCH,fso148,Norway - Offshore Oil Terminal 3,Norway,PW_PORT_fso148,,SOURCE_NATIVE,SOURCE_NATIVE
PORTWATCH,fso149,Norway - Offshore Oil Terminal 4,Norway,PW_PORT_fso149,,SOURCE_NATIVE,SOURCE_NATIVE
PORTWATCH,fso15,Brazil - Offshore Oil Terminal 23,Brazil,PW_PORT_fso15,,SOURCE_NATIVE,SOURCE_NATIVE
PORTWATCH,fso150,Norway - Offshore Oil Terminal 5,Norway,PW_PORT_fso150,,SOURCE_NATIVE,SOURCE_NATIVE
PORTWATCH,fso151,Oman - Offshore Oil Terminal 1,Oman,PW_PORT_fso151,,SOURCE_NATIVE,SOURCE_NATIVE
PORTWATCH,fso152,Philippines - Offshore Oil Terminal 1,Philippines,PW_PORT_fso152,,SOURCE_NATIVE,SOURCE_NATIVE
PORTWATCH,fso153,Republic of Congo - Offshore Oil Terminal 1,Republic of Congo,PW_PORT_fso153,,SOURCE_NATIVE,SOURCE_NATIVE
PORTWATCH,fso154,Republic of Congo - Offshore Oil Terminal 2,Republic of Congo,PW_PORT_fso154,,SOURCE_NATIVE,SOURCE_NATIVE
PORTWATCH,fso155,Republic of Congo - Offshore Oil Terminal 3,Republic of Congo,PW_PORT_fso155,,SOURCE_NATIVE,SOURCE_NATIVE
PORTWATCH,fso156,Russian Federation - Offshore Oil Terminal 1,Russian Federation,PW_PORT_fso156,,SOURCE_NATIVE,SOURCE_NATIVE
PORTWATCH,fso157,Russian Federation - Offshore Oil Terminal 2,Russian Federation,PW_PORT_fso157,,SOURCE_NATIVE,SOURCE_NATIVE
PORTWATCH,fso158,Saudi Arabia - Offshore Oil Terminal 1,Saudi Arabia,PW_PORT_fso158,,SOURCE_NATIVE,SOURCE_NATIVE
PORTWATCH,fso159,Senegal - Offshore Oil Terminal 1,Senegal,PW_PORT_fso159,,SOURCE_NATIVE,SOURCE_NATIVE
PORTWATCH,fso16,Brazil - Offshore Oil Terminal 24,Brazil,PW_PORT_fso16,,SOURCE_NATIVE,SOURCE_NATIVE
PORTWATCH,fso160,Senegal - Offshore Oil Terminal 2,Senegal,PW_PORT_fso160,,SOURCE_NATIVE,SOURCE_NATIVE
PORTWATCH,fso161,Singapore - Offshore Oil Terminal 1,Singapore,PW_PORT_fso161,,SOURCE_NATIVE,SOURCE_NATIVE
PORTWATCH,fso162,Thailand - Offshore Oil Terminal 1,Thailand,PW_PORT_fso162,,SOURCE_NATIVE,SOURCE_NATIVE
PORTWATCH,fso163,Thailand - Offshore Oil Terminal 2,Thailand,PW_PORT_fso163,,SOURCE_NATIVE,SOURCE_NATIVE
PORTWATCH,fso164,Thailand - Offshore Oil Terminal 3,Thailand,PW_PORT_fso164,,SOURCE_NATIVE,SOURCE_NATIVE
PORTWATCH,fso165,Thailand - Offshore Oil Terminal 4,Thailand,PW_PORT_fso165,,SOURCE_NATIVE,SOURCE_NATIVE
PORTWATCH,fso166,Thailand - Offshore Oil Terminal 5,Thailand,PW_PORT_fso166,,SOURCE_NATIVE,SOURCE_NATIVE
PORTWATCH,fso167,Timor-Leste - Offshore Oil Terminal 1,Timor-Leste,PW_PORT_fso167,,SOURCE_NATIVE,SOURCE_NATIVE
PORTWATCH,fso168,Tunisia - Offshore Oil Terminal 1,Tunisia,PW_PORT_fso168,,SOURCE_NATIVE,SOURCE_NATIVE
PORTWATCH,fso169,United Kingdom - Offshore Oil Terminal 1,United Kingdom,PW_PORT_fso169,,SOURCE_NATIVE,SOURCE_NATIVE
PORTWATCH,fso17,Brazil - Offshore Oil Terminal 25,Brazil,PW_PORT_fso17,,SOURCE_NATIVE,SOURCE_NATIVE
PORTWATCH,fso170,United Kingdom - Offshore Oil Terminal 2,United Kingdom,PW_PORT_fso170,,SOURCE_NATIVE,SOURCE_NATIVE
PORTWATCH,fso171,United Kingdom - Offshore Oil Terminal 3,United Kingdom,PW_PORT_fso171,,SOURCE_NATIVE,SOURCE_NATIVE
PORTWATCH,fso172,United Kingdom - Offshore Oil Terminal 4,United Kingdom,PW_PORT_fso172,,SOURCE_NATIVE,SOURCE_NATIVE
PORTWATCH,fso173,United Kingdom - Offshore Oil Terminal 5,United Kingdom,PW_PORT_fso173,,SOURCE_NATIVE,SOURCE_NATIVE
PORTWATCH,fso174,United Kingdom - Offshore Oil Terminal 6,United Kingdom,PW_PORT_fso174,,SOURCE_NATIVE,SOURCE_NATIVE
PORTWATCH,fso175,United States - Offshore Oil Terminal 1,United States,PW_PORT_fso175,,SOURCE_NATIVE,SOURCE_NATIVE
PORTWATCH,fso176,Venezuela - Offshore Oil Terminal 1,Venezuela,PW_PORT_fso176,,SOURCE_NATIVE,SOURCE_NATIVE
PORTWATCH,fso177,Vietnam - Offshore Oil Terminal 1,Vietnam,PW_PORT_fso177,,SOURCE_NATIVE,SOURCE_NATIVE
PORTWATCH,fso178,Vietnam - Offshore Oil Terminal 2,Vietnam,PW_PORT_fso178,,SOURCE_NATIVE,SOURCE_NATIVE
PORTWATCH,fso179,Vietnam - Offshore Oil Terminal 3,Vietnam,PW_PORT_fso179,,SOURCE_NATIVE,SOURCE_NATIVE
PORTWATCH,fso18,Brazil - Offshore Oil Terminal 26,Brazil,PW_PORT_fso18,,SOURCE_NATIVE,SOURCE_NATIVE
PORTWATCH,fso180,Republic of Congo - Offshore Oil Terminal 4,Republic of Congo,PW_PORT_fso180,,SOURCE_NATIVE,SOURCE_NATIVE
PORTWATCH,fso19,Brazil - Offshore Oil Terminal 27,Brazil,PW_PORT_fso19,,SOURCE_NATIVE,SOURCE_NATIVE
PORTWATCH,fso2,Brazil - Offshore Oil Terminal 11,Brazil,PW_PORT_fso2,,SOURCE_NATIVE,SOURCE_NATIVE
PORTWATCH,fso20,Brazil - Offshore Oil Terminal 28,Brazil,PW_PORT_fso20,,SOURCE_NATIVE,SOURCE_NATIVE
PORTWATCH,fso21,Brazil - Offshore Oil Terminal 29,Brazil,PW_PORT_fso21,,SOURCE_NATIVE,SOURCE_NATIVE
PORTWATCH,fso22,Brazil - Offshore Oil Terminal 3,Brazil,PW_PORT_fso22,,SOURCE_NATIVE,SOURCE_NATIVE
PORTWATCH,fso23,Brazil - Offshore Oil Terminal 30,Brazil,PW_PORT_fso23,,SOURCE_NATIVE,SOURCE_NATIVE
PORTWATCH,fso24,Brazil - Offshore Oil Terminal 31,Brazil,PW_PORT_fso24,,SOURCE_NATIVE,SOURCE_NATIVE
PORTWATCH,fso25,Brazil - Offshore Oil Terminal 32,Brazil,PW_PORT_fso25,,SOURCE_NATIVE,SOURCE_NATIVE
PORTWATCH,fso26,Brazil - Offshore Oil Terminal 33,Brazil,PW_PORT_fso26,,SOURCE_NATIVE,SOURCE_NATIVE
PORTWATCH,fso27,Brazil - Offshore Oil Terminal 34,Brazil,PW_PORT_fso27,,SOURCE_NATIVE,SOURCE_NATIVE
PORTWATCH,fso28,Brazil - Offshore Oil Terminal 35,Brazil,PW_PORT_fso28,,SOURCE_NATIVE,SOURCE_NATIVE
PORTWATCH,fso29,Brazil - Offshore Oil Terminal 36,Brazil,PW_PORT_fso29,,SOURCE_NATIVE,SOURCE_NATIVE
PORTWATCH,fso3,Brazil - Offshore Oil Terminal 12,Brazil,PW_PORT_fso3,,SOURCE_NATIVE,SOURCE_NATIVE
PORTWATCH,fso30,Brazil - Offshore Oil Terminal 37,Brazil,PW_PORT_fso30,,SOURCE_NATIVE,SOURCE_NATIVE
PORTWATCH,fso31,Brazil - Offshore Oil Terminal 38,Brazil,PW_PORT_fso31,,SOURCE_NATIVE,SOURCE_NATIVE
PORTWATCH,fso32,Brazil - Offshore Oil Terminal 39,Brazil,PW_PORT_fso32,,SOURCE_NATIVE,SOURCE_NATIVE
PORTWATCH,fso33,Brazil - Offshore Oil Terminal 4,Brazil,PW_PORT_fso33,,SOURCE_NATIVE,SOURCE_NATIVE
PORTWATCH,fso34,Brazil - Offshore Oil Terminal 40,Brazil,PW_PORT_fso34,,SOURCE_NATIVE,SOURCE_NATIVE
PORTWATCH,fso35,Brazil - Offshore Oil Terminal 41,Brazil,PW_PORT_fso35,,SOURCE_NATIVE,SOURCE_NATIVE
PORTWATCH,fso36,Brazil - Offshore Oil Terminal 42,Brazil,PW_PORT_fso36,,SOURCE_NATIVE,SOURCE_NATIVE
PORTWATCH,fso37,Brazil - Offshore Oil Terminal 43,Brazil,PW_PORT_fso37,,SOURCE_NATIVE,SOURCE_NATIVE
PORTWATCH,fso38,Brazil - Offshore Oil Terminal 44,Brazil,PW_PORT_fso38,,SOURCE_NATIVE,SOURCE_NATIVE
PORTWATCH,fso39,Brazil - Offshore Oil Terminal 45,Brazil,PW_PORT_fso39,,SOURCE_NATIVE,SOURCE_NATIVE
PORTWATCH,fso4,Brazil - Offshore Oil Terminal 13,Brazil,PW_PORT_fso4,,SOURCE_NATIVE,SOURCE_NATIVE
PORTWATCH,fso40,Brazil - Offshore Oil Terminal 5,Brazil,PW_PORT_fso40,,SOURCE_NATIVE,SOURCE_NATIVE
PORTWATCH,fso41,Brazil - Offshore Oil Terminal 6,Brazil,PW_PORT_fso41,,SOURCE_NATIVE,SOURCE_NATIVE
PORTWATCH,fso42,Brazil - Offshore Oil Terminal 7,Brazil,PW_PORT_fso42,,SOURCE_NATIVE,SOURCE_NATIVE
PORTWATCH,fso43,Brazil - Offshore Oil Terminal 8,Brazil,PW_PORT_fso43,,SOURCE_NATIVE,SOURCE_NATIVE
PORTWATCH,fso44,Brazil - Offshore Oil Terminal 9,Brazil,PW_PORT_fso44,,SOURCE_NATIVE,SOURCE_NATIVE
PORTWATCH,fso45,Equatorial Guinea - Offshore Oil Terminal 1,Equatorial Guinea,PW_PORT_fso45,,SOURCE_NATIVE,SOURCE_NATIVE
PORTWATCH,fso46,Equatorial Guinea - Offshore Oil Terminal 2,Equatorial Guinea,PW_PORT_fso46,,SOURCE_NATIVE,SOURCE_NATIVE
PORTWATCH,fso47,Equatorial Guinea - Offshore Oil Terminal 3,Equatorial Guinea,PW_PORT_fso47,,SOURCE_NATIVE,SOURCE_NATIVE
PORTWATCH,fso48,Guyana - Offshore Oil Terminal 1,Guyana,PW_PORT_fso48,,SOURCE_NATIVE,SOURCE_NATIVE
PORTWATCH,fso49,Guyana - Offshore Oil Terminal 2,Guyana,PW_PORT_fso49,,SOURCE_NATIVE,SOURCE_NATIVE
PORTWATCH,fso5,Brazil - Offshore Oil Terminal 14,Brazil,PW_PORT_fso5,,SOURCE_NATIVE,SOURCE_NATIVE
PORTWATCH,fso50,Guyana - Offshore Oil Terminal 3,Guyana,PW_PORT_fso50,,SOURCE_NATIVE,SOURCE_NATIVE
PORTWATCH,fso51,Guyana - Offshore Oil Terminal 4,Guyana,PW_PORT_fso51,,SOURCE_NATIVE,SOURCE_NATIVE
PORTWATCH,fso52,Angola - Offshore Oil Terminal 1,Angola,PW_PORT_fso52,,SOURCE_NATIVE,SOURCE_NATIVE
PORTWATCH,fso53,Angola - Offshore Oil Terminal 2,Angola,PW_PORT_fso53,,SOURCE_NATIVE,SOURCE_NATIVE
PORTWATCH,fso54,Angola - Offshore Oil Terminal 3,Angola,PW_PORT_fso54,,SOURCE_NATIVE,SOURCE_NATIVE
PORTWATCH,fso55,Angola - Offshore Oil Terminal 4,Angola,PW_PORT_fso55,,SOURCE_NATIVE,SOURCE_NATIVE
PORTWATCH,fso56,Angola - Offshore Oil Terminal 5,Angola,PW_PORT_fso56,,SOURCE_NATIVE,SOURCE_NATIVE
PORTWATCH,fso57,Angola - Offshore Oil Terminal 6,Angola,PW_PORT_fso57,,SOURCE_NATIVE,SOURCE_NATIVE
PORTWATCH,fso58,Angola - Offshore Oil Terminal 7,Angola,PW_PORT_fso58,,SOURCE_NATIVE,SOURCE_NATIVE
PORTWATCH,fso59,Australia - Offshore Oil Terminal 1,Australia,PW_PORT_fso59,,SOURCE_NATIVE,SOURCE_NATIVE
PORTWATCH,fso6,Brazil - Offshore Oil Terminal 15,Brazil,PW_PORT_fso6,,SOURCE_NATIVE,SOURCE_NATIVE
PORTWATCH,fso60,Australia - Offshore Oil Terminal 2,Australia,PW_PORT_fso60,,SOURCE_NATIVE,SOURCE_NATIVE
PORTWATCH,fso61,Australia - Offshore Oil Terminal 3,Australia,PW_PORT_fso61,,SOURCE_NATIVE,SOURCE_NATIVE
PORTWATCH,fso62,Australia - Offshore Oil Terminal 4,Australia,PW_PORT_fso62,,SOURCE_NATIVE,SOURCE_NATIVE
PORTWATCH,fso63,Australia - Offshore Oil Terminal 5,Australia,PW_PORT_fso63,,SOURCE_NATIVE,SOURCE_NATIVE
PORTWATCH,fso64,Bangladesh - Offshore Oil Terminal 1,Bangladesh,PW_PORT_fso64,,SOURCE_NATIVE,SOURCE_NATIVE
PORTWATCH,fso65,Cameroon - Offshore Oil Terminal 1,Cameroon,PW_PORT_fso65,,SOURCE_NATIVE,SOURCE_NATIVE
PORTWATCH,fso66,Canada - Offshore Oil Terminal 1,Canada,PW_PORT_fso66,,SOURCE_NATIVE,SOURCE_NATIVE
PORTWATCH,fso67,China - Offshore Oil Terminal 1,China,PW_PORT_fso67,,SOURCE_NATIVE,SOURCE_NATIVE
PORTWATCH,fso68,China - Offshore Oil Terminal 2,China,PW_PORT_fso68,,SOURCE_NATIVE,SOURCE_NATIVE
PORTWATCH,fso69,China - Offshore Oil Terminal 3,China,PW_PORT_fso69,,SOURCE_NATIVE,SOURCE_NATIVE
PORTWATCH,fso7,Brazil - Offshore Oil Terminal 16,Brazil,PW_PORT_fso7,,SOURCE_NATIVE,SOURCE_NATIVE
PORTWATCH,fso70,China - Offshore Oil Terminal 4,China,PW_PORT_fso70,,SOURCE_NATIVE,SOURCE_NATIVE
PORTWATCH,fso71,Côte d'Ivoire - Offshore Oil Terminal 1,Côte d'Ivoire,PW_PORT_fso71,,SOURCE_NATIVE,SOURCE_NATIVE
PORTWATCH,fso72,Democratic Republic of the Congo - Offshore Oil Terminal 1,Democratic Republic of the Congo,PW_PORT_fso72,,SOURCE_NATIVE,SOURCE_NATIVE
PORTWATCH,fso73,Democratic Republic of the Congo - Offshore Oil Terminal 2,Democratic Republic of the Congo,PW_PORT_fso73,,SOURCE_NATIVE,SOURCE_NATIVE
PORTWATCH,fso74,Democratic Republic of the Congo - Offshore Oil Terminal 3,Democratic Republic of the Congo,PW_PORT_fso74,,SOURCE_NATIVE,SOURCE_NATIVE
PORTWATCH,fso75,Democratic Republic of the Congo - Offshore Oil Terminal 4,Democratic Republic of the Congo,PW_PORT_fso75,,SOURCE_NATIVE,SOURCE_NATIVE
PORTWATCH,fso76,Gabon - Offshore Oil Terminal 1,Gabon,PW_PORT_fso76,,SOURCE_NATIVE,SOURCE_NATIVE
PORTWATCH,fso77,Gabon - Offshore Oil Terminal 2,Gabon,PW_PORT_fso77,,SOURCE_NATIVE,SOURCE_NATIVE
PORTWATCH,fso78,Gabon - Offshore Oil Terminal 3,Gabon,PW_PORT_fso78,,SOURCE_NATIVE,SOURCE_NATIVE
PORTWATCH,fso79,Ghana - Offshore Oil Terminal 1,Ghana,PW_PORT_fso79,,SOURCE_NATIVE,SOURCE_NATIVE
PORTWATCH,fso8,Brazil - Offshore Oil Terminal 17,Brazil,PW_PORT_fso8,,SOURCE_NATIVE,SOURCE_NATIVE
PORTWATCH,fso80,Ghana - Offshore Oil Terminal 2,Ghana,PW_PORT_fso80,,SOURCE_NATIVE,SOURCE_NATIVE
PORTWATCH,fso81,Ghana - Offshore Oil Terminal 3,Ghana,PW_PORT_fso81,,SOURCE_NATIVE,SOURCE_NATIVE
PORTWATCH,fso82,India - Offshore Oil Terminal 1,India,PW_PORT_fso82,,SOURCE_NATIVE,SOURCE_NATIVE
PORTWATCH,fso83,India - Offshore Oil Terminal 2,India,PW_PORT_fso83,,SOURCE_NATIVE,SOURCE_NATIVE
PORTWATCH,fso84,India - Offshore Oil Terminal 3,India,PW_PORT_fso84,,SOURCE_NATIVE,SOURCE_NATIVE
PORTWATCH,fso85,India - Offshore Oil Terminal 4,India,PW_PORT_fso85,,SOURCE_NATIVE,SOURCE_NATIVE
PORTWATCH,fso86,Indonesia - Offshore Oil Terminal 1,Indonesia,PW_PORT_fso86,,SOURCE_NATIVE,SOURCE_NATIVE
PORTWATCH,fso87,Indonesia - Offshore Oil Terminal 10,Indonesia,PW_PORT_fso87,,SOURCE_NATIVE,SOURCE_NATIVE
PORTWATCH,fso88,Indonesia - Offshore Oil Terminal 11,Indonesia,PW_PORT_fso88,,SOURCE_NATIVE,SOURCE_NATIVE
PORTWATCH,fso89,Indonesia - Offshore Oil Terminal 12,Indonesia,PW_PORT_fso89,,SOURCE_NATIVE,SOURCE_NATIVE
PORTWATCH,fso9,Brazil - Offshore Oil Terminal 18,Brazil,PW_PORT_fso9,,SOURCE_NATIVE,SOURCE_NATIVE
PORTWATCH,fso90,Indonesia - Offshore Oil Terminal 13,Indonesia,PW_PORT_fso90,,SOURCE_NATIVE,SOURCE_NATIVE
PORTWATCH,fso91,Indonesia - Offshore Oil Terminal 14,Indonesia,PW_PORT_fso91,,SOURCE_NATIVE,SOURCE_NATIVE
PORTWATCH,fso92,Indonesia - Offshore Oil Terminal 15,Indonesia,PW_PORT_fso92,,SOURCE_NATIVE,SOURCE_NATIVE
PORTWATCH,fso93,Indonesia - Offshore Oil Terminal 2,Indonesia,PW_PORT_fso93,,SOURCE_NATIVE,SOURCE_NATIVE
PORTWATCH,fso94,Indonesia - Offshore Oil Terminal 3,Indonesia,PW_PORT_fso94,,SOURCE_NATIVE,SOURCE_NATIVE
PORTWATCH,fso95,Indonesia - Offshore Oil Terminal 4,Indonesia,PW_PORT_fso95,,SOURCE_NATIVE,SOURCE_NATIVE
PORTWATCH,fso96,Indonesia - Offshore Oil Terminal 5,Indonesia,PW_PORT_fso96,,SOURCE_NATIVE,SOURCE_NATIVE
PORTWATCH,fso97,Indonesia - Offshore Oil Terminal 6,Indonesia,PW_PORT_fso97,,SOURCE_NATIVE,SOURCE_NATIVE
PORTWATCH,fso98,Indonesia - Offshore Oil Terminal 7,Indonesia,PW_PORT_fso98,,SOURCE_NATIVE,SOURCE_NATIVE
PORTWATCH,fso99,Indonesia - Offshore Oil Terminal 8,Indonesia,PW_PORT_fso99,,SOURCE_NATIVE,SOURCE_NATIVE
PORTWATCH,port0,Abbot Point,Australia,PW_PORT_port0,,SOURCE_NATIVE,SOURCE_NATIVE
PORTWATCH,port1,Åbenrå,Denmark,LOC_WPI_30100,30100,AUTO_MATCHED_EXACT,MATCHED_WPI
PORTWATCH,port10,Agadir,Morocco,LOC_WPI_45802,45802,AUTO_MATCHED_EXACT,MATCHED_WPI
PORTWATCH,port100,Baku Port,Azerbaijan,PW_PORT_port100,,SOURCE_NATIVE,SOURCE_NATIVE
PORTWATCH,port1000,Porto De Maceio,Brazil,LOC_WPI_12750,12750,AUTO_MATCHED_EXACT,MATCHED_WPI
PORTWATCH,port1001,Fortaleza (Mucuripe),Brazil,PW_PORT_port1001,,SOURCE_NATIVE,SOURCE_NATIVE
PORTWATCH,port1002,Porto De Suape,Brazil,LOC_WPI_12740,12740,AUTO_MATCHED_EXACT,MATCHED_WPI
PORTWATCH,port1003,Chioggia,Italy,PW_PORT_port1003,,SOURCE_NATIVE,SOURCE_NATIVE
PORTWATCH,port1004,Ravenna,Italy,PW_PORT_port1004,,SOURCE_NATIVE,SOURCE_NATIVE
PORTWATCH,port1005,Porto Di Lido-Venezia,Italy,LOC_WPI_40760,40760,AUTO_MATCHED_EXACT,MATCHED_WPI
PORTWATCH,port1006,Malamocco,Italy,PW_PORT_port1006,,SOURCE_NATIVE,SOURCE_NATIVE
PORTWATCH,port1007,Oristano,Italy,PW_PORT_port1007,,SOURCE_NATIVE,SOURCE_NATIVE
PORTWATCH,port1008,Palermo,Italy,PW_PORT_port1008,,SOURCE_NATIVE,SOURCE_NATIVE
PORTWATCH,port1009,Porto Grande,Cabo Verde,LOC_WPI_45880,45880,AUTO_MATCHED_EXACT,MATCHED_WPI
PORTWATCH,port101,Balboa,Panama,LOC_WPI_15410,15410,AUTO_MATCHED_EXACT,MATCHED_WPI
PORTWATCH,port1010,Pecem,Brazil,PW_PORT_port1010,,SOURCE_NATIVE,SOURCE_NATIVE
PORTWATCH,port1011,Porto Torres,Italy,LOC_WPI_39310,39310,AUTO_MATCHED_EXACT,MATCHED_WPI
PORTWATCH,port1012,Portocel,Brazil,LOC_WPI_12820,12820,AUTO_MATCHED_EXACT,MATCHED_WPI
PORTWATCH,port1013,Piombino,Italy,PW_PORT_port1013,,SOURCE_NATIVE,SOURCE_NATIVE
PORTWATCH,port1014,Portsmouth Harbour,United Kingdom,LOC_WPI_35600,35600,AUTO_MATCHED_EXACT,MATCHED_WPI
PORTWATCH,port1015,Skoldvik,Finland,PW_PORT_port1015,,SOURCE_NATIVE,SOURCE_NATIVE
PORTWATCH,port1016,Poti,Georgia,PW_PORT_port1016,,SOURCE_NATIVE,SOURCE_NATIVE
PORTWATCH,port1017,Pozzuoli,Italy,LOC_WPI_39940,39940,AUTO_MATCHED_EXACT,MATCHED_WPI
PORTWATCH,port1018,Praia da Vitoria,Portugal,LOC_WPI_38095,38095,AUTO_MATCHED_FUZZY,MATCHED_WPI
PORTWATCH,port1019,Presque Isle,United States,LOC_WPI_5290,5290,AUTO_MATCHED_EXACT,MATCHED_WPI
PORTWATCH,port102,Balikpapan,Indonesia,LOC_WPI_51840,51840,AUTO_MATCHED_EXACT,MATCHED_WPI
PORTWATCH,port1020,Primorsk,Russian Federation,LOC_WPI_28360,28360,AUTO_MATCHED_COUNTRY_ALIAS,MATCHED_WPI
PORTWATCH,port1021,Prince Rupert,Canada,LOC_WPI_18950,18950,AUTO_MATCHED_EXACT,MATCHED_WPI
PORTWATCH,port1022,Probolinggo,Indonesia,LOC_WPI_51180,51180,AUTO_MATCHED_EXACT,MATCHED_WPI
PORTWATCH,port1023,Progreso,Mexico,LOC_WPI_9510,9510,AUTO_MATCHED_EXACT,MATCHED_WPI
PORTWATCH,port1024,Providence,United States,LOC_WPI_7420,7420,AUTO_MATCHED_EXACT,MATCHED_WPI
PORTWATCH,port1025,Providenciales,Turks and Caicos Islands,LOC_WPI_10030,10030,AUTO_MATCHED_EXACT,MATCHED_WPI
PORTWATCH,port1026,Bayovar,Peru,PW_PORT_port1026,,SOURCE_NATIVE,SOURCE_NATIVE
PORTWATCH,port1027,Puerto Bolivar,Colombia,LOC_WPI_11946,11946,AUTO_MATCHED_EXACT,MATCHED_WPI
PORTWATCH,port1028,Puerto Bolivar,Ecuador,LOC_WPI_15250,15250,AUTO_MATCHED_EXACT,MATCHED_WPI
PORTWATCH,port1029,Puerto Cabello,Venezuela,LOC_WPI_12120,12120,AUTO_MATCHED_EXACT,MATCHED_WPI
PORTWATCH,port103,Baltimore,United States,LOC_WPI_8210,8210,AUTO_MATCHED_EXACT,MATCHED_WPI
PORTWATCH,port1030,Puerto Cabezas,Nicaragua,LOC_WPI_9760,9760,AUTO_MATCHED_EXACT,MATCHED_WPI
PORTWATCH,port1031,Puerto Caldera,Chile,LOC_WPI_14630,14630,AUTO_MATCHED_EXACT,MATCHED_WPI
PORTWATCH,port1032,Puerto Caldera,Costa Rica,LOC_WPI_15500,15500,AUTO_MATCHED_EXACT,MATCHED_WPI
PORTWATCH,port1033,Puerto Castilla,Honduras,LOC_WPI_9690,9690,AUTO_MATCHED_EXACT,MATCHED_WPI
PORTWATCH,port1034,Puerto Chanaral,Chile,LOC_WPI_14640,14640,AUTO_MATCHED_EXACT,MATCHED_WPI
PORTWATCH,port1035,Colon,Panama,PW_PORT_port1035,,SOURCE_NATIVE,SOURCE_NATIVE
PORTWATCH,port1036,Puerto Cortes,Honduras,LOC_WPI_9650,9650,AUTO_MATCHED_EXACT,MATCHED_WPI
PORTWATCH,port1037,Puerto Cristobal,Panama,LOC_WPI_9860,9860,AUTO_MATCHED_EXACT,MATCHED_WPI
PORTWATCH,port1038,Bilbao,Spain,PW_PORT_port1038,,SOURCE_NATIVE,SOURCE_NATIVE
PORTWATCH,port1039,Carboneras,Spain,PW_PORT_port1039,,SOURCE_NATIVE,SOURCE_NATIVE
PORTWATCH,port104,Baltiysk,Russian Federation,LOC_WPI_28680,28680,AUTO_MATCHED_COUNTRY_ALIAS,MATCHED_WPI
PORTWATCH,port1040,Chimbote,Peru,PW_PORT_port1040,,SOURCE_NATIVE,SOURCE_NATIVE
PORTWATCH,port1041,Garrucha,Spain,PW_PORT_port1041,,SOURCE_NATIVE,SOURCE_NATIVE
PORTWATCH,port1042,Haina,Dominican Republic,PW_PORT_port1042,,SOURCE_NATIVE,SOURCE_NATIVE
PORTWATCH,port1043,San Lorenzo (Henecan),Honduras,PW_PORT_port1043,,SOURCE_NATIVE,SOURCE_NATIVE
PORTWATCH,port1044,Pasajes,Spain,PW_PORT_port1044,,SOURCE_NATIVE,SOURCE_NATIVE
PORTWATCH,port1045,Callao,Peru,PW_PORT_port1045,,SOURCE_NATIVE,SOURCE_NATIVE
PORTWATCH,port1046,Puerto Del Rosario,Spain,LOC_WPI_38180,38180,AUTO_MATCHED_EXACT,MATCHED_WPI
PORTWATCH,port1047,Ilo,Peru,PW_PORT_port1047,,SOURCE_NATIVE,SOURCE_NATIVE
PORTWATCH,port1048,Bahia Blanca,Argentina,LOC_WPI_13815,13815,AUTO_MATCHED_EXACT,MATCHED_WPI
PORTWATCH,port1049,Puerto La Cruz,Venezuela,LOC_WPI_12185,12185,AUTO_MATCHED_EXACT,MATCHED_WPI
PORTWATCH,port105,Bandar-E Pars Terminal,Iran,LOC_WPI_48475,48475,AUTO_MATCHED_EXACT,MATCHED_WPI
PORTWATCH,port1050,Puerto Madryn,Argentina,LOC_WPI_13900,13900,AUTO_MATCHED_EXACT,MATCHED_WPI
PORTWATCH,port1051,Puerto Miranda,Venezuela,LOC_WPI_12035,12035,AUTO_MATCHED_EXACT,MATCHED_WPI
PORTWATCH,port1052,Puerto Moin,Costa Rica,LOC_WPI_9805,9805,AUTO_MATCHED_EXACT,MATCHED_WPI
PORTWATCH,port1053,Puerto Montt,Chile,LOC_WPI_14270,14270,AUTO_MATCHED_EXACT,MATCHED_WPI
PORTWATCH,port1054,Puerto Nuevo,Colombia,PW_PORT_port1054,,SOURCE_NATIVE,SOURCE_NATIVE
PORTWATCH,port1055,Puerto Plata,Dominican Republic,LOC_WPI_10980,10980,AUTO_MATCHED_EXACT,MATCHED_WPI
PORTWATCH,port1056,Puerto Princesa,Philippines,LOC_WPI_59270,59270,AUTO_MATCHED_EXACT,MATCHED_WPI
PORTWATCH,port1057,Puerto Quetzal,Guatemala,LOC_WPI_15660,15660,AUTO_MATCHED_EXACT,MATCHED_WPI
PORTWATCH,port1058,Puerto San Antonio,Chile,LOC_WPI_14470,14470,AUTO_MATCHED_EXACT,MATCHED_WPI
PORTWATCH,port1059,San Martin,Argentina,PW_PORT_port1059,,SOURCE_NATIVE,SOURCE_NATIVE
PORTWATCH,port106,Bandar Shahid Rajaee,Iran,PW_PORT_port106,,SOURCE_NATIVE,SOURCE_NATIVE
PORTWATCH,port1060,Puerto Yabucoa,Puerto Rico,LOC_WPI_11205,11205,AUTO_MATCHED_EXACT,MATCHED_WPI
PORTWATCH,port1061,Pulau Baai,Indonesia,LOC_WPI_50441,50441,AUTO_MATCHED_EXACT,MATCHED_WPI
PORTWATCH,port1062,Penang,Malaysia,PW_PORT_port1062,,SOURCE_NATIVE,SOURCE_NATIVE
PORTWATCH,port1063,Punta Cardón,Venezuela,LOC_WPI_12050,12050,AUTO_MATCHED_EXACT,MATCHED_WPI
PORTWATCH,port1064,Punta Lobitos,Peru,PW_PORT_port1064,,SOURCE_NATIVE,SOURCE_NATIVE
PORTWATCH,port1065,Busan,Korea,LOC_WPI_60390,60390,AUTO_MATCHED_COUNTRY_ALIAS,MATCHED_WPI
PORTWATCH,port1066,Put Put,Papua New Guinea,PW_PORT_port1066,,SOURCE_NATIVE,SOURCE_NATIVE
PORTWATCH,port1067,Pyeongtaek,Korea,PW_PORT_port1067,,SOURCE_NATIVE,SOURCE_NATIVE
PORTWATCH,port1068,Qalhat LNG Terminal,Oman,LOC_WPI_48240,48240,AUTO_MATCHED_EXACT,MATCHED_WPI
PORTWATCH,port1069,Qingdao Port,China,PW_PORT_port1069,,SOURCE_NATIVE,SOURCE_NATIVE
PORTWATCH,port107,Bandar Abbas,Iran,LOC_WPI_48520,48520,AUTO_MATCHED_EXACT,MATCHED_WPI
PORTWATCH,port1070,Dongjiakou,China,PW_PORT_port1070,,SOURCE_NATIVE,SOURCE_NATIVE
PORTWATCH,port1071,Qinzhou,China,LOC_WPI_57820,57820,AUTO_MATCHED_EXACT,MATCHED_WPI
PORTWATCH,port1072,Qinhuangdao,China,LOC_WPI_60200,60200,AUTO_MATCHED_EXACT,MATCHED_WPI
PORTWATCH,port1073,Qiwei,China,PW_PORT_port1073,,SOURCE_NATIVE,SOURCE_NATIVE
PORTWATCH,port1074,Quanzhou,China,LOC_WPI_57874,57874,AUTO_MATCHED_EXACT,MATCHED_WPI
PORTWATCH,port1075,Quebec,Canada,LOC_WPI_2180,2180,AUTO_MATCHED_EXACT,MATCHED_WPI
PORTWATCH,port1077,Quequén,Argentina,LOC_WPI_13790,13790,AUTO_MATCHED_EXACT,MATCHED_WPI
PORTWATCH,port1078,Quy Nhon,Vietnam,LOC_WPI_57640,57640,AUTO_MATCHED_FUZZY,MATCHED_WPI
PORTWATCH,port1079,Raahe,Finland,LOC_WPI_27530,27530,AUTO_MATCHED_EXACT,MATCHED_WPI
PORTWATCH,port108,Bandar Khomeini,Iran,LOC_WPI_48460,48460,AUTO_MATCHED_FUZZY,MATCHED_WPI
PORTWATCH,port1080,Rabaul,Papua New Guinea,LOC_WPI_56810,56810,AUTO_MATCHED_EXACT,MATCHED_WPI
PORTWATCH,port1081,Rabigh,Saudi Arabia,LOC_WPI_48130,48130,AUTO_MATCHED_EXACT,MATCHED_WPI
PORTWATCH,port1082,Rada De Arica,Chile,LOC_WPI_14800,14800,AUTO_MATCHED_EXACT,MATCHED_WPI
PORTWATCH,port1083,Vado Ligure,Italy,PW_PORT_port1083,,SOURCE_NATIVE,SOURCE_NATIVE
PORTWATCH,port1084,Brest,France,PW_PORT_port1084,,SOURCE_NATIVE,SOURCE_NATIVE
PORTWATCH,port1085,Randers,Denmark,LOC_WPI_30330,30330,AUTO_MATCHED_EXACT,MATCHED_WPI
PORTWATCH,port1086,Yangon,Myanmar,PW_PORT_port1086,,SOURCE_NATIVE,SOURCE_NATIVE
PORTWATCH,port1088,Ras Al Mishab,Saudi Arabia,LOC_WPI_48348,48348,AUTO_MATCHED_EXACT,MATCHED_WPI
PORTWATCH,port1089,Ras Al Khafji,Saudi Arabia,LOC_WPI_48349,48349,AUTO_MATCHED_EXACT,MATCHED_WPI
PORTWATCH,port109,Bandirma,Türkiye,LOC_WPI_44650,44650,AUTO_MATCHED_COUNTRY_ALIAS,MATCHED_WPI
PORTWATCH,port1090,Ras Laffan,Qatar,LOC_WPI_48297,48297,AUTO_MATCHED_EXACT,MATCHED_WPI
PORTWATCH,port1091,Ras Tanura,Saudi Arabia,LOC_WPI_48340,48340,AUTO_MATCHED_FUZZY,MATCHED_WPI
PORTWATCH,port1092,Rauma,Finland,LOC_WPI_27780,27780,AUTO_MATCHED_EXACT,MATCHED_WPI
PORTWATCH,port1093,Rayong,Thailand,PW_PORT_port1093,,SOURCE_NATIVE,SOURCE_NATIVE
PORTWATCH,port1094,Recife,Brazil,LOC_WPI_12730,12730,AUTO_MATCHED_EXACT,MATCHED_WPI
PORTWATCH,port1095,Ust-Luga,Russian Federation,LOC_WPI_28410,28410,AUTO_MATCHED_COUNTRY_ALIAS,MATCHED_WPI
PORTWATCH,port1096,Rethymnon,Greece,PW_PORT_port1096,,SOURCE_NATIVE,SOURCE_NATIVE
PORTWATCH,port1098,Reykjavík,Iceland,LOC_WPI_100,100,AUTO_MATCHED_EXACT,MATCHED_WPI
PORTWATCH,port1099,Richards Bay,South Africa,LOC_WPI_46855,46855,AUTO_MATCHED_EXACT,MATCHED_WPI
PORTWATCH,port11,Åhus,Sweden,LOC_WPI_24300,24300,AUTO_MATCHED_EXACT,MATCHED_WPI
PORTWATCH,port110,Benghazi,Libya,PW_PORT_port110,,SOURCE_NATIVE,SOURCE_NATIVE
PORTWATCH,port1100,Riga,Latvia,LOC_WPI_28610,28610,AUTO_MATCHED_EXACT,MATCHED_WPI
PORTWATCH,port1101,Rijeka,Croatia,PW_PORT_port1101,,SOURCE_NATIVE,SOURCE_NATIVE
PORTWATCH,port1102,Rio Bueno,Jamaica,LOC_WPI_10630,10630,AUTO_MATCHED_EXACT,MATCHED_WPI
PORTWATCH,port1103,Rio De Janeiro,Brazil,LOC_WPI_12920,12920,AUTO_MATCHED_EXACT,MATCHED_WPI
PORTWATCH,port1104,Rio Grande,Brazil,LOC_WPI_13060,13060,AUTO_MATCHED_EXACT,MATCHED_WPI
PORTWATCH,port1105,Rizhao,China,LOC_WPI_60133,60133,AUTO_MATCHED_EXACT,MATCHED_WPI
PORTWATCH,port1106,Road Harbor,British Virgin Islands,LOC_WPI_11350,11350,AUTO_MATCHED_EXACT,MATCHED_WPI
PORTWATCH,port1107,Rørvik,Norway,PW_PORT_port1107,,SOURCE_NATIVE,SOURCE_NATIVE
PORTWATCH,port1108,Rosario,Argentina,LOC_WPI_13630,13630,AUTO_MATCHED_EXACT,MATCHED_WPI
PORTWATCH,port1109,Rosarito,Mexico,LOC_WPI_15995,15995,AUTO_MATCHED_EXACT,MATCHED_WPI
PORTWATCH,port111,Bangkok,Thailand,LOC_WPI_57450,57450,AUTO_MATCHED_EXACT,MATCHED_WPI
PORTWATCH,port1110,Roseau,Dominica,LOC_WPI_11520,11520,AUTO_MATCHED_EXACT,MATCHED_WPI
PORTWATCH,port1111,Rostock,Germany,LOC_WPI_28860,28860,AUTO_MATCHED_EXACT,MATCHED_WPI
PORTWATCH,port1112,Rostov-Na-Donu,Russian Federation,LOC_WPI_44070,44070,AUTO_MATCHED_COUNTRY_ALIAS,MATCHED_WPI
PORTWATCH,port1113,Rota,Northern Mariana Islands,LOC_WPI_56540,56540,AUTO_MATCHED_EXACT,MATCHED_WPI
PORTWATCH,port1114,Rotterdam,The Netherlands,LOC_WPI_31140,31140,AUTO_MATCHED_COUNTRY_ALIAS,MATCHED_WPI
PORTWATCH,port1115,Detroit,United States,LOC_WPI_3620,3620,AUTO_MATCHED_EXACT,MATCHED_WPI
PORTWATCH,port1116,Rumoi,Japan,PW_PORT_port1116,,SOURCE_NATIVE,SOURCE_NATIVE
PORTWATCH,port1117,Al Ruwais,Qatar,PW_PORT_port1117,,SOURCE_NATIVE,SOURCE_NATIVE
PORTWATCH,port1118,Safi,Morocco,LOC_WPI_45797,45797,AUTO_MATCHED_EXACT,MATCHED_WPI
PORTWATCH,port1119,Saganoseki,Japan,LOC_WPI_62165,62165,AUTO_MATCHED_FUZZY,MATCHED_WPI
PORTWATCH,port112,Banjarmasin,Indonesia,LOC_WPI_51890,51890,AUTO_MATCHED_EXACT,MATCHED_WPI
PORTWATCH,port1120,Sagunto,Spain,LOC_WPI_38490,38490,AUTO_MATCHED_EXACT,MATCHED_WPI
PORTWATCH,port1123,Saint-Laurent-du-Maroni,French Guiana,PW_PORT_port1123,,SOURCE_NATIVE,SOURCE_NATIVE
PORTWATCH,port1124,Saint-Malo,France,LOC_WPI_36130,36130,AUTO_MATCHED_EXACT,MATCHED_WPI
PORTWATCH,port1125,Saint-Marc,Haiti,PW_PORT_port1125,,SOURCE_NATIVE,SOURCE_NATIVE
PORTWATCH,port1126,Saipan,Northern Mariana Islands,LOC_WPI_56520,56520,AUTO_MATCHED_EXACT,MATCHED_WPI
PORTWATCH,port1127,Sakai,Japan,PW_PORT_port1127,,SOURCE_NATIVE,SOURCE_NATIVE
PORTWATCH,port1128,Sakai-Semboku,Japan,LOC_WPI_61547,61547,AUTO_MATCHED_FUZZY,MATCHED_WPI
PORTWATCH,port1129,Sakaide,Japan,PW_PORT_port1129,,SOURCE_NATIVE,SOURCE_NATIVE
PORTWATCH,port113,Banjul,The Gambia,LOC_WPI_45825,45825,AUTO_MATCHED_EXACT,MATCHED_WPI
PORTWATCH,port1130,Sakata,Japan,PW_PORT_port1130,,SOURCE_NATIVE,SOURCE_NATIVE
PORTWATCH,port1131,Sal Rei,Cabo Verde,PW_PORT_port1131,,SOURCE_NATIVE,SOURCE_NATIVE
PORTWATCH,port1132,Salaverry,Peru,LOC_WPI_15050,15050,AUTO_MATCHED_EXACT,MATCHED_WPI
PORTWATCH,port1133,Saldanha Bay,South Africa,LOC_WPI_46750,46750,AUTO_MATCHED_EXACT,MATCHED_WPI
PORTWATCH,port1135,Salerno,Italy,LOC_WPI_40040,40040,AUTO_MATCHED_EXACT,MATCHED_WPI
PORTWATCH,port1136,Salina Cruz,Mexico,LOC_WPI_15730,15730,AUTO_MATCHED_EXACT,MATCHED_WPI
PORTWATCH,port1137,Samarinda,Indonesia,LOC_WPI_51820,51820,AUTO_MATCHED_EXACT,MATCHED_WPI
PORTWATCH,port1138,Sampit,Indonesia,LOC_WPI_51910,51910,AUTO_MATCHED_EXACT,MATCHED_WPI
PORTWATCH,port1139,Samsun,Türkiye,LOC_WPI_44450,44450,AUTO_MATCHED_COUNTRY_ALIAS,MATCHED_WPI
PORTWATCH,port114,Banten,Indonesia,LOC_WPI_50925,50925,AUTO_MATCHED_EXACT,MATCHED_WPI
PORTWATCH,port1140,San Diego,United States,LOC_WPI_16010,16010,AUTO_MATCHED_EXACT,MATCHED_WPI
PORTWATCH,port1141,San Francisco,United States,LOC_WPI_16300,16300,AUTO_MATCHED_EXACT,MATCHED_WPI
PORTWATCH,port1142,San Giorgio,Italy,PW_PORT_port1142,,SOURCE_NATIVE,SOURCE_NATIVE
PORTWATCH,port1143,San Juan,Puerto Rico,LOC_WPI_11110,11110,AUTO_MATCHED_EXACT,MATCHED_WPI
PORTWATCH,port1144,San Miguel De Cozumel,Mexico,LOC_WPI_9550,9550,AUTO_MATCHED_EXACT,MATCHED_WPI
PORTWATCH,port1145,San Nicolas,Argentina,LOC_WPI_13650,13650,AUTO_MATCHED_EXACT,MATCHED_WPI
PORTWATCH,port1146,San Pedro,Côte d'Ivoire,LOC_WPI_45963,45963,AUTO_MATCHED_EXACT,MATCHED_WPI
PORTWATCH,port1147,San Pedro De Macoris,Dominican Republic,LOC_WPI_11030,11030,AUTO_MATCHED_EXACT,MATCHED_WPI
PORTWATCH,port1148,Sandnessjøen,Norway,PW_PORT_port1148,,SOURCE_NATIVE,SOURCE_NATIVE
PORTWATCH,port1149,Sandusky,United States,LOC_WPI_3530,3530,AUTO_MATCHED_EXACT,MATCHED_WPI
PORTWATCH,port115,Bizerte,Tunisia,PW_PORT_port115,,SOURCE_NATIVE,SOURCE_NATIVE
PORTWATCH,port1150,Saint Petersburg,Russian Federation,PW_PORT_port1150,,SOURCE_NATIVE,SOURCE_NATIVE
PORTWATCH,port1151,Sanshandaocun,China,PW_PORT_port1151,,SOURCE_NATIVE,SOURCE_NATIVE
PORTWATCH,port1152,Santa Cruz De La Palma,Spain,LOC_WPI_38150,38150,AUTO_MATCHED_EXACT,MATCHED_WPI
PORTWATCH,port1153,Santa Cruz De Tenerife,Spain,LOC_WPI_38160,38160,AUTO_MATCHED_EXACT,MATCHED_WPI
PORTWATCH,port1154,Santa Marta,Colombia,LOC_WPI_11940,11940,AUTO_MATCHED_EXACT,MATCHED_WPI
PORTWATCH,port1155,Santander,Spain,LOC_WPI_37470,37470,AUTO_MATCHED_EXACT,MATCHED_WPI
PORTWATCH,port1156,Santiago De Cuba,Cuba,LOC_WPI_10370,10370,AUTO_MATCHED_EXACT,MATCHED_WPI
PORTWATCH,port1158,Santo Domingo,Dominican Republic,LOC_WPI_11040,11040,AUTO_MATCHED_EXACT,MATCHED_WPI
PORTWATCH,port1159,Puerto Barrios,Guatemala,LOC_WPI_9620,9620,AUTO_MATCHED_EXACT,MATCHED_WPI
PORTWATCH,port116,Bar,Montenegro,LOC_WPI_41640,41640,AUTO_MATCHED_EXACT,MATCHED_WPI
PORTWATCH,port1160,Santos,Brazil,LOC_WPI_12970,12970,AUTO_MATCHED_EXACT,MATCHED_WPI
PORTWATCH,port1161,Sao Francisco,Brazil,LOC_WPI_13000,13000,AUTO_MATCHED_EXACT,MATCHED_WPI
PORTWATCH,port1162,São Sebastião,Brazil,LOC_WPI_12960,12960,AUTO_MATCHED_EXACT,MATCHED_WPI
PORTWATCH,port1163,Sao Tome,São Tomé and Príncipe,LOC_WPI_46380,46380,AUTO_MATCHED_EXACT,MATCHED_WPI
PORTWATCH,port1164,Port of Sabah,Malaysia,PW_PORT_port1164,,SOURCE_NATIVE,SOURCE_NATIVE
PORTWATCH,port1165,Sapele,Nigeria,LOC_WPI_46150,46150,AUTO_MATCHED_EXACT,MATCHED_WPI
PORTWATCH,port1166,Sarnia,Canada,LOC_WPI_3700,3700,AUTO_MATCHED_EXACT,MATCHED_WPI
PORTWATCH,port1167,Sarroch Oil Terminal,Italy,LOC_WPI_39215,39215,AUTO_MATCHED_EXACT,MATCHED_WPI
PORTWATCH,port1168,Sassnitz,Germany,LOC_WPI_28840,28840,AUTO_MATCHED_EXACT,MATCHED_WPI
PORTWATCH,port1169,Sauda,Norway,LOC_WPI_23460,23460,AUTO_MATCHED_EXACT,MATCHED_WPI
PORTWATCH,port117,Barbor's Point,United States,LOC_WPI_56272,56272,AUTO_MATCHED_FUZZY,MATCHED_WPI
PORTWATCH,port1170,Savannah,United States,LOC_WPI_8530,8530,AUTO_MATCHED_EXACT,MATCHED_WPI
PORTWATCH,port1171,Savona,Italy,LOC_WPI_39440,39440,AUTO_MATCHED_EXACT,MATCHED_WPI
PORTWATCH,port1172,Suakin,Sudan,PW_PORT_port1172,,SOURCE_NATIVE,SOURCE_NATIVE
PORTWATCH,port1173,Sayda,Lebanon,LOC_WPI_45040,45040,AUTO_MATCHED_EXACT,MATCHED_WPI
PORTWATCH,port1174,Searsport,United States,LOC_WPI_6910,6910,AUTO_MATCHED_EXACT,MATCHED_WPI
PORTWATCH,port1175,Seattle,United States,LOC_WPI_17730,17730,AUTO_MATCHED_EXACT,MATCHED_WPI
PORTWATCH,port1176,Seghe,Solomon Islands,PW_PORT_port1176,,SOURCE_NATIVE,SOURCE_NATIVE
PORTWATCH,port1177,Sekondi,Ghana,LOC_WPI_46045,46045,AUTO_MATCHED_EXACT,MATCHED_WPI
PORTWATCH,port1178,Sekupang,Indonesia,LOC_WPI_50055,50055,AUTO_MATCHED_EXACT,MATCHED_WPI
PORTWATCH,port1179,Semarang,Indonesia,LOC_WPI_51040,51040,AUTO_MATCHED_EXACT,MATCHED_WPI
PORTWATCH,port118,Barcelona,Spain,LOC_WPI_38550,38550,AUTO_MATCHED_EXACT,MATCHED_WPI
PORTWATCH,port1180,Sendai-Shiogama,Japan,LOC_WPI_61350,61350,AUTO_MATCHED_EXACT,MATCHED_WPI
PORTWATCH,port1181,Sept Iles,Canada,LOC_WPI_1955,1955,AUTO_MATCHED_EXACT,MATCHED_WPI
PORTWATCH,port1182,Serangoon Harbor,Singapore,LOC_WPI_49995,49995,AUTO_MATCHED_EXACT,MATCHED_WPI
PORTWATCH,port1183,Sete,France,LOC_WPI_38750,38750,AUTO_MATCHED_EXACT,MATCHED_WPI
PORTWATCH,port1184,Setubal,Portugal,LOC_WPI_38000,38000,AUTO_MATCHED_EXACT,MATCHED_WPI
PORTWATCH,port1185,Seville,Spain,PW_PORT_port1185,,SOURCE_NATIVE,SOURCE_NATIVE
PORTWATCH,port1186,Shala Pristan,Russian Federation,PW_PORT_port1186,,SOURCE_NATIVE,SOURCE_NATIVE
PORTWATCH,port1187,Shantou,China,PW_PORT_port1187,,SOURCE_NATIVE,SOURCE_NATIVE
PORTWATCH,port1188,Shanghai,China,LOC_WPI_59970,59970,AUTO_MATCHED_EXACT,MATCHED_WPI
PORTWATCH,port1189,Shekou (Shenzhen),China,PW_PORT_port1189,,SOURCE_NATIVE,SOURCE_NATIVE
PORTWATCH,port119,Bari,Italy,LOC_WPI_40530,40530,AUTO_MATCHED_EXACT,MATCHED_WPI
PORTWATCH,port1190,Shibushi,Japan,PW_PORT_port1190,,SOURCE_NATIVE,SOURCE_NATIVE
PORTWATCH,port1191,Shidao Newport,China,PW_PORT_port1191,,SOURCE_NATIVE,SOURCE_NATIVE
PORTWATCH,port1192,Shijing Longxiang,China,PW_PORT_port1192,,SOURCE_NATIVE,SOURCE_NATIVE
PORTWATCH,port1193,Shimizu,Japan,PW_PORT_port1193,,SOURCE_NATIVE,SOURCE_NATIVE
PORTWATCH,port1194,Shoreham Harbour,United Kingdom,LOC_WPI_35630,35630,AUTO_MATCHED_EXACT,MATCHED_WPI
PORTWATCH,port1195,Shougang Jingtang,China,PW_PORT_port1195,,SOURCE_NATIVE,SOURCE_NATIVE
PORTWATCH,port1196,Shui Dong,China,LOC_WPI_57819,57819,AUTO_MATCHED_EXACT,MATCHED_WPI
PORTWATCH,port1197,Laem Chabang,Thailand,LOC_WPI_57462,57462,AUTO_MATCHED_EXACT,MATCHED_WPI
PORTWATCH,port1198,Sibolga,Indonesia,LOC_WPI_50510,50510,AUTO_MATCHED_EXACT,MATCHED_WPI
PORTWATCH,port1199,Sikka,India,LOC_WPI_48613,48613,AUTO_MATCHED_EXACT,MATCHED_WPI
PORTWATCH,port12,Aiyion,Greece,PW_PORT_port12,,SOURCE_NATIVE,SOURCE_NATIVE
PORTWATCH,port120,Barranquilla,Colombia,LOC_WPI_11930,11930,AUTO_MATCHED_EXACT,MATCHED_WPI
PORTWATCH,port1200,Sines,Portugal,LOC_WPI_38005,38005,AUTO_MATCHED_EXACT,MATCHED_WPI
PORTWATCH,port1201,Singapore,Singapore,PW_PORT_port1201,,SOURCE_NATIVE,SOURCE_NATIVE
PORTWATCH,port1202,Sint Nicolaas Baai,Aruba,LOC_WPI_11830,11830,AUTO_MATCHED_EXACT,MATCHED_WPI
PORTWATCH,port1203,Sitrah,Bahrain,LOC_WPI_48320,48320,AUTO_MATCHED_EXACT,MATCHED_WPI
PORTWATCH,port1204,Skagen,Denmark,PW_PORT_port1204,,SOURCE_NATIVE,SOURCE_NATIVE
PORTWATCH,port1205,Skelleftehamn,Sweden,LOC_WPI_27080,27080,AUTO_MATCHED_EXACT,MATCHED_WPI
PORTWATCH,port1206,Skhira,Tunisia,LOC_WPI_45380,45380,AUTO_MATCHED_EXACT,MATCHED_WPI
PORTWATCH,port1207,Skutskär,Sweden,LOC_WPI_25550,25550,AUTO_MATCHED_EXACT,MATCHED_WPI
PORTWATCH,port1208,Slagentangen,Norway,PW_PORT_port1208,,SOURCE_NATIVE,SOURCE_NATIVE
PORTWATCH,port1209,Södertälje,Sweden,LOC_WPI_25320,25320,AUTO_MATCHED_EXACT,MATCHED_WPI
PORTWATCH,port121,Barry,United Kingdom,LOC_WPI_34990,34990,AUTO_MATCHED_EXACT,MATCHED_WPI
PORTWATCH,port1210,Sölvesborg,Sweden,LOC_WPI_24310,24310,AUTO_MATCHED_EXACT,MATCHED_WPI
PORTWATCH,port1211,Songkhla,Thailand,PW_PORT_port1211,,SOURCE_NATIVE,SOURCE_NATIVE
PORTWATCH,port1212,Souda (Chania),Greece,PW_PORT_port1212,,SOURCE_NATIVE,SOURCE_NATIVE
PORTWATCH,port1213,Sousse,Tunisia,LOC_WPI_45410,45410,AUTO_MATCHED_EXACT,MATCHED_WPI
PORTWATCH,port1214,South Louisiana,United States,PW_PORT_port1214,,SOURCE_NATIVE,SOURCE_NATIVE
PORTWATCH,port1216,Southampton,United Kingdom,LOC_WPI_35580,35580,AUTO_MATCHED_EXACT,MATCHED_WPI
PORTWATCH,port1217,Soyo Angola LNG Terminal,Angola,LOC_WPI_46545,46545,AUTO_MATCHED_EXACT,MATCHED_WPI
PORTWATCH,port1218,Split,Croatia,LOC_WPI_41320,41320,AUTO_MATCHED_EXACT,MATCHED_WPI
PORTWATCH,port1219,Saint John,Canada,PW_PORT_port1219,,SOURCE_NATIVE,SOURCE_NATIVE
PORTWATCH,port122,Basseterre,St.  Kitts and Nevis,LOC_WPI_11400,11400,AUTO_MATCHED_COUNTRY_ALIAS,MATCHED_WPI
PORTWATCH,port1220,Saint John's,Canada,PW_PORT_port1220,,SOURCE_NATIVE,SOURCE_NATIVE
PORTWATCH,port1221,Port of Saint John's,Antigua and Barbuda,PW_PORT_port1221,,SOURCE_NATIVE,SOURCE_NATIVE
PORTWATCH,port1222,St Nazaire,France,LOC_WPI_36850,36850,AUTO_MATCHED_EXACT,MATCHED_WPI
PORTWATCH,port1223,Saint George's,Grenada,LOC_WPI_11670,11670,AUTO_MATCHED_FUZZY,MATCHED_WPI
PORTWATCH,port1224,Stagen,Indonesia,LOC_WPI_51870,51870,AUTO_MATCHED_EXACT,MATCHED_WPI
PORTWATCH,port1225,Stavanger,Norway,LOC_WPI_23480,23480,AUTO_MATCHED_EXACT,MATCHED_WPI
PORTWATCH,port1226,Steinkjer,Norway,LOC_WPI_23055,23055,AUTO_MATCHED_EXACT,MATCHED_WPI
PORTWATCH,port1227,Stenungsund,Sweden,LOC_WPI_24000,24000,AUTO_MATCHED_EXACT,MATCHED_WPI
PORTWATCH,port1228,Stockholm,Sweden,LOC_WPI_25380,25380,AUTO_MATCHED_EXACT,MATCHED_WPI
PORTWATCH,port1229,Stockton,United States,LOC_WPI_16520,16520,AUTO_MATCHED_EXACT,MATCHED_WPI
PORTWATCH,port123,Basuo,China,LOC_WPI_57768,57768,AUTO_MATCHED_EXACT,MATCHED_WPI
PORTWATCH,port1230,Stora Jatterson,Sweden,LOC_WPI_24635,24635,AUTO_MATCHED_EXACT,MATCHED_WPI
PORTWATCH,port1231,Stura,Norway,LOC_WPI_23139,23139,AUTO_MATCHED_EXACT,MATCHED_WPI
PORTWATCH,port1232,Subic Bay,Philippines,LOC_WPI_58395,58395,AUTO_MATCHED_EXACT,MATCHED_WPI
PORTWATCH,port1233,Sundaomen Wuz,China,PW_PORT_port1233,,SOURCE_NATIVE,SOURCE_NATIVE
PORTWATCH,port1234,Sunderland,United Kingdom,LOC_WPI_31760,31760,AUTO_MATCHED_EXACT,MATCHED_WPI
PORTWATCH,port1235,Sundsvall,Sweden,LOC_WPI_25910,25910,AUTO_MATCHED_EXACT,MATCHED_WPI
PORTWATCH,port1236,Duluth,United States,LOC_WPI_5460,5460,AUTO_MATCHED_EXACT,MATCHED_WPI
PORTWATCH,port1237,Surabaya,Indonesia,LOC_WPI_51130,51130,AUTO_MATCHED_EXACT,MATCHED_WPI
PORTWATCH,port1238,Surigao City,Philippines,LOC_WPI_59340,59340,AUTO_MATCHED_EXACT,MATCHED_WPI
PORTWATCH,port1239,Susaki,Japan,PW_PORT_port1239,,SOURCE_NATIVE,SOURCE_NATIVE
PORTWATCH,port124,Bata,Equatorial Guinea,LOC_WPI_46305,46305,AUTO_MATCHED_EXACT,MATCHED_WPI
PORTWATCH,port1240,Suva,Fiji,PW_PORT_port1240,,SOURCE_NATIVE,SOURCE_NATIVE
PORTWATCH,port1241,Swanport,United States,PW_PORT_port1241,,SOURCE_NATIVE,SOURCE_NATIVE
PORTWATCH,port1242,Swinoujscie,Poland,LOC_WPI_28820,28820,AUTO_MATCHED_EXACT,MATCHED_WPI
PORTWATCH,port1243,Sydney,Australia,LOC_WPI_53650,53650,AUTO_MATCHED_EXACT,MATCHED_WPI
PORTWATCH,port1245,Sydney,United States,PW_PORT_port1245,,SOURCE_NATIVE,SOURCE_NATIVE
PORTWATCH,port1246,Szczecin,Poland,LOC_WPI_28823,28823,AUTO_MATCHED_EXACT,MATCHED_WPI
PORTWATCH,port1247,Tachibana,Japan,LOC_WPI_61965,61965,AUTO_MATCHED_EXACT,MATCHED_WPI
PORTWATCH,port1248,Tacoma,United States,LOC_WPI_17700,17700,AUTO_MATCHED_EXACT,MATCHED_WPI
PORTWATCH,port1249,Taganrog,Russian Federation,LOC_WPI_44060,44060,AUTO_MATCHED_COUNTRY_ALIAS,MATCHED_WPI
PORTWATCH,port125,Batangas City,Philippines,LOC_WPI_58320,58320,AUTO_MATCHED_EXACT,MATCHED_WPI
PORTWATCH,port1250,Tagonoura,Japan,PW_PORT_port1250,,SOURCE_NATIVE,SOURCE_NATIVE
PORTWATCH,port1252,Taichung,Taiwan Province of China,PW_PORT_port1252,,SOURCE_NATIVE,SOURCE_NATIVE
PORTWATCH,port1253,Suzhou (Taicang),China,PW_PORT_port1253,,SOURCE_NATIVE,SOURCE_NATIVE
PORTWATCH,port1254,Takamatsu,Japan,LOC_WPI_61940,61940,AUTO_MATCHED_EXACT,MATCHED_WPI
PORTWATCH,port1255,Takoradi,Ghana,LOC_WPI_46040,46040,AUTO_MATCHED_EXACT,MATCHED_WPI
PORTWATCH,port1256,Takuma,Japan,LOC_WPI_62077,62077,AUTO_MATCHED_EXACT,MATCHED_WPI
PORTWATCH,port1257,Talara,Peru,LOC_WPI_15190,15190,AUTO_MATCHED_EXACT,MATCHED_WPI
PORTWATCH,port1258,Tallinn,Estonia,PW_PORT_port1258,,SOURCE_NATIVE,SOURCE_NATIVE
PORTWATCH,port1259,Tampa Port,United States,PW_PORT_port1259,,SOURCE_NATIVE,SOURCE_NATIVE
PORTWATCH,port126,Baton Rouge,United States,LOC_WPI_8970,8970,AUTO_MATCHED_EXACT,MATCHED_WPI
PORTWATCH,port1260,Tampico,Mexico,LOC_WPI_9360,9360,AUTO_MATCHED_EXACT,MATCHED_WPI
PORTWATCH,port1261,Taipei,Taiwan Province of China,PW_PORT_port1261,,SOURCE_NATIVE,SOURCE_NATIVE
PORTWATCH,port1262,Tanah Merah,Indonesia,LOC_WPI_51865,51865,AUTO_MATCHED_EXACT,MATCHED_WPI
PORTWATCH,port1263,Tananger,Norway,LOC_WPI_23487,23487,AUTO_MATCHED_EXACT,MATCHED_WPI
PORTWATCH,port1265,Tangier-Mediterranean,Morocco,LOC_WPI_45753,45753,AUTO_MATCHED_EXACT,MATCHED_WPI
PORTWATCH,port1266,Tangshan (Jingtang),China,LOC_WPI_60193,60193,AUTO_MATCHED_EXACT,MATCHED_WPI
PORTWATCH,port1267,Tanjung Benete,Indonesia,LOC_WPI_51254,51254,AUTO_MATCHED_EXACT,MATCHED_WPI
PORTWATCH,port1268,Tanjung Geren,Indonesia,LOC_WPI_50932,50932,AUTO_MATCHED_FUZZY,MATCHED_WPI
PORTWATCH,port1269,Tanjung Pelepas,Malaysia,LOC_WPI_51587,51587,AUTO_MATCHED_EXACT,MATCHED_WPI
PORTWATCH,port127,Batumi,Georgia,LOC_WPI_44350,44350,AUTO_MATCHED_EXACT,MATCHED_WPI
PORTWATCH,port1270,Tanjung Sangata,Indonesia,LOC_WPI_51803,51803,AUTO_MATCHED_EXACT,MATCHED_WPI
PORTWATCH,port1271,Tanjung Sekong,Indonesia,LOC_WPI_50935,50935,AUTO_MATCHED_EXACT,MATCHED_WPI
PORTWATCH,port1272,Tanjung Redeb,Indonesia,PW_PORT_port1272,,SOURCE_NATIVE,SOURCE_NATIVE
PORTWATCH,port1273,Tanjunguban,Indonesia,LOC_WPI_50030,50030,AUTO_MATCHED_EXACT,MATCHED_WPI
PORTWATCH,port1274,Tripoli,Lebanon,PW_PORT_port1274,,SOURCE_NATIVE,SOURCE_NATIVE
PORTWATCH,port1275,Taranto,Italy,LOC_WPI_40470,40470,AUTO_MATCHED_EXACT,MATCHED_WPI
PORTWATCH,port1276,Betio (Tarawa),Kiribati,PW_PORT_port1276,,SOURCE_NATIVE,SOURCE_NATIVE
PORTWATCH,port1277,Tarragona,Spain,LOC_WPI_38540,38540,AUTO_MATCHED_EXACT,MATCHED_WPI
PORTWATCH,port1278,Tauranga,New Zealand,LOC_WPI_55080,55080,AUTO_MATCHED_EXACT,MATCHED_WPI
PORTWATCH,port1279,Teesport,United Kingdom,LOC_WPI_31720,31720,AUTO_MATCHED_EXACT,MATCHED_WPI
PORTWATCH,port128,Baubau,Indonesia,LOC_WPI_52260,52260,AUTO_MATCHED_EXACT,MATCHED_WPI
PORTWATCH,port1280,Tekirdag,Türkiye,LOC_WPI_43390,43390,AUTO_MATCHED_COUNTRY_ALIAS,MATCHED_WPI
PORTWATCH,port1281,Teluk Bayur,Indonesia,LOC_WPI_50450,50450,AUTO_MATCHED_EXACT,MATCHED_WPI
PORTWATCH,port1282,Tema,Ghana,LOC_WPI_46070,46070,AUTO_MATCHED_EXACT,MATCHED_WPI
PORTWATCH,port1283,Temryuk,Russian Federation,LOC_WPI_44140,44140,AUTO_MATCHED_COUNTRY_ALIAS,MATCHED_WPI
PORTWATCH,port1284,Terneuzen,The Netherlands,LOC_WPI_31220,31220,AUTO_MATCHED_COUNTRY_ALIAS,MATCHED_WPI
PORTWATCH,port1285,Texas City,United States,LOC_WPI_9160,9160,AUTO_MATCHED_EXACT,MATCHED_WPI
PORTWATCH,port1286,Tg Mani,Malaysia,LOC_WPI_51584,51584,AUTO_MATCHED_EXACT,MATCHED_WPI
PORTWATCH,port1287,Tg. Sorong,Indonesia,LOC_WPI_53020,53020,AUTO_MATCHED_EXACT,MATCHED_WPI
PORTWATCH,port1288,Thathong,Thailand,PW_PORT_port1288,,SOURCE_NATIVE,SOURCE_NATIVE
PORTWATCH,port1289,Thamesport,United Kingdom,LOC_WPI_31376,31376,AUTO_MATCHED_EXACT,MATCHED_WPI
PORTWATCH,port129,Bautino,Kazakhstan,PW_PORT_port129,,SOURCE_NATIVE,SOURCE_NATIVE
PORTWATCH,port1290,Thamshamm,Norway,LOC_WPI_23095,23095,AUTO_MATCHED_EXACT,MATCHED_WPI
PORTWATCH,port1291,Saigon,Vietnam,PW_PORT_port1291,,SOURCE_NATIVE,SOURCE_NATIVE
PORTWATCH,port1293,Thessaloníki,Greece,LOC_WPI_42530,42530,AUTO_MATCHED_EXACT,MATCHED_WPI
PORTWATCH,port1294,Thevenard,Australia,LOC_WPI_54410,54410,AUTO_MATCHED_EXACT,MATCHED_WPI
PORTWATCH,port1295,Thunder Bay,Canada,LOC_WPI_5210,5210,AUTO_MATCHED_EXACT,MATCHED_WPI
PORTWATCH,port1296,Thyboron,Denmark,LOC_WPI_30460,30460,AUTO_MATCHED_EXACT,MATCHED_WPI
PORTWATCH,port1297,Tianjin Xin Gang,China,LOC_WPI_60190,60190,AUTO_MATCHED_EXACT,MATCHED_WPI
PORTWATCH,port1298,Tilbury,United Kingdom,LOC_WPI_31430,31430,AUTO_MATCHED_EXACT,MATCHED_WPI
PORTWATCH,port1299,Timaru,New Zealand,LOC_WPI_55350,55350,AUTO_MATCHED_EXACT,MATCHED_WPI
PORTWATCH,port13,Ajman,United Arab Emirates,LOC_WPI_48270,48270,AUTO_MATCHED_EXACT,MATCHED_WPI
PORTWATCH,port130,Bay City,United States,PW_PORT_port130,,SOURCE_NATIVE,SOURCE_NATIVE
PORTWATCH,port1300,Tinian,Northern Mariana Islands,LOC_WPI_56530,56530,AUTO_MATCHED_EXACT,MATCHED_WPI
PORTWATCH,port1301,Toamasina,Madagascar,LOC_WPI_47540,47540,AUTO_MATCHED_EXACT,MATCHED_WPI
PORTWATCH,port1302,Tocopilla,Chile,LOC_WPI_14720,14720,AUTO_MATCHED_EXACT,MATCHED_WPI
PORTWATCH,port1303,Tokachi,Japan,LOC_WPI_61175,61175,AUTO_MATCHED_EXACT,MATCHED_WPI
PORTWATCH,port1304,Tokuyama,Japan,LOC_WPI_61680,61680,AUTO_MATCHED_EXACT,MATCHED_WPI
PORTWATCH,port1305,Tokyo,Japan,PW_PORT_port1305,,SOURCE_NATIVE,SOURCE_NATIVE
PORTWATCH,port1306,Toledo,United States,PW_PORT_port1306,,SOURCE_NATIVE,SOURCE_NATIVE
PORTWATCH,port1307,Tulear (Toliara),Madagascar,PW_PORT_port1307,,SOURCE_NATIVE,SOURCE_NATIVE
PORTWATCH,port1308,Tomakomai,Japan,PW_PORT_port1308,,SOURCE_NATIVE,SOURCE_NATIVE
PORTWATCH,port1309,Donghae,Korea,PW_PORT_port1309,,SOURCE_NATIVE,SOURCE_NATIVE
PORTWATCH,port131,Bayonne,France,LOC_WPI_37230,37230,AUTO_MATCHED_EXACT,MATCHED_WPI
PORTWATCH,port1310,Topolobampo,Mexico,LOC_WPI_15830,15830,AUTO_MATCHED_EXACT,MATCHED_WPI
PORTWATCH,port1311,Torneå,Finland,PW_PORT_port1311,,SOURCE_NATIVE,SOURCE_NATIVE
PORTWATCH,port1312,Toronto,Canada,LOC_WPI_3000,3000,AUTO_MATCHED_EXACT,MATCHED_WPI
PORTWATCH,port1313,Toros Gubre,Türkiye,LOC_WPI_44801,44801,AUTO_MATCHED_COUNTRY_ALIAS,MATCHED_WPI
PORTWATCH,port1314,Torrevieja,Spain,LOC_WPI_38435,38435,AUTO_MATCHED_EXACT,MATCHED_WPI
PORTWATCH,port1315,Townsville,Australia,LOC_WPI_53380,53380,AUTO_MATCHED_EXACT,MATCHED_WPI
PORTWATCH,port1316,Trabzon,Türkiye,LOC_WPI_44390,44390,AUTO_MATCHED_COUNTRY_ALIAS,MATCHED_WPI
PORTWATCH,port1317,Trelleborg,Sweden,LOC_WPI_24250,24250,AUTO_MATCHED_EXACT,MATCHED_WPI
PORTWATCH,port1318,Trieste,Italy,LOC_WPI_40820,40820,AUTO_MATCHED_EXACT,MATCHED_WPI
PORTWATCH,port1319,Trincomalee,Sri Lanka,PW_PORT_port1319,,SOURCE_NATIVE,SOURCE_NATIVE
PORTWATCH,port132,Beirut,Lebanon,PW_PORT_port132,,SOURCE_NATIVE,SOURCE_NATIVE
PORTWATCH,port1320,Trois Rivieres,Canada,LOC_WPI_2210,2210,AUTO_MATCHED_EXACT,MATCHED_WPI
PORTWATCH,port1321,Tromsø,Norway,PW_PORT_port1321,,SOURCE_NATIVE,SOURCE_NATIVE
PORTWATCH,port1322,Trondheim,Norway,LOC_WPI_23090,23090,AUTO_MATCHED_EXACT,MATCHED_WPI
PORTWATCH,port1323,Tsingéli,Greece,LOC_WPI_42460,42460,AUTO_MATCHED_EXACT,MATCHED_WPI
PORTWATCH,port1324,Tsukumi,Japan,PW_PORT_port1324,,SOURCE_NATIVE,SOURCE_NATIVE
PORTWATCH,port1325,Tsuruga,Japan,PW_PORT_port1325,,SOURCE_NATIVE,SOURCE_NATIVE
PORTWATCH,port1326,Tuapse,Russian Federation,LOC_WPI_44230,44230,AUTO_MATCHED_COUNTRY_ALIAS,MATCHED_WPI
PORTWATCH,port1327,Tuban,Indonesia,LOC_WPI_51100,51100,AUTO_MATCHED_EXACT,MATCHED_WPI
PORTWATCH,port1328,Tubarao,Brazil,LOC_WPI_12855,12855,AUTO_MATCHED_EXACT,MATCHED_WPI
PORTWATCH,port1329,Tunis,Tunisia,LOC_WPI_45430,45430,AUTO_MATCHED_EXACT,MATCHED_WPI
PORTWATCH,port133,Bayuquan,China,LOC_WPI_60230,60230,AUTO_MATCHED_EXACT,MATCHED_WPI
PORTWATCH,port1330,Turkmenbashi Port,Turkmenistan,PW_PORT_port1330,,SOURCE_NATIVE,SOURCE_NATIVE
PORTWATCH,port1331,Tuticorin,India,LOC_WPI_49320,49320,AUTO_MATCHED_EXACT,MATCHED_WPI
PORTWATCH,port1332,Tuxpan,Mexico,LOC_WPI_9370,9370,AUTO_MATCHED_EXACT,MATCHED_WPI
PORTWATCH,port1333,Two Harbors,United States,LOC_WPI_5470,5470,AUTO_MATCHED_EXACT,MATCHED_WPI
PORTWATCH,port1334,Tynemouth,United Kingdom,LOC_WPI_31765,31765,AUTO_MATCHED_EXACT,MATCHED_WPI
PORTWATCH,port1335,Ube,Japan,PW_PORT_port1335,,SOURCE_NATIVE,SOURCE_NATIVE
PORTWATCH,port1336,Makassar,Indonesia,PW_PORT_port1336,,SOURCE_NATIVE,SOURCE_NATIVE
PORTWATCH,port1337,Uleelheue,Indonesia,LOC_WPI_50600,50600,AUTO_MATCHED_EXACT,MATCHED_WPI
PORTWATCH,port1338,Ulsan,Korea,LOC_WPI_60400,60400,AUTO_MATCHED_COUNTRY_ALIAS,MATCHED_WPI
PORTWATCH,port1339,Umea Hamn,Sweden,LOC_WPI_26890,26890,AUTO_MATCHED_EXACT,MATCHED_WPI
PORTWATCH,port134,Beaumont,United States,LOC_WPI_9140,9140,AUTO_MATCHED_EXACT,MATCHED_WPI
PORTWATCH,port1340,Umm al Qaiwain,United Arab Emirates,PW_PORT_port1340,,SOURCE_NATIVE,SOURCE_NATIVE
PORTWATCH,port1341,Umm Qasr,Iraq,LOC_WPI_48399,48399,AUTO_MATCHED_EXACT,MATCHED_WPI
PORTWATCH,port1342,Doha-Umm Said,Qatar,PW_PORT_port1342,,SOURCE_NATIVE,SOURCE_NATIVE
PORTWATCH,port1343,Uno,Japan,PW_PORT_port1343,,SOURCE_NATIVE,SOURCE_NATIVE
PORTWATCH,port1344,Uturoa,French Polynesia,LOC_WPI_55800,55800,AUTO_MATCHED_EXACT,MATCHED_WPI
PORTWATCH,port1345,Uwajima,Japan,PW_PORT_port1345,,SOURCE_NATIVE,SOURCE_NATIVE
PORTWATCH,port1346,Vaasa,Finland,LOC_WPI_27650,27650,AUTO_MATCHED_EXACT,MATCHED_WPI
PORTWATCH,port1348,Valencia,Spain,LOC_WPI_38480,38480,AUTO_MATCHED_EXACT,MATCHED_WPI
PORTWATCH,port1349,Valletta,Malta,PW_PORT_port1349,,SOURCE_NATIVE,SOURCE_NATIVE
PORTWATCH,port135,Berdyansk,Ukraine,LOC_WPI_44000,44000,AUTO_MATCHED_EXACT,MATCHED_WPI
PORTWATCH,port1350,Vancouver,Canada,LOC_WPI_18150,18150,AUTO_MATCHED_EXACT,MATCHED_WPI
PORTWATCH,port1351,Vancouver,United States,LOC_WPI_16950,16950,AUTO_MATCHED_EXACT,MATCHED_WPI
PORTWATCH,port1352,Vanimo,Papua New Guinea,LOC_WPI_53282,53282,AUTO_MATCHED_EXACT,MATCHED_WPI
PORTWATCH,port1353,Varberg,Sweden,LOC_WPI_24030,24030,AUTO_MATCHED_EXACT,MATCHED_WPI
PORTWATCH,port1354,Varkaus,Finland,PW_PORT_port1354,,SOURCE_NATIVE,SOURCE_NATIVE
PORTWATCH,port1355,Varna,Bulgaria,LOC_WPI_43510,43510,AUTO_MATCHED_EXACT,MATCHED_WPI
PORTWATCH,port1356,Västerås,Sweden,LOC_WPI_25395,25395,AUTO_MATCHED_EXACT,MATCHED_WPI
PORTWATCH,port1357,Ventspils,Latvia,LOC_WPI_28620,28620,AUTO_MATCHED_EXACT,MATCHED_WPI
PORTWATCH,port1358,Veracruz,Mexico,LOC_WPI_9380,9380,AUTO_MATCHED_EXACT,MATCHED_WPI
PORTWATCH,port136,Beihai,China,LOC_WPI_57750,57750,AUTO_MATCHED_EXACT,MATCHED_WPI
PORTWATCH,port1360,Victoria,Malaysia,LOC_WPI_51680,51680,AUTO_MATCHED_EXACT,MATCHED_WPI
PORTWATCH,port1361,Victoria,Seychelles,LOC_WPI_47220,47220,AUTO_MATCHED_EXACT,MATCHED_WPI
PORTWATCH,port1362,Vieux Fort,St.  Lucia,LOC_WPI_11620,11620,AUTO_MATCHED_COUNTRY_ALIAS,MATCHED_WPI
PORTWATCH,port1363,Vigo,Spain,LOC_WPI_37900,37900,AUTO_MATCHED_EXACT,MATCHED_WPI
PORTWATCH,port1364,Vikanes,Norway,PW_PORT_port1364,,SOURCE_NATIVE,SOURCE_NATIVE
PORTWATCH,port1365,Villagarcia De Arosa,Spain,LOC_WPI_37830,37830,AUTO_MATCHED_EXACT,MATCHED_WPI
PORTWATCH,port1366,Villanueva,Philippines,LOC_WPI_59725,59725,AUTO_MATCHED_EXACT,MATCHED_WPI
PORTWATCH,port1367,Visakhapatnam,India,PW_PORT_port1367,,SOURCE_NATIVE,SOURCE_NATIVE
PORTWATCH,port1368,Vitoria,Brazil,LOC_WPI_12850,12850,AUTO_MATCHED_EXACT,MATCHED_WPI
PORTWATCH,port1369,Vladivostok,Russian Federation,LOC_WPI_60610,60610,AUTO_MATCHED_COUNTRY_ALIAS,MATCHED_WPI
PORTWATCH,port137,Beira,Mozambique,LOC_WPI_46890,46890,AUTO_MATCHED_EXACT,MATCHED_WPI
PORTWATCH,port1370,Vlissingen,The Netherlands,LOC_WPI_31210,31210,AUTO_MATCHED_COUNTRY_ALIAS,MATCHED_WPI
PORTWATCH,port1371,Vlora,Albania,PW_PORT_port1371,,SOURCE_NATIVE,SOURCE_NATIVE
PORTWATCH,port1372,Voh,New Caledonia,PW_PORT_port1372,,SOURCE_NATIVE,SOURCE_NATIVE
PORTWATCH,port1373,Volos,Greece,LOC_WPI_42470,42470,AUTO_MATCHED_EXACT,MATCHED_WPI
PORTWATCH,port1374,Vostochnyy,Russian Federation,LOC_WPI_60725,60725,AUTO_MATCHED_COUNTRY_ALIAS,MATCHED_WPI
PORTWATCH,port1375,Vung Tau,Vietnam,LOC_WPI_57570,57570,AUTO_MATCHED_EXACT,MATCHED_WPI
PORTWATCH,port1376,Vyborg,Russian Federation,LOC_WPI_28300,28300,AUTO_MATCHED_COUNTRY_ALIAS,MATCHED_WPI
PORTWATCH,port1377,Waingapu,Indonesia,LOC_WPI_51350,51350,AUTO_MATCHED_EXACT,MATCHED_WPI
PORTWATCH,port1378,Kitakyushu (Wakamatsu),Japan,PW_PORT_port1378,,SOURCE_NATIVE,SOURCE_NATIVE
PORTWATCH,port1379,Wakayama-Shimotsu,Japan,LOC_WPI_61545,61545,AUTO_MATCHED_FUZZY,MATCHED_WPI
PORTWATCH,port138,Bejaia,Algeria,LOC_WPI_45550,45550,AUTO_MATCHED_EXACT,MATCHED_WPI
PORTWATCH,port1380,Wallaroo,Australia,LOC_WPI_54280,54280,AUTO_MATCHED_EXACT,MATCHED_WPI
PORTWATCH,port1381,Walvis Bay,Namibia,LOC_WPI_46640,46640,AUTO_MATCHED_EXACT,MATCHED_WPI
PORTWATCH,port1382,Warren Point,United Kingdom,LOC_WPI_33680,33680,AUTO_MATCHED_EXACT,MATCHED_WPI
PORTWATCH,port1383,Warri,Nigeria,LOC_WPI_46170,46170,AUTO_MATCHED_EXACT,MATCHED_WPI
PORTWATCH,port1384,Waterford,Ireland,LOC_WPI_34400,34400,AUTO_MATCHED_EXACT,MATCHED_WPI
PORTWATCH,port1385,Weifang Port,China,PW_PORT_port1385,,SOURCE_NATIVE,SOURCE_NATIVE
PORTWATCH,port1386,Weihai,China,LOC_WPI_60150,60150,AUTO_MATCHED_EXACT,MATCHED_WPI
PORTWATCH,port1387,Weipa,Australia,LOC_WPI_54672,54672,AUTO_MATCHED_EXACT,MATCHED_WPI
PORTWATCH,port1388,Wellington,New Zealand,LOC_WPI_55150,55150,AUTO_MATCHED_EXACT,MATCHED_WPI
PORTWATCH,port139,Belawan,Indonesia,LOC_WPI_50730,50730,AUTO_MATCHED_EXACT,MATCHED_WPI
PORTWATCH,port1390,Wenzhou,China,LOC_WPI_59910,59910,AUTO_MATCHED_EXACT,MATCHED_WPI
PORTWATCH,port1391,Western Port,Australia,LOC_WPI_53930,53930,AUTO_MATCHED_EXACT,MATCHED_WPI
PORTWATCH,port1392,Wewak Harbor,Papua New Guinea,LOC_WPI_56738,56738,AUTO_MATCHED_EXACT,MATCHED_WPI
PORTWATCH,port1393,Marsden Point,New Zealand,PW_PORT_port1393,,SOURCE_NATIVE,SOURCE_NATIVE
PORTWATCH,port1395,Whyalla,Australia,LOC_WPI_54320,54320,AUTO_MATCHED_EXACT,MATCHED_WPI
PORTWATCH,port1396,Wilhelmshaven,Germany,LOC_WPI_30910,30910,AUTO_MATCHED_EXACT,MATCHED_WPI
PORTWATCH,port1397,Willemstad,Curaçao,LOC_WPI_11810,11810,AUTO_MATCHED_EXACT,MATCHED_WPI
PORTWATCH,port1398,"Wilmington, DE",United States,PW_PORT_port1398,,SOURCE_NATIVE,SOURCE_NATIVE
PORTWATCH,port1399,"Wilmington, NC",United States,PW_PORT_port1399,,SOURCE_NATIVE,SOURCE_NATIVE
PORTWATCH,port14,Akita,Japan,PW_PORT_port14,,SOURCE_NATIVE,SOURCE_NATIVE
PORTWATCH,port140,Belém,Brazil,LOC_WPI_12490,12490,AUTO_MATCHED_EXACT,MATCHED_WPI
PORTWATCH,port1400,Wisbech,United Kingdom,LOC_WPI_31600,31600,AUTO_MATCHED_EXACT,MATCHED_WPI
PORTWATCH,port1401,Wismar,Germany,LOC_WPI_28870,28870,AUTO_MATCHED_EXACT,MATCHED_WPI
PORTWATCH,port1402,Workington,United Kingdom,LOC_WPI_34610,34610,AUTO_MATCHED_EXACT,MATCHED_WPI
PORTWATCH,port1403,Xiagong,China,PW_PORT_port1403,,SOURCE_NATIVE,SOURCE_NATIVE
PORTWATCH,port1404,Xiamen,China,LOC_WPI_57870,57870,AUTO_MATCHED_EXACT,MATCHED_WPI
PORTWATCH,port1405,Xiuyu,China,LOC_WPI_57876,57876,AUTO_MATCHED_EXACT,MATCHED_WPI
PORTWATCH,port1406,Yakacik,Türkiye,LOC_WPI_44803,44803,AUTO_MATCHED_COUNTRY_ALIAS,MATCHED_WPI
PORTWATCH,port1407,Yalova,Türkiye,PW_PORT_port1407,,SOURCE_NATIVE,SOURCE_NATIVE
PORTWATCH,port1408,Yanbu (Yanbu city),Saudi Arabia,PW_PORT_port1408,,SOURCE_NATIVE,SOURCE_NATIVE
PORTWATCH,port1409,Yangpu,China,LOC_WPI_57817,57817,AUTO_MATCHED_EXACT,MATCHED_WPI
PORTWATCH,port141,Belfast,United Kingdom,LOC_WPI_33770,33770,AUTO_MATCHED_EXACT,MATCHED_WPI
PORTWATCH,port1410,Yantai,China,LOC_WPI_60160,60160,AUTO_MATCHED_EXACT,MATCHED_WPI
PORTWATCH,port1411,Yatsushiro,Japan,LOC_WPI_62255,62255,AUTO_MATCHED_FUZZY,MATCHED_WPI
PORTWATCH,port1412,Yawatahama,Japan,LOC_WPI_62020,62020,AUTO_MATCHED_EXACT,MATCHED_WPI
PORTWATCH,port1413,Yeysk,Russian Federation,LOC_WPI_44090,44090,AUTO_MATCHED_COUNTRY_ALIAS,MATCHED_WPI
PORTWATCH,port1414,Yantian,China,LOC_WPI_57857,57857,AUTO_MATCHED_EXACT,MATCHED_WPI
PORTWATCH,port1415,Yingkou,China,LOC_WPI_60220,60220,AUTO_MATCHED_EXACT,MATCHED_WPI
PORTWATCH,port1416,Yokkaichi,Japan,LOC_WPI_61490,61490,AUTO_MATCHED_EXACT,MATCHED_WPI
PORTWATCH,port1417,Yokohama,Japan,PW_PORT_port1417,,SOURCE_NATIVE,SOURCE_NATIVE
PORTWATCH,port1418,Yokosuka,Japan,PW_PORT_port1418,,SOURCE_NATIVE,SOURCE_NATIVE
PORTWATCH,port1419,Pivdennyi,Ukraine,PW_PORT_port1419,,SOURCE_NATIVE,SOURCE_NATIVE
PORTWATCH,port142,Belize City,Belize,LOC_WPI_9590,9590,AUTO_MATCHED_EXACT,MATCHED_WPI
PORTWATCH,port1420,Zamboanga,Philippines,LOC_WPI_59580,59580,AUTO_MATCHED_EXACT,MATCHED_WPI
PORTWATCH,port1421,Zanzibar,Tanzania,LOC_WPI_47050,47050,AUTO_MATCHED_EXACT,MATCHED_WPI
PORTWATCH,port1422,Zarate,Argentina,LOC_WPI_13700,13700,AUTO_MATCHED_EXACT,MATCHED_WPI
PORTWATCH,port1423,Zarzis,Tunisia,LOC_WPI_45365,45365,AUTO_MATCHED_EXACT,MATCHED_WPI
PORTWATCH,port1424,Zeebrugge,Belgium,LOC_WPI_31280,31280,AUTO_MATCHED_EXACT,MATCHED_WPI
PORTWATCH,port1425,Suzhou (Zhangjiagang),China,PW_PORT_port1425,,SOURCE_NATIVE,SOURCE_NATIVE
PORTWATCH,port1426,Zhanjiang,China,LOC_WPI_57770,57770,AUTO_MATCHED_EXACT,MATCHED_WPI
PORTWATCH,port1427,Zhapu,China,LOC_WPI_59963,59963,AUTO_MATCHED_EXACT,MATCHED_WPI
PORTWATCH,port1428,Zhouliwang,China,PW_PORT_port1428,,SOURCE_NATIVE,SOURCE_NATIVE
PORTWATCH,port1429,Zhoushan,China,LOC_WPI_59960,59960,AUTO_MATCHED_EXACT,MATCHED_WPI
PORTWATCH,port143,Bellingham,United States,LOC_WPI_18050,18050,AUTO_MATCHED_EXACT,MATCHED_WPI
PORTWATCH,port1430,Zonguldak,Türkiye,LOC_WPI_44490,44490,AUTO_MATCHED_COUNTRY_ALIAS,MATCHED_WPI
PORTWATCH,port1431,Palma de Mallorca,Spain,LOC_WPI_38630,38630,AUTO_MATCHED_EXACT,MATCHED_WPI
PORTWATCH,port1432,Punta Arenas,Chile,PW_PORT_port1432,,SOURCE_NATIVE,SOURCE_NATIVE
PORTWATCH,port144,Benicia,United States,LOC_WPI_16470,16470,AUTO_MATCHED_EXACT,MATCHED_WPI
PORTWATCH,port145,Benoa,Indonesia,PW_PORT_port145,,SOURCE_NATIVE,SOURCE_NATIVE
PORTWATCH,port146,Berbera,Somalia,LOC_WPI_47820,47820,AUTO_MATCHED_EXACT,MATCHED_WPI
PORTWATCH,port147,Bergen,Norway,LOC_WPI_23160,23160,AUTO_MATCHED_EXACT,MATCHED_WPI
PORTWATCH,port148,Big Creek,Belize,LOC_WPI_9598,9598,AUTO_MATCHED_EXACT,MATCHED_WPI
PORTWATCH,port149,Bintulu,Malaysia,PW_PORT_port149,,SOURCE_NATIVE,SOURCE_NATIVE
PORTWATCH,port15,Ako,Japan,PW_PORT_port15,,SOURCE_NATIVE,SOURCE_NATIVE
PORTWATCH,port150,Bissau,Guinea-Bissau,LOC_WPI_45838,45838,AUTO_MATCHED_EXACT,MATCHED_WPI
PORTWATCH,port151,Bitung,Indonesia,LOC_WPI_52065,52065,AUTO_MATCHED_EXACT,MATCHED_WPI
PORTWATCH,port152,Blanglancang,Indonesia,LOC_WPI_50652,50652,AUTO_MATCHED_EXACT,MATCHED_WPI
PORTWATCH,port153,Bluff Harbor,New Zealand,LOC_WPI_55400,55400,AUTO_MATCHED_EXACT,MATCHED_WPI
PORTWATCH,port154,Huanghua,China,PW_PORT_port154,,SOURCE_NATIVE,SOURCE_NATIVE
PORTWATCH,port155,Bonny,Nigeria,LOC_WPI_46205,46205,AUTO_MATCHED_EXACT,MATCHED_WPI
PORTWATCH,port156,Bontang LNG Terminal,Indonesia,LOC_WPI_51811,51811,AUTO_MATCHED_EXACT,MATCHED_WPI
PORTWATCH,port157,Bossaso,Somalia,PW_PORT_port157,,SOURCE_NATIVE,SOURCE_NATIVE
PORTWATCH,port158,Bordeaux,France,LOC_WPI_37190,37190,AUTO_MATCHED_EXACT,MATCHED_WPI
PORTWATCH,port159,Boston,United States,LOC_WPI_7250,7250,AUTO_MATCHED_EXACT,MATCHED_WPI
PORTWATCH,port16,Aktau Port,Kazakhstan,PW_PORT_port16,,SOURCE_NATIVE,SOURCE_NATIVE
PORTWATCH,port160,Boston,United Kingdom,LOC_WPI_31630,31630,AUTO_MATCHED_EXACT,MATCHED_WPI
PORTWATCH,port161,Port Botany,Australia,PW_PORT_port161,,SOURCE_NATIVE,SOURCE_NATIVE
PORTWATCH,port162,Botas,Türkiye,LOC_WPI_44870,44870,AUTO_MATCHED_COUNTRY_ALIAS,MATCHED_WPI
PORTWATCH,port163,Botas Natural Gas Terminal,Türkiye,LOC_WPI_44542,44542,AUTO_MATCHED_COUNTRY_ALIAS,MATCHED_WPI
PORTWATCH,port164,Brades,Montserrat,PW_PORT_port164,,SOURCE_NATIVE,SOURCE_NATIVE
PORTWATCH,port165,Brake,Germany,LOC_WPI_30850,30850,AUTO_MATCHED_EXACT,MATCHED_WPI
PORTWATCH,port166,Porto do Acu,Brazil,PW_PORT_port166,,SOURCE_NATIVE,SOURCE_NATIVE
PORTWATCH,port167,Bremen,Germany,LOC_WPI_30900,30900,AUTO_MATCHED_EXACT,MATCHED_WPI
PORTWATCH,port168,Bremerhaven,Germany,LOC_WPI_30810,30810,AUTO_MATCHED_EXACT,MATCHED_WPI
PORTWATCH,port169,Brevik,Norway,LOC_WPI_23660,23660,AUTO_MATCHED_EXACT,MATCHED_WPI
PORTWATCH,port17,Akureyri,Iceland,LOC_WPI_310,310,AUTO_MATCHED_EXACT,MATCHED_WPI
PORTWATCH,port170,Bridgeport (US-CT),United States,PW_PORT_port170,,SOURCE_NATIVE,SOURCE_NATIVE
PORTWATCH,port171,Bridgetown,Barbados,LOC_WPI_11690,11690,AUTO_MATCHED_EXACT,MATCHED_WPI
PORTWATCH,port172,Brighton,Trinidad and Tobago,LOC_WPI_11760,11760,AUTO_MATCHED_EXACT,MATCHED_WPI
PORTWATCH,port173,Brindisi,Italy,LOC_WPI_40500,40500,AUTO_MATCHED_EXACT,MATCHED_WPI
PORTWATCH,port174,Brisbane,Australia,LOC_WPI_53490,53490,AUTO_MATCHED_EXACT,MATCHED_WPI
PORTWATCH,port175,Brofjorden,Sweden,LOC_WPI_23950,23950,AUTO_MATCHED_EXACT,MATCHED_WPI
PORTWATCH,port176,Broome,Australia,LOC_WPI_54630,54630,AUTO_MATCHED_EXACT,MATCHED_WPI
PORTWATCH,port177,Brownsville (US-PA),United States,PW_PORT_port177,,SOURCE_NATIVE,SOURCE_NATIVE
PORTWATCH,port178,Bruges,Belgium,LOC_WPI_31290,31290,AUTO_MATCHED_EXACT,MATCHED_WPI
PORTWATCH,port179,Brunsbuettel,Germany,PW_PORT_port179,,SOURCE_NATIVE,SOURCE_NATIVE
PORTWATCH,port18,Hudaydah (Hodeidah),Yemen,PW_PORT_port18,,SOURCE_NATIVE,SOURCE_NATIVE
PORTWATCH,port180,Brunswick,United States,LOC_WPI_8550,8550,AUTO_MATCHED_EXACT,MATCHED_WPI
PORTWATCH,port181,Buchanan,Liberia,LOC_WPI_45950,45950,AUTO_MATCHED_EXACT,MATCHED_WPI
PORTWATCH,port182,Buco,Philippines,PW_PORT_port182,,SOURCE_NATIVE,SOURCE_NATIVE
PORTWATCH,port183,Buenaventura,Colombia,LOC_WPI_15370,15370,AUTO_MATCHED_EXACT,MATCHED_WPI
PORTWATCH,port184,Buenos Aires,Argentina,LOC_WPI_13760,13760,AUTO_MATCHED_EXACT,MATCHED_WPI
PORTWATCH,port185,Buffington,United States,LOC_WPI_4770,4770,AUTO_MATCHED_EXACT,MATCHED_WPI
PORTWATCH,port186,Buka,Papua New Guinea,PW_PORT_port186,,SOURCE_NATIVE,SOURCE_NATIVE
PORTWATCH,port187,Vanino,Russian Federation,PW_PORT_port187,,SOURCE_NATIVE,SOURCE_NATIVE
PORTWATCH,port189,Bullen Baai,Curaçao,LOC_WPI_11820,11820,AUTO_MATCHED_EXACT,MATCHED_WPI
PORTWATCH,port19,Aqaba,Jordan,PW_PORT_port19,,SOURCE_NATIVE,SOURCE_NATIVE
PORTWATCH,port190,Bunbury,Australia,LOC_WPI_54500,54500,AUTO_MATCHED_EXACT,MATCHED_WPI
PORTWATCH,port191,Safaga,Egypt,PW_PORT_port191,,SOURCE_NATIVE,SOURCE_NATIVE
PORTWATCH,port192,Port Said,Egypt,PW_PORT_port192,,SOURCE_NATIVE,SOURCE_NATIVE
PORTWATCH,port193,Burgas,Bulgaria,LOC_WPI_43500,43500,AUTO_MATCHED_EXACT,MATCHED_WPI
PORTWATCH,port194,Burnie,Australia,LOC_WPI_54880,54880,AUTO_MATCHED_EXACT,MATCHED_WPI
PORTWATCH,port195,Burns Harbour,United States,PW_PORT_port195,,SOURCE_NATIVE,SOURCE_NATIVE
PORTWATCH,port196,Bushehr,Iran,LOC_WPI_48470,48470,AUTO_MATCHED_EXACT,MATCHED_WPI
PORTWATCH,port197,Butinge Oil Terminal,Lithuania,LOC_WPI_28654,28654,AUTO_MATCHED_EXACT,MATCHED_WPI
PORTWATCH,port198,Butuan City,Philippines,LOC_WPI_59760,59760,AUTO_MATCHED_EXACT,MATCHED_WPI
PORTWATCH,port2,Aberdeen,United States,LOC_WPI_17060,17060,AUTO_MATCHED_EXACT,MATCHED_WPI
PORTWATCH,port20,Al Basrah,Iraq,LOC_WPI_48400,48400,AUTO_MATCHED_EXACT,MATCHED_WPI
PORTWATCH,port200,Cabedelo,Brazil,LOC_WPI_12710,12710,AUTO_MATCHED_EXACT,MATCHED_WPI
PORTWATCH,port2001,Izmail,Ukraine,PW_PORT_port2001,,SOURCE_NATIVE,SOURCE_NATIVE
PORTWATCH,port2002,Reni,Ukraine,LOC_WPI_43925,43925,AUTO_MATCHED_EXACT,MATCHED_WPI
PORTWATCH,port2003,Olvia,Ukraine,PW_PORT_port2003,,SOURCE_NATIVE,SOURCE_NATIVE
PORTWATCH,port2004,Kherson,Ukraine,LOC_WPI_43680,43680,AUTO_MATCHED_EXACT,MATCHED_WPI
PORTWATCH,port2005,Giurgiulesti Port,Moldova,PW_PORT_port2005,,SOURCE_NATIVE,SOURCE_NATIVE
PORTWATCH,port2006,Tulcea,Romania,LOC_WPI_43572,43572,AUTO_MATCHED_EXACT,MATCHED_WPI
PORTWATCH,port2007,Galati,Romania,LOC_WPI_43600,43600,AUTO_MATCHED_EXACT,MATCHED_WPI
PORTWATCH,port2008,Romportmet,Romania,PW_PORT_port2008,,SOURCE_NATIVE,SOURCE_NATIVE
PORTWATCH,port2009,Braila,Romania,LOC_WPI_43590,43590,AUTO_MATCHED_EXACT,MATCHED_WPI
PORTWATCH,port201,Cadiz,Spain,LOC_WPI_38290,38290,AUTO_MATCHED_EXACT,MATCHED_WPI
PORTWATCH,port2010,Azov,Russian Federation,LOC_WPI_44080,44080,AUTO_MATCHED_COUNTRY_ALIAS,MATCHED_WPI
PORTWATCH,port2011,Otago,New Zealand,PW_PORT_port2011,,SOURCE_NATIVE,SOURCE_NATIVE
PORTWATCH,port2012,Khalifa Bin Salman,Bahrain,LOC_WPI_48327,48327,AUTO_MATCHED_EXACT,MATCHED_WPI
PORTWATCH,port2013,Puerto Limon,Costa Rica,LOC_WPI_9810,9810,AUTO_MATCHED_EXACT,MATCHED_WPI
PORTWATCH,port2014,Holyhead,United Kingdom,LOC_WPI_34770,34770,AUTO_MATCHED_EXACT,MATCHED_WPI
PORTWATCH,port2015,Trapani,Italy,LOC_WPI_40150,40150,AUTO_MATCHED_EXACT,MATCHED_WPI
PORTWATCH,port2016,Eilat,Israel,PW_PORT_port2016,,SOURCE_NATIVE,SOURCE_NATIVE
PORTWATCH,port2017,Moji,Japan,PW_PORT_port2017,,SOURCE_NATIVE,SOURCE_NATIVE
PORTWATCH,port2018,Ronne,Denmark,LOC_WPI_29110,29110,AUTO_MATCHED_EXACT,MATCHED_WPI
PORTWATCH,port2019,Dongguan,China,PW_PORT_port2019,,SOURCE_NATIVE,SOURCE_NATIVE
PORTWATCH,port202,Cagayan de Oro,Philippines,LOC_WPI_59710,59710,AUTO_MATCHED_EXACT,MATCHED_WPI
PORTWATCH,port2020,Nanjing,China,LOC_WPI_60000,60000,AUTO_MATCHED_EXACT,MATCHED_WPI
PORTWATCH,port2021,Jiaxing,China,PW_PORT_port2021,,SOURCE_NATIVE,SOURCE_NATIVE
PORTWATCH,port2022,Rosslare,Ireland,LOC_WPI_34420,34420,AUTO_MATCHED_EXACT,MATCHED_WPI
PORTWATCH,port2023,Bantry Bay,Ireland,PW_PORT_port2023,,SOURCE_NATIVE,SOURCE_NATIVE
PORTWATCH,port2024,Larne,United Kingdom,LOC_WPI_33790,33790,AUTO_MATCHED_EXACT,MATCHED_WPI
PORTWATCH,port2025,Khalifa Port,United Arab Emirates,PW_PORT_port2025,,SOURCE_NATIVE,SOURCE_NATIVE
PORTWATCH,port2026,Hamad Port,Qatar,PW_PORT_port2026,,SOURCE_NATIVE,SOURCE_NATIVE
PORTWATCH,port2027,Shanghai (Yangshan),China,PW_PORT_port2027,,SOURCE_NATIVE,SOURCE_NATIVE
PORTWATCH,port2028,Mawan,China,PW_PORT_port2028,,SOURCE_NATIVE,SOURCE_NATIVE
PORTWATCH,port2029,Dachan Bay,China,PW_PORT_port2029,,SOURCE_NATIVE,SOURCE_NATIVE
PORTWATCH,port203,Cagliari,Italy,LOC_WPI_39210,39210,AUTO_MATCHED_EXACT,MATCHED_WPI
PORTWATCH,port2030,Qianhai Bay,China,PW_PORT_port2030,,SOURCE_NATIVE,SOURCE_NATIVE
PORTWATCH,port2031,King Abdullah Port,Saudi Arabia,PW_PORT_port2031,,SOURCE_NATIVE,SOURCE_NATIVE
PORTWATCH,port2032,Posorja,Ecuador,PW_PORT_port2032,,SOURCE_NATIVE,SOURCE_NATIVE
PORTWATCH,port2033,Port of Yeosu,Korea,PW_PORT_port2033,,SOURCE_NATIVE,SOURCE_NATIVE
PORTWATCH,port2034,Yarimca,Türkiye,LOC_WPI_44603,44603,AUTO_MATCHED_COUNTRY_ALIAS,MATCHED_WPI
PORTWATCH,port2035,Itapoa,Brazil,PW_PORT_port2035,,SOURCE_NATIVE,SOURCE_NATIVE
PORTWATCH,port2036,Siam Seaport,Thailand,LOC_WPI_57461,57461,AUTO_MATCHED_EXACT,MATCHED_WPI
PORTWATCH,port2037,Diliskelesi,Türkiye,PW_PORT_port2037,,SOURCE_NATIVE,SOURCE_NATIVE
PORTWATCH,port2038,Kattupalli,India,PW_PORT_port2038,,SOURCE_NATIVE,SOURCE_NATIVE
PORTWATCH,port2039,Hazira,India,LOC_WPI_48790,48790,AUTO_MATCHED_EXACT,MATCHED_WPI
PORTWATCH,port204,Cairns,Australia,LOC_WPI_53340,53340,AUTO_MATCHED_EXACT,MATCHED_WPI
PORTWATCH,port2040,Naha,Japan,PW_PORT_port2040,,SOURCE_NATIVE,SOURCE_NATIVE
PORTWATCH,port2041,Omaezaki,Japan,PW_PORT_port2041,,SOURCE_NATIVE,SOURCE_NATIVE
PORTWATCH,port2042,Chu Lai,Vietnam,PW_PORT_port2042,,SOURCE_NATIVE,SOURCE_NATIVE
PORTWATCH,port2043,Borusan,Türkiye,PW_PORT_port2043,,SOURCE_NATIVE,SOURCE_NATIVE
PORTWATCH,port2044,El Dekheila,Egypt,PW_PORT_port2044,,SOURCE_NATIVE,SOURCE_NATIVE
PORTWATCH,port2045,Porto de Itaguai,Brazil,PW_PORT_port2045,,SOURCE_NATIVE,SOURCE_NATIVE
PORTWATCH,port2046,Vila Do Conde,Brazil,LOC_WPI_12491,12491,AUTO_MATCHED_EXACT,MATCHED_WPI
PORTWATCH,port2047,Rades (La Goulette),Tunisia,PW_PORT_port2047,,SOURCE_NATIVE,SOURCE_NATIVE
PORTWATCH,port2048,Almirante,Panama,LOC_WPI_9830,9830,AUTO_MATCHED_EXACT,MATCHED_WPI
PORTWATCH,port2049,Ambarli,Türkiye,LOC_WPI_43388,43388,AUTO_MATCHED_COUNTRY_ALIAS,MATCHED_WPI
PORTWATCH,port205,Calabar,Nigeria,LOC_WPI_46230,46230,AUTO_MATCHED_EXACT,MATCHED_WPI
PORTWATCH,port2050,Angra Dos Reis,Brazil,LOC_WPI_12940,12940,AUTO_MATCHED_EXACT,MATCHED_WPI
PORTWATCH,port2051,Cam Pha,Vietnam,LOC_WPI_57710,57710,AUTO_MATCHED_EXACT,MATCHED_WPI
PORTWATCH,port2052,Cape Flattery,Australia,PW_PORT_port2052,,SOURCE_NATIVE,SOURCE_NATIVE
PORTWATCH,port2053,Chicago,United States,LOC_WPI_4800,4800,AUTO_MATCHED_EXACT,MATCHED_WPI
PORTWATCH,port2054,Coquimbo,Chile,LOC_WPI_14570,14570,AUTO_MATCHED_EXACT,MATCHED_WPI
PORTWATCH,port2055,Iloilo,Philippines,LOC_WPI_59190,59190,AUTO_MATCHED_EXACT,MATCHED_WPI
PORTWATCH,port2056,Karumba,Australia,LOC_WPI_54690,54690,AUTO_MATCHED_EXACT,MATCHED_WPI
PORTWATCH,port2057,Hibikinada,Japan,LOC_WPI_62118,62118,AUTO_MATCHED_EXACT,MATCHED_WPI
PORTWATCH,port2058,Launceston,Australia,LOC_WPI_54970,54970,AUTO_MATCHED_EXACT,MATCHED_WPI
PORTWATCH,port2059,Melilla,Spain,PW_PORT_port2059,,SOURCE_NATIVE,SOURCE_NATIVE
PORTWATCH,port206,Calais,France,LOC_WPI_35750,35750,AUTO_MATCHED_EXACT,MATCHED_WPI
PORTWATCH,port2060,Mina Salman,Bahrain,LOC_WPI_48325,48325,AUTO_MATCHED_EXACT,MATCHED_WPI
PORTWATCH,port2061,Mourilyan,Australia,PW_PORT_port2061,,SOURCE_NATIVE,SOURCE_NATIVE
PORTWATCH,port2062,Nanaimo,Canada,PW_PORT_port2062,,SOURCE_NATIVE,SOURCE_NATIVE
PORTWATCH,port2063,Ngqura,South Africa,PW_PORT_port2063,,SOURCE_NATIVE,SOURCE_NATIVE
PORTWATCH,port2064,Nordenham,Germany,LOC_WPI_30840,30840,AUTO_MATCHED_EXACT,MATCHED_WPI
PORTWATCH,port2065,Okrika,Nigeria,LOC_WPI_46207,46207,AUTO_MATCHED_EXACT,MATCHED_WPI
PORTWATCH,port2066,Port of Virginia,United States,PW_PORT_port2066,,SOURCE_NATIVE,SOURCE_NATIVE
PORTWATCH,port2067,Shuaiba,Kuwait,PW_PORT_port2067,,SOURCE_NATIVE,SOURCE_NATIVE
PORTWATCH,port2068,Stralsund,Germany,LOC_WPI_28848,28848,AUTO_MATCHED_EXACT,MATCHED_WPI
PORTWATCH,port2069,Sullom Voe,United Kingdom,LOC_WPI_32630,32630,AUTO_MATCHED_EXACT,MATCHED_WPI
PORTWATCH,port207,Kolkata (Syama Prasad Mookerje Port),India,PW_PORT_port207,,SOURCE_NATIVE,SOURCE_NATIVE
PORTWATCH,port2070,Wallhamn,Sweden,PW_PORT_port2070,,SOURCE_NATIVE,SOURCE_NATIVE
PORTWATCH,port2071,Ust-Danube,Ukraine,PW_PORT_port2071,,SOURCE_NATIVE,SOURCE_NATIVE
PORTWATCH,port2072,Port of Skadovsk,Ukraine,PW_PORT_port2072,,SOURCE_NATIVE,SOURCE_NATIVE
PORTWATCH,port2073,Kismayo,Somalia,PW_PORT_port2073,,SOURCE_NATIVE,SOURCE_NATIVE
PORTWATCH,port2074,Jazan,Saudi Arabia,PW_PORT_port2074,,SOURCE_NATIVE,SOURCE_NATIVE
PORTWATCH,port2075,Orkney,United Kingdom,PW_PORT_port2075,,SOURCE_NATIVE,SOURCE_NATIVE
PORTWATCH,port2076,Escravos (Oil Terminal),Nigeria,LOC_WPI_46135,46135,AUTO_MATCHED_EXACT,MATCHED_WPI
PORTWATCH,port2077,Bilhorod-Dnistrovskyi,Ukraine,PW_PORT_port2077,,SOURCE_NATIVE,SOURCE_NATIVE
PORTWATCH,port2078,Alexandroupoli,Greece,LOC_WPI_42630,42630,AUTO_MATCHED_EXACT,MATCHED_WPI
PORTWATCH,port2079,Gizo,Solomon Islands,PW_PORT_port2079,,SOURCE_NATIVE,SOURCE_NATIVE
PORTWATCH,port208,Caleta Patillos,Chile,LOC_WPI_14671,14671,AUTO_MATCHED_EXACT,MATCHED_WPI
PORTWATCH,port2080,Ringgi,Solomon Islands,PW_PORT_port2080,,SOURCE_NATIVE,SOURCE_NATIVE
PORTWATCH,port2081,Savusavu,Fiji,PW_PORT_port2081,,SOURCE_NATIVE,SOURCE_NATIVE
PORTWATCH,port2082,Nabouwalu,Fiji,PW_PORT_port2082,,SOURCE_NATIVE,SOURCE_NATIVE
PORTWATCH,port2083,Lughughi,Solomon Islands,PW_PORT_port2083,,SOURCE_NATIVE,SOURCE_NATIVE
PORTWATCH,port2084,Rennell Island,Solomon Islands,PW_PORT_port2084,,SOURCE_NATIVE,SOURCE_NATIVE
PORTWATCH,port2085,Cat Lai (Saigon New Port),Vietnam,PW_PORT_port2085,,SOURCE_NATIVE,SOURCE_NATIVE
PORTWATCH,port2086,Cherbourg,France,PW_PORT_port2086,,SOURCE_NATIVE,SOURCE_NATIVE
PORTWATCH,port2087,Dundee,United Kingdom,LOC_WPI_32170,32170,AUTO_MATCHED_EXACT,MATCHED_WPI
PORTWATCH,port2088,Rosyth,United Kingdom,LOC_WPI_31980,31980,AUTO_MATCHED_EXACT,MATCHED_WPI
PORTWATCH,port2089,Kirkcaldy,United Kingdom,PW_PORT_port2089,,SOURCE_NATIVE,SOURCE_NATIVE
PORTWATCH,port209,Calumet Harbor,United States,LOC_WPI_4790,4790,AUTO_MATCHED_EXACT,MATCHED_WPI
PORTWATCH,port2090,Burntisland,United Kingdom,LOC_WPI_32030,32030,AUTO_MATCHED_EXACT,MATCHED_WPI
PORTWATCH,port2091,Methil,United Kingdom,LOC_WPI_32070,32070,AUTO_MATCHED_EXACT,MATCHED_WPI
PORTWATCH,port2092,Romano,Albania,PW_PORT_port2092,,SOURCE_NATIVE,SOURCE_NATIVE
PORTWATCH,port2093,Rosales,Argentina,PW_PORT_port2093,,SOURCE_NATIVE,SOURCE_NATIVE
PORTWATCH,port2094,Punta Loyola,Argentina,PW_PORT_port2094,,SOURCE_NATIVE,SOURCE_NATIVE
PORTWATCH,port2095,Del Guazu,Argentina,PW_PORT_port2095,,SOURCE_NATIVE,SOURCE_NATIVE
PORTWATCH,port2096,Wyndham,Australia,LOC_WPI_54660,54660,AUTO_MATCHED_EXACT,MATCHED_WPI
PORTWATCH,port2097,South Riding Point,The Bahamas,LOC_WPI_9987,9987,AUTO_MATCHED_EXACT,MATCHED_WPI
PORTWATCH,port2098,Guamare,Brazil,PW_PORT_port2098,,SOURCE_NATIVE,SOURCE_NATIVE
PORTWATCH,port2099,Itacoatiara,Brazil,LOC_WPI_12540,12540,AUTO_MATCHED_EXACT,MATCHED_WPI
PORTWATCH,port21,Ras Lanuf (Al Burayqah),Libya,PW_PORT_port21,,SOURCE_NATIVE,SOURCE_NATIVE
PORTWATCH,port210,Campana,Argentina,LOC_WPI_13710,13710,AUTO_MATCHED_EXACT,MATCHED_WPI
PORTWATCH,port2100,Limboh,Cameroon,PW_PORT_port2100,,SOURCE_NATIVE,SOURCE_NATIVE
PORTWATCH,port2101,Point Tupper,Canada,PW_PORT_port2101,,SOURCE_NATIVE,SOURCE_NATIVE
PORTWATCH,port2102,Lewisporte,Canada,LOC_WPI_1560,1560,AUTO_MATCHED_EXACT,MATCHED_WPI
PORTWATCH,port2103,Gaspe,Canada,LOC_WPI_5510,5510,AUTO_MATCHED_EXACT,MATCHED_WPI
PORTWATCH,port2104,Charlottetown,Canada,LOC_WPI_5750,5750,AUTO_MATCHED_EXACT,MATCHED_WPI
PORTWATCH,port2105,Holyrood,Canada,LOC_WPI_1655,1655,AUTO_MATCHED_EXACT,MATCHED_WPI
PORTWATCH,port2106,Talcahuano,Chile,LOC_WPI_14420,14420,AUTO_MATCHED_EXACT,MATCHED_WPI
PORTWATCH,port2107,Guayacan,Chile,PW_PORT_port2107,,SOURCE_NATIVE,SOURCE_NATIVE
PORTWATCH,port2108,Hadera,Israel,LOC_WPI_45084,45084,AUTO_MATCHED_EXACT,MATCHED_WPI
PORTWATCH,port2109,Mokha,Yemen,PW_PORT_port2109,,SOURCE_NATIVE,SOURCE_NATIVE
PORTWATCH,port211,Canaport (St. John),Canada,LOC_WPI_6545,6545,AUTO_MATCHED_EXACT,MATCHED_WPI
PORTWATCH,port2110,Pulandian,China,PW_PORT_port2110,,SOURCE_NATIVE,SOURCE_NATIVE
PORTWATCH,port2111,Qushan Island,China,PW_PORT_port2111,,SOURCE_NATIVE,SOURCE_NATIVE
PORTWATCH,port2112,Zhuhai,China,LOC_WPI_57821,57821,AUTO_MATCHED_EXACT,MATCHED_WPI
PORTWATCH,port2113,Gulei,China,PW_PORT_port2113,,SOURCE_NATIVE,SOURCE_NATIVE
PORTWATCH,port2114,Guangao,China,PW_PORT_port2114,,SOURCE_NATIVE,SOURCE_NATIVE
PORTWATCH,port2115,Luanjiakou,China,PW_PORT_port2115,,SOURCE_NATIVE,SOURCE_NATIVE
PORTWATCH,port2116,Dafeng,China,PW_PORT_port2116,,SOURCE_NATIVE,SOURCE_NATIVE
PORTWATCH,port2117,Lushun,China,LOC_WPI_60240,60240,AUTO_MATCHED_EXACT,MATCHED_WPI
PORTWATCH,port2118,Luoyuan,China,PW_PORT_port2118,,SOURCE_NATIVE,SOURCE_NATIVE
PORTWATCH,port2119,Tumaco,Colombia,LOC_WPI_15360,15360,AUTO_MATCHED_EXACT,MATCHED_WPI
PORTWATCH,port212,Canaveral Harbor,United States,LOC_WPI_8595,8595,AUTO_MATCHED_EXACT,MATCHED_WPI
PORTWATCH,port2120,Banana,Democratic Republic of the Congo,LOC_WPI_46510,46510,AUTO_MATCHED_COUNTRY_ALIAS,MATCHED_WPI
PORTWATCH,port2121,Punta Morales,Costa Rica,PW_PORT_port2121,,SOURCE_NATIVE,SOURCE_NATIVE
PORTWATCH,port2122,Zadar,Croatia,LOC_WPI_41220,41220,AUTO_MATCHED_EXACT,MATCHED_WPI
PORTWATCH,port2123,Pula,Croatia,LOC_WPI_40960,40960,AUTO_MATCHED_EXACT,MATCHED_WPI
PORTWATCH,port2124,Dhekelia,Cyprus,LOC_WPI_44965,44965,AUTO_MATCHED_EXACT,MATCHED_WPI
PORTWATCH,port2125,Stigsnaes,Denmark,PW_PORT_port2125,,SOURCE_NATIVE,SOURCE_NATIVE
PORTWATCH,port2126,La Romana,Dominican Republic,LOC_WPI_11020,11020,AUTO_MATCHED_EXACT,MATCHED_WPI
PORTWATCH,port2127,Barahona,Dominican Republic,PW_PORT_port2127,,SOURCE_NATIVE,SOURCE_NATIVE
PORTWATCH,port2128,Puerto Viejo,Dominican Republic,PW_PORT_port2128,,SOURCE_NATIVE,SOURCE_NATIVE
PORTWATCH,port2129,Sidi Kerir,Egypt,PW_PORT_port2129,,SOURCE_NATIVE,SOURCE_NATIVE
PORTWATCH,port213,Dung Quat,Vietnam,PW_PORT_port213,,SOURCE_NATIVE,SOURCE_NATIVE
PORTWATCH,port2130,Ras Gharib,Egypt,LOC_WPI_48020,48020,AUTO_MATCHED_EXACT,MATCHED_WPI
PORTWATCH,port2131,Zeit Bay,Egypt,PW_PORT_port2131,,SOURCE_NATIVE,SOURCE_NATIVE
PORTWATCH,port2132,Ras Shukheir,Egypt,LOC_WPI_48015,48015,AUTO_MATCHED_FUZZY,MATCHED_WPI
PORTWATCH,port2133,Sillamae,Estonia,LOC_WPI_28425,28425,AUTO_MATCHED_EXACT,MATCHED_WPI
PORTWATCH,port2134,Runavik,Faroe Islands,LOC_WPI_32702,32702,AUTO_MATCHED_EXACT,MATCHED_WPI
PORTWATCH,port2135,Fuglafjordur,Faroe Islands,LOC_WPI_32740,32740,AUTO_MATCHED_EXACT,MATCHED_WPI
PORTWATCH,port2136,Berre,France,PW_PORT_port2136,,SOURCE_NATIVE,SOURCE_NATIVE
PORTWATCH,port2137,Antifer,France,PW_PORT_port2137,,SOURCE_NATIVE,SOURCE_NATIVE
PORTWATCH,port2138,Gamba,Gabon,PW_PORT_port2138,,SOURCE_NATIVE,SOURCE_NATIVE
PORTWATCH,port2139,Supsa,Georgia,PW_PORT_port2139,,SOURCE_NATIVE,SOURCE_NATIVE
PORTWATCH,port214,Cap Haitien,Haiti,LOC_WPI_10930,10930,AUTO_MATCHED_EXACT,MATCHED_WPI
PORTWATCH,port2140,Stade,Germany,PW_PORT_port2140,,SOURCE_NATIVE,SOURCE_NATIVE
PORTWATCH,port2141,Pachi,Greece,PW_PORT_port2141,,SOURCE_NATIVE,SOURCE_NATIVE
PORTWATCH,port2142,Lavrion,Greece,PW_PORT_port2142,,SOURCE_NATIVE,SOURCE_NATIVE
PORTWATCH,port2143,Chalkis,Greece,PW_PORT_port2143,,SOURCE_NATIVE,SOURCE_NATIVE
PORTWATCH,port2144,Kali Limenes,Greece,LOC_WPI_43165,43165,AUTO_MATCHED_EXACT,MATCHED_WPI
PORTWATCH,port2145,Atherinolakos,Greece,PW_PORT_port2145,,SOURCE_NATIVE,SOURCE_NATIVE
PORTWATCH,port2146,Psakhna,Greece,PW_PORT_port2146,,SOURCE_NATIVE,SOURCE_NATIVE
PORTWATCH,port2147,San Nicolas,Greece,PW_PORT_port2147,,SOURCE_NATIVE,SOURCE_NATIVE
PORTWATCH,port2148,Hvalfjordur,Iceland,PW_PORT_port2148,,SOURCE_NATIVE,SOURCE_NATIVE
PORTWATCH,port2149,Helguvik,Iceland,LOC_WPI_72,72,AUTO_MATCHED_EXACT,MATCHED_WPI
PORTWATCH,port215,Cape Town,South Africa,LOC_WPI_46770,46770,AUTO_MATCHED_EXACT,MATCHED_WPI
PORTWATCH,port2150,Vizhinjam,India,PW_PORT_port2150,,SOURCE_NATIVE,SOURCE_NATIVE
PORTWATCH,port2151,Karwar,India,LOC_WPI_48990,48990,AUTO_MATCHED_EXACT,MATCHED_WPI
PORTWATCH,port2152,Port Blair,India,LOC_WPI_49720,49720,AUTO_MATCHED_EXACT,MATCHED_WPI
PORTWATCH,port2153,Karimun,Indonesia,PW_PORT_port2153,,SOURCE_NATIVE,SOURCE_NATIVE
PORTWATCH,port2154,Muntok,Indonesia,LOC_WPI_50140,50140,AUTO_MATCHED_EXACT,MATCHED_WPI
PORTWATCH,port2155,Sungai Pakning,Indonesia,PW_PORT_port2155,,SOURCE_NATIVE,SOURCE_NATIVE
PORTWATCH,port2156,Padang,Indonesia,PW_PORT_port2156,,SOURCE_NATIVE,SOURCE_NATIVE
PORTWATCH,port2157,Sabang,Indonesia,LOC_WPI_50610,50610,AUTO_MATCHED_EXACT,MATCHED_WPI
PORTWATCH,port2158,Pulau Sambu,Indonesia,LOC_WPI_50060,50060,AUTO_MATCHED_EXACT,MATCHED_WPI
PORTWATCH,port2159,Kuala Tanjung,Indonesia,LOC_WPI_50518,50518,AUTO_MATCHED_EXACT,MATCHED_WPI
PORTWATCH,port216,Caracasbaai,Curaçao,LOC_WPI_11800,11800,AUTO_MATCHED_EXACT,MATCHED_WPI
PORTWATCH,port2160,Bula,Indonesia,LOC_WPI_52680,52680,AUTO_MATCHED_EXACT,MATCHED_WPI
PORTWATCH,port2161,Kijing,Indonesia,PW_PORT_port2161,,SOURCE_NATIVE,SOURCE_NATIVE
PORTWATCH,port2162,Amurang,Indonesia,PW_PORT_port2162,,SOURCE_NATIVE,SOURCE_NATIVE
PORTWATCH,port2163,Luwuk,Indonesia,LOC_WPI_52220,52220,AUTO_MATCHED_EXACT,MATCHED_WPI
PORTWATCH,port2164,Kharg Island,Iran,PW_PORT_port2164,,SOURCE_NATIVE,SOURCE_NATIVE
PORTWATCH,port2165,Lavan,Iran,PW_PORT_port2165,,SOURCE_NATIVE,SOURCE_NATIVE
PORTWATCH,port2166,Tarbert,Ireland,LOC_WPI_34150,34150,AUTO_MATCHED_EXACT,MATCHED_WPI
PORTWATCH,port2167,Santa Panagia,Italy,LOC_WPI_40243,40243,AUTO_MATCHED_EXACT,MATCHED_WPI
PORTWATCH,port2168,Falconara,Italy,PW_PORT_port2168,,SOURCE_NATIVE,SOURCE_NATIVE
PORTWATCH,port2169,Vasto,Italy,LOC_WPI_40615,40615,AUTO_MATCHED_EXACT,MATCHED_WPI
PORTWATCH,port217,Cardiff,United Kingdom,LOC_WPI_35010,35010,AUTO_MATCHED_EXACT,MATCHED_WPI
PORTWATCH,port2170,Gaeta,Italy,LOC_WPI_39860,39860,AUTO_MATCHED_EXACT,MATCHED_WPI
PORTWATCH,port2171,Torre Annunziata,Italy,LOC_WPI_39990,39990,AUTO_MATCHED_EXACT,MATCHED_WPI
PORTWATCH,port2172,Port Kaiser,Jamaica,LOC_WPI_10775,10775,AUTO_MATCHED_EXACT,MATCHED_WPI
PORTWATCH,port2173,Henza Island,Japan,PW_PORT_port2173,,SOURCE_NATIVE,SOURCE_NATIVE
PORTWATCH,port2174,Namikata,Japan,LOC_WPI_61664,61664,AUTO_MATCHED_EXACT,MATCHED_WPI
PORTWATCH,port2175,Sasebo,Japan,LOC_WPI_62380,62380,AUTO_MATCHED_EXACT,MATCHED_WPI
PORTWATCH,port2176,Kanokawa,Japan,PW_PORT_port2176,,SOURCE_NATIVE,SOURCE_NATIVE
PORTWATCH,port2177,Nakagusukuwan,Japan,PW_PORT_port2177,,SOURCE_NATIVE,SOURCE_NATIVE
PORTWATCH,port2178,Mutsure,Japan,PW_PORT_port2178,,SOURCE_NATIVE,SOURCE_NATIVE
PORTWATCH,port2179,Chofu,Japan,PW_PORT_port2179,,SOURCE_NATIVE,SOURCE_NATIVE
PORTWATCH,port218,Cartagena,Colombia,LOC_WPI_11910,11910,AUTO_MATCHED_EXACT,MATCHED_WPI
PORTWATCH,port2180,Kinwan,Japan,PW_PORT_port2180,,SOURCE_NATIVE,SOURCE_NATIVE
PORTWATCH,port2181,Saiki,Japan,PW_PORT_port2181,,SOURCE_NATIVE,SOURCE_NATIVE
PORTWATCH,port2182,Owase,Japan,PW_PORT_port2182,,SOURCE_NATIVE,SOURCE_NATIVE
PORTWATCH,port2183,Okpo (Geoje),Korea,PW_PORT_port2183,,SOURCE_NATIVE,SOURCE_NATIVE
PORTWATCH,port2184,Mokpo,Korea,LOC_WPI_60340,60340,AUTO_MATCHED_COUNTRY_ALIAS,MATCHED_WPI
PORTWATCH,port2185,Jinhae,Korea,PW_PORT_port2185,,SOURCE_NATIVE,SOURCE_NATIVE
PORTWATCH,port2186,Chekka,Lebanon,PW_PORT_port2186,,SOURCE_NATIVE,SOURCE_NATIVE
PORTWATCH,port2187,Aamchit,Lebanon,PW_PORT_port2187,,SOURCE_NATIVE,SOURCE_NATIVE
PORTWATCH,port2188,Derna,Libya,PW_PORT_port2188,,SOURCE_NATIVE,SOURCE_NATIVE
PORTWATCH,port2189,Pengerang,Malaysia,PW_PORT_port2189,,SOURCE_NATIVE,SOURCE_NATIVE
PORTWATCH,port219,Cartagena,Spain,LOC_WPI_38430,38430,AUTO_MATCHED_EXACT,MATCHED_WPI
PORTWATCH,port2190,Kimanis,Malaysia,PW_PORT_port2190,,SOURCE_NATIVE,SOURCE_NATIVE
PORTWATCH,port2191,Kunak,Malaysia,PW_PORT_port2191,,SOURCE_NATIVE,SOURCE_NATIVE
PORTWATCH,port2192,Tawau,Malaysia,PW_PORT_port2192,,SOURCE_NATIVE,SOURCE_NATIVE
PORTWATCH,port2193,Bijela,Montenegro,PW_PORT_port2193,,SOURCE_NATIVE,SOURCE_NATIVE
PORTWATCH,port2194,Tan Tan,Morocco,PW_PORT_port2194,,SOURCE_NATIVE,SOURCE_NATIVE
PORTWATCH,port2195,Baie De Prony,New Caledonia,PW_PORT_port2195,,SOURCE_NATIVE,SOURCE_NATIVE
PORTWATCH,port2196,Puerto Sandino,Nicaragua,LOC_WPI_15545,15545,AUTO_MATCHED_EXACT,MATCHED_WPI
PORTWATCH,port2197,Honningsvag,Norway,LOC_WPI_20800,20800,AUTO_MATCHED_EXACT,MATCHED_WPI
PORTWATCH,port2198,Haugesund,Norway,LOC_WPI_23440,23440,AUTO_MATCHED_EXACT,MATCHED_WPI
PORTWATCH,port2199,Kirkenes,Norway,LOC_WPI_20650,20650,AUTO_MATCHED_EXACT,MATCHED_WPI
PORTWATCH,port22,Al Hamriyah LPG Terminal,United Arab Emirates,LOC_WPI_48274,48274,AUTO_MATCHED_EXACT,MATCHED_WPI
PORTWATCH,port220,Casablanca,Morocco,LOC_WPI_45793,45793,AUTO_MATCHED_EXACT,MATCHED_WPI
PORTWATCH,port2200,Taboguilla,Panama,PW_PORT_port2200,,SOURCE_NATIVE,SOURCE_NATIVE
PORTWATCH,port2201,Bialla,Papua New Guinea,LOC_WPI_56840,56840,AUTO_MATCHED_EXACT,MATCHED_WPI
PORTWATCH,port2202,Pisco (General San Martin),Peru,PW_PORT_port2202,,SOURCE_NATIVE,SOURCE_NATIVE
PORTWATCH,port2203,La Pampilla,Peru,PW_PORT_port2203,,SOURCE_NATIVE,SOURCE_NATIVE
PORTWATCH,port2204,Eten,Peru,PW_PORT_port2204,,SOURCE_NATIVE,SOURCE_NATIVE
PORTWATCH,port2205,Mollendo,Peru,PW_PORT_port2205,,SOURCE_NATIVE,SOURCE_NATIVE
PORTWATCH,port2206,Supe,Peru,PW_PORT_port2206,,SOURCE_NATIVE,SOURCE_NATIVE
PORTWATCH,port2207,Isabel,Philippines,LOC_WPI_58795,58795,AUTO_MATCHED_EXACT,MATCHED_WPI
PORTWATCH,port2208,Amlan,Philippines,PW_PORT_port2208,,SOURCE_NATIVE,SOURCE_NATIVE
PORTWATCH,port2209,Calaca,Philippines,PW_PORT_port2209,,SOURCE_NATIVE,SOURCE_NATIVE
PORTWATCH,port221,Castries,St.  Lucia,LOC_WPI_11630,11630,AUTO_MATCHED_COUNTRY_ALIAS,MATCHED_WPI
PORTWATCH,port2210,Balayan,Philippines,PW_PORT_port2210,,SOURCE_NATIVE,SOURCE_NATIVE
PORTWATCH,port2211,Porto Santo,Portugal,PW_PORT_port2211,,SOURCE_NATIVE,SOURCE_NATIVE
PORTWATCH,port2212,Ponce,Puerto Rico,PW_PORT_port2212,,SOURCE_NATIVE,SOURCE_NATIVE
PORTWATCH,port2213,Mangalia,Romania,LOC_WPI_43550,43550,AUTO_MATCHED_EXACT,MATCHED_WPI
PORTWATCH,port2214,Slavyanka,Russian Federation,LOC_WPI_62535,62535,AUTO_MATCHED_COUNTRY_ALIAS,MATCHED_WPI
PORTWATCH,port2215,Sabetta,Russian Federation,PW_PORT_port2215,,SOURCE_NATIVE,SOURCE_NATIVE
PORTWATCH,port2216,Petropavlovsk-Kamchatskiy,Russian Federation,PW_PORT_port2216,,SOURCE_NATIVE,SOURCE_NATIVE
PORTWATCH,port2217,Ras Al Khafji,Saudi Arabia,LOC_WPI_48349,48349,AUTO_MATCHED_EXACT,MATCHED_WPI
PORTWATCH,port2218,Shuqaiq,Saudi Arabia,PW_PORT_port2218,,SOURCE_NATIVE,SOURCE_NATIVE
PORTWATCH,port2219,Salif,Yemen,LOC_WPI_48152,48152,AUTO_MATCHED_EXACT,MATCHED_WPI
PORTWATCH,port222,Catania,Italy,LOC_WPI_40270,40270,AUTO_MATCHED_EXACT,MATCHED_WPI
PORTWATCH,port2220,Mossel Bay,South Africa,LOC_WPI_46800,46800,AUTO_MATCHED_EXACT,MATCHED_WPI
PORTWATCH,port2221,Rota,Spain,LOC_WPI_38280,38280,AUTO_MATCHED_EXACT,MATCHED_WPI
PORTWATCH,port2222,Mahon,Spain,LOC_WPI_38690,38690,AUTO_MATCHED_EXACT,MATCHED_WPI
PORTWATCH,port2223,San Ciprian,Spain,LOC_WPI_37690,37690,AUTO_MATCHED_EXACT,MATCHED_WPI
PORTWATCH,port2224,Galle,Sri Lanka,PW_PORT_port2224,,SOURCE_NATIVE,SOURCE_NATIVE
PORTWATCH,port2225,Bashayer,Sudan,PW_PORT_port2225,,SOURCE_NATIVE,SOURCE_NATIVE
PORTWATCH,port2226,Landskrona,Sweden,LOC_WPI_24180,24180,AUTO_MATCHED_EXACT,MATCHED_WPI
PORTWATCH,port2227,Tartous,Syria,PW_PORT_port2227,,SOURCE_NATIVE,SOURCE_NATIVE
PORTWATCH,port2228,Baniyas,Syria,LOC_WPI_45005,45005,AUTO_MATCHED_EXACT,MATCHED_WPI
PORTWATCH,port2229,Anping,Taiwan Province of China,PW_PORT_port2229,,SOURCE_NATIVE,SOURCE_NATIVE
PORTWATCH,port223,Moa,Cuba,PW_PORT_port223,,SOURCE_NATIVE,SOURCE_NATIVE
PORTWATCH,port2230,Suao,Taiwan Province of China,PW_PORT_port2230,,SOURCE_NATIVE,SOURCE_NATIVE
PORTWATCH,port2231,Tanga,Tanzania,LOC_WPI_47030,47030,AUTO_MATCHED_EXACT,MATCHED_WPI
PORTWATCH,port2232,Mtwara,Tanzania,LOC_WPI_46975,46975,AUTO_MATCHED_EXACT,MATCHED_WPI
PORTWATCH,port2233,Canakkale,Türkiye,LOC_WPI_44690,44690,AUTO_MATCHED_COUNTRY_ALIAS,MATCHED_WPI
PORTWATCH,port2234,Feodosiya,Ukraine,LOC_WPI_43850,43850,AUTO_MATCHED_EXACT,MATCHED_WPI
PORTWATCH,port2235,Zirku Island,United Arab Emirates,PW_PORT_port2235,,SOURCE_NATIVE,SOURCE_NATIVE
PORTWATCH,port2236,Jebel Dhanna,United Arab Emirates,PW_PORT_port2236,,SOURCE_NATIVE,SOURCE_NATIVE
PORTWATCH,port2237,Das Island,United Arab Emirates,PW_PORT_port2237,,SOURCE_NATIVE,SOURCE_NATIVE
PORTWATCH,port2238,Hound Point,United Kingdom,PW_PORT_port2238,,SOURCE_NATIVE,SOURCE_NATIVE
PORTWATCH,port2239,Flotta,United Kingdom,PW_PORT_port2239,,SOURCE_NATIVE,SOURCE_NATIVE
PORTWATCH,port224,Cebu,Philippines,LOC_WPI_58960,58960,AUTO_MATCHED_EXACT,MATCHED_WPI
PORTWATCH,port2240,Douglas,United Kingdom,PW_PORT_port2240,,SOURCE_NATIVE,SOURCE_NATIVE
PORTWATCH,port2241,Cromarty,United Kingdom,LOC_WPI_32340,32340,AUTO_MATCHED_EXACT,MATCHED_WPI
PORTWATCH,port2242,Macduff,United Kingdom,LOC_WPI_32250,32250,AUTO_MATCHED_EXACT,MATCHED_WPI
PORTWATCH,port2243,Loch Striven,United Kingdom,PW_PORT_port2243,,SOURCE_NATIVE,SOURCE_NATIVE
PORTWATCH,port2244,Faslane,United Kingdom,LOC_WPI_33400,33400,AUTO_MATCHED_EXACT,MATCHED_WPI
PORTWATCH,port2245,Ras Isa Terminal,Yemen,PW_PORT_port2245,,SOURCE_NATIVE,SOURCE_NATIVE
PORTWATCH,port2246,Campbeltown,United Kingdom,LOC_WPI_33300,33300,AUTO_MATCHED_EXACT,MATCHED_WPI
PORTWATCH,port2247,Delaware,United States,PW_PORT_port2247,,SOURCE_NATIVE,SOURCE_NATIVE
PORTWATCH,port2248,Rodeo,United States,PW_PORT_port2248,,SOURCE_NATIVE,SOURCE_NATIVE
PORTWATCH,port2249,Erie,United States,LOC_WPI_3450,3450,AUTO_MATCHED_EXACT,MATCHED_WPI
PORTWATCH,port225,Chaguaramas,Trinidad and Tobago,LOC_WPI_11710,11710,AUTO_MATCHED_EXACT,MATCHED_WPI
PORTWATCH,port2250,Key West,United States,LOC_WPI_8660,8660,AUTO_MATCHED_EXACT,MATCHED_WPI
PORTWATCH,port2251,Nikiski,United States,LOC_WPI_19795,19795,AUTO_MATCHED_EXACT,MATCHED_WPI
PORTWATCH,port2252,Marcus Hook,United States,LOC_WPI_8070,8070,AUTO_MATCHED_EXACT,MATCHED_WPI
PORTWATCH,port2253,Kalama,United States,LOC_WPI_16920,16920,AUTO_MATCHED_EXACT,MATCHED_WPI
PORTWATCH,port2254,Albany,United States,LOC_WPI_7720,7720,AUTO_MATCHED_EXACT,MATCHED_WPI
PORTWATCH,port2255,Manchester,United States,PW_PORT_port2255,,SOURCE_NATIVE,SOURCE_NATIVE
PORTWATCH,port2256,Dutch Harbor,United States,LOC_WPI_20120,20120,AUTO_MATCHED_EXACT,MATCHED_WPI
PORTWATCH,port2257,Punta Pereira,Uruguay,PW_PORT_port2257,,SOURCE_NATIVE,SOURCE_NATIVE
PORTWATCH,port2258,Nueva Palmira,Uruguay,LOC_WPI_13150,13150,AUTO_MATCHED_EXACT,MATCHED_WPI
PORTWATCH,port2259,Fray Bentos,Uruguay,LOC_WPI_13160,13160,AUTO_MATCHED_EXACT,MATCHED_WPI
PORTWATCH,port226,Chabahar,Iran,PW_PORT_port226,,SOURCE_NATIVE,SOURCE_NATIVE
PORTWATCH,port2260,Catia La Mar,Venezuela,LOC_WPI_12145,12145,AUTO_MATCHED_EXACT,MATCHED_WPI
PORTWATCH,port2261,La Salina,Venezuela,LOC_WPI_12025,12025,AUTO_MATCHED_EXACT,MATCHED_WPI
PORTWATCH,port2262,Van Phong,Vietnam,PW_PORT_port2262,,SOURCE_NATIVE,SOURCE_NATIVE
PORTWATCH,port2263,Ash Shihr,Yemen,PW_PORT_port2263,,SOURCE_NATIVE,SOURCE_NATIVE
PORTWATCH,port2264,Rudum Terminal,Yemen,LOC_WPI_48214,48214,AUTO_MATCHED_EXACT,MATCHED_WPI
PORTWATCH,port2265,Conneaut,United States,LOC_WPI_3460,3460,AUTO_MATCHED_EXACT,MATCHED_WPI
PORTWATCH,port2266,Fairless Hills,United States,PW_PORT_port2266,,SOURCE_NATIVE,SOURCE_NATIVE
PORTWATCH,port2267,Longview,United States,LOC_WPI_16900,16900,AUTO_MATCHED_EXACT,MATCHED_WPI
PORTWATCH,port2268,Ashtabula,United States,LOC_WPI_3470,3470,AUTO_MATCHED_EXACT,MATCHED_WPI
PORTWATCH,port2269,Fairport,United States,LOC_WPI_3480,3480,AUTO_MATCHED_EXACT,MATCHED_WPI
PORTWATCH,port227,Suzhou (Changshu),China,PW_PORT_port227,,SOURCE_NATIVE,SOURCE_NATIVE
PORTWATCH,port2270,Monroe,United States,LOC_WPI_3570,3570,AUTO_MATCHED_EXACT,MATCHED_WPI
PORTWATCH,port2271,Garacad,Somalia,PW_PORT_port2271,,SOURCE_NATIVE,SOURCE_NATIVE
PORTWATCH,port2272,Chancay,Peru,LOC_WPI_14970,14970,AUTO_MATCHED_EXACT,MATCHED_WPI
PORTWATCH,port2273,Fernandina,United States,PW_PORT_port2273,,SOURCE_NATIVE,SOURCE_NATIVE
PORTWATCH,port2274,Madero,Mexico,PW_PORT_port2274,,SOURCE_NATIVE,SOURCE_NATIVE
PORTWATCH,port2275,Deseado,Argentina,PW_PORT_port2275,,SOURCE_NATIVE,SOURCE_NATIVE
PORTWATCH,port2276,San Antonio Este,Argentina,PW_PORT_port2276,,SOURCE_NATIVE,SOURCE_NATIVE
PORTWATCH,port2277,Chacabuco,Chile,PW_PORT_port2277,,SOURCE_NATIVE,SOURCE_NATIVE
PORTWATCH,port2278,San Andres,Colombia,PW_PORT_port2278,,SOURCE_NATIVE,SOURCE_NATIVE
PORTWATCH,port2279,Cumarebo,Venezuela,PW_PORT_port2279,,SOURCE_NATIVE,SOURCE_NATIVE
PORTWATCH,port228,Changzhou,China,LOC_WPI_59986,59986,AUTO_MATCHED_EXACT,MATCHED_WPI
PORTWATCH,port2280,Guaranao,Venezuela,PW_PORT_port2280,,SOURCE_NATIVE,SOURCE_NATIVE
PORTWATCH,port2281,Guanta,Venezuela,LOC_WPI_12200,12200,AUTO_MATCHED_EXACT,MATCHED_WPI
PORTWATCH,port2282,Uusikaupunki,Finland,LOC_WPI_27790,27790,AUTO_MATCHED_EXACT,MATCHED_WPI
PORTWATCH,port2283,Moerdijk,The Netherlands,PW_PORT_port2283,,SOURCE_NATIVE,SOURCE_NATIVE
PORTWATCH,port2284,Jeju,Korea,PW_PORT_port2284,,SOURCE_NATIVE,SOURCE_NATIVE
PORTWATCH,port2285,Seogwipo,Korea,PW_PORT_port2285,,SOURCE_NATIVE,SOURCE_NATIVE
PORTWATCH,port2286,Wando,Korea,PW_PORT_port2286,,SOURCE_NATIVE,SOURCE_NATIVE
PORTWATCH,port2287,Zhongshan,China,PW_PORT_port2287,,SOURCE_NATIVE,SOURCE_NATIVE
PORTWATCH,port2288,Ushuaia,Argentina,LOC_WPI_13980,13980,AUTO_MATCHED_EXACT,MATCHED_WPI
PORTWATCH,port2289,Abashiri,Japan,PW_PORT_port2289,,SOURCE_NATIVE,SOURCE_NATIVE
PORTWATCH,port229,Chaozhou,China,LOC_WPI_57862,57862,AUTO_MATCHED_EXACT,MATCHED_WPI
PORTWATCH,port2290,Aburatsu,Japan,PW_PORT_port2290,,SOURCE_NATIVE,SOURCE_NATIVE
PORTWATCH,port2291,Al Hoceima,Morocco,PW_PORT_port2291,,SOURCE_NATIVE,SOURCE_NATIVE
PORTWATCH,port2292,Beppu,Japan,LOC_WPI_62150,62150,AUTO_MATCHED_EXACT,MATCHED_WPI
PORTWATCH,port2293,Biak,Indonesia,PW_PORT_port2293,,SOURCE_NATIVE,SOURCE_NATIVE
PORTWATCH,port2294,Bunati,Indonesia,PW_PORT_port2294,,SOURCE_NATIVE,SOURCE_NATIVE
PORTWATCH,port2295,Cesme,Türkiye,PW_PORT_port2295,,SOURCE_NATIVE,SOURCE_NATIVE
PORTWATCH,port2296,Fukue,Japan,PW_PORT_port2296,,SOURCE_NATIVE,SOURCE_NATIVE
PORTWATCH,port2297,Funagawa,Japan,PW_PORT_port2297,,SOURCE_NATIVE,SOURCE_NATIVE
PORTWATCH,port2298,Gonoura,Japan,PW_PORT_port2298,,SOURCE_NATIVE,SOURCE_NATIVE
PORTWATCH,port2299,Gopalpur,India,LOC_WPI_49500,49500,AUTO_MATCHED_EXACT,MATCHED_WPI
PORTWATCH,port23,Alexandria,Egypt,PW_PORT_port23,,SOURCE_NATIVE,SOURCE_NATIVE
PORTWATCH,port230,Charco Azul,Panama,LOC_WPI_15427,15427,AUTO_MATCHED_EXACT,MATCHED_WPI
PORTWATCH,port2300,PLTU Nagan Raya,Indonesia,PW_PORT_port2300,,SOURCE_NATIVE,SOURCE_NATIVE
PORTWATCH,port2301,Hidaka,Japan,PW_PORT_port2301,,SOURCE_NATIVE,SOURCE_NATIVE
PORTWATCH,port2302,Hirara,Japan,PW_PORT_port2302,,SOURCE_NATIVE,SOURCE_NATIVE
PORTWATCH,port2303,Imari,Japan,LOC_WPI_62400,62400,AUTO_MATCHED_EXACT,MATCHED_WPI
PORTWATCH,port2304,Ishigaki,Japan,LOC_WPI_62520,62520,AUTO_MATCHED_EXACT,MATCHED_WPI
PORTWATCH,port2305,Izuhara,Japan,LOC_WPI_62440,62440,AUTO_MATCHED_EXACT,MATCHED_WPI
PORTWATCH,port2306,Jetty Coalindo,Indonesia,PW_PORT_port2306,,SOURCE_NATIVE,SOURCE_NATIVE
PORTWATCH,port2307,Sakarya (Karasu),Türkiye,PW_PORT_port2307,,SOURCE_NATIVE,SOURCE_NATIVE
PORTWATCH,port2308,Sendai,Japan,PW_PORT_port2308,,SOURCE_NATIVE,SOURCE_NATIVE
PORTWATCH,port2309,Kenitra,Morocco,LOC_WPI_45785,45785,AUTO_MATCHED_EXACT,MATCHED_WPI
PORTWATCH,port231,Charleston,United States,LOC_WPI_8500,8500,AUTO_MATCHED_EXACT,MATCHED_WPI
PORTWATCH,port2310,Xishengxu,China,PW_PORT_port2310,,SOURCE_NATIVE,SOURCE_NATIVE
PORTWATCH,port2311,Kuji,Japan,PW_PORT_port2311,,SOURCE_NATIVE,SOURCE_NATIVE
PORTWATCH,port2312,Kumamoto,Japan,PW_PORT_port2312,,SOURCE_NATIVE,SOURCE_NATIVE
PORTWATCH,port2313,La Libertad,El Salvador,PW_PORT_port2313,,SOURCE_NATIVE,SOURCE_NATIVE
PORTWATCH,port2314,Miike,Japan,PW_PORT_port2314,,SOURCE_NATIVE,SOURCE_NATIVE
PORTWATCH,port2315,"Misumi, Kumamoto",Japan,PW_PORT_port2315,,SOURCE_NATIVE,SOURCE_NATIVE
PORTWATCH,port2316,"Misumi, Shimane",Japan,PW_PORT_port2316,,SOURCE_NATIVE,SOURCE_NATIVE
PORTWATCH,port2317,Miyako,Japan,LOC_WPI_61290,61290,AUTO_MATCHED_EXACT,MATCHED_WPI
PORTWATCH,port2318,Miyazaki,Japan,PW_PORT_port2318,,SOURCE_NATIVE,SOURCE_NATIVE
PORTWATCH,port2319,Monbetsu,Japan,PW_PORT_port2319,,SOURCE_NATIVE,SOURCE_NATIVE
PORTWATCH,port232,Charlestown,St.  Kitts and Nevis,LOC_WPI_11410,11410,AUTO_MATCHED_COUNTRY_ALIAS,MATCHED_WPI
PORTWATCH,port2320,Mutsu-Ogawara,Japan,PW_PORT_port2320,,SOURCE_NATIVE,SOURCE_NATIVE
PORTWATCH,port2321,Nakatsu,Japan,PW_PORT_port2321,,SOURCE_NATIVE,SOURCE_NATIVE
PORTWATCH,port2322,Naze,Japan,PW_PORT_port2322,,SOURCE_NATIVE,SOURCE_NATIVE
PORTWATCH,port2323,Nemuro,Japan,PW_PORT_port2323,,SOURCE_NATIVE,SOURCE_NATIVE
PORTWATCH,port2324,Nishinoomote,Japan,PW_PORT_port2324,,SOURCE_NATIVE,SOURCE_NATIVE
PORTWATCH,port2325,North Abaco,The Bahamas,PW_PORT_port2325,,SOURCE_NATIVE,SOURCE_NATIVE
PORTWATCH,port2326,Ogi,Japan,PW_PORT_port2326,,SOURCE_NATIVE,SOURCE_NATIVE
PORTWATCH,port2327,Okayama,Japan,PW_PORT_port2327,,SOURCE_NATIVE,SOURCE_NATIVE
PORTWATCH,port2328,Tuzla (Pendik),Türkiye,PW_PORT_port2328,,SOURCE_NATIVE,SOURCE_NATIVE
PORTWATCH,port2329,Plaquemines,United States,PW_PORT_port2329,,SOURCE_NATIVE,SOURCE_NATIVE
PORTWATCH,port233,Charlotte,United States Virgin Islands,PW_PORT_port233,,SOURCE_NATIVE,SOURCE_NATIVE
PORTWATCH,port2330,Port Rhoades,Jamaica,PW_PORT_port2330,,SOURCE_NATIVE,SOURCE_NATIVE
PORTWATCH,port2331,Porto Sul,Brazil,PW_PORT_port2331,,SOURCE_NATIVE,SOURCE_NATIVE
PORTWATCH,port2332,Rocky Point,Jamaica,LOC_WPI_10773,10773,AUTO_MATCHED_EXACT,MATCHED_WPI
PORTWATCH,port2333,Rugao,China,PW_PORT_port2333,,SOURCE_NATIVE,SOURCE_NATIVE
PORTWATCH,port2334,Ryotsu,Japan,PW_PORT_port2334,,SOURCE_NATIVE,SOURCE_NATIVE
PORTWATCH,port2335,Safi Atlantique,Morocco,PW_PORT_port2335,,SOURCE_NATIVE,SOURCE_NATIVE
PORTWATCH,port2336,Saigo,Japan,PW_PORT_port2336,,SOURCE_NATIVE,SOURCE_NATIVE
PORTWATCH,port2337,Shimonoseki,Japan,LOC_WPI_61700,61700,AUTO_MATCHED_EXACT,MATCHED_WPI
PORTWATCH,port2338,Soma,Japan,LOC_WPI_61353,61353,AUTO_MATCHED_EXACT,MATCHED_WPI
PORTWATCH,port2339,Sukumowan,Japan,PW_PORT_port2339,,SOURCE_NATIVE,SOURCE_NATIVE
PORTWATCH,port234,Chatham,United Kingdom,PW_PORT_port234,,SOURCE_NATIVE,SOURCE_NATIVE
PORTWATCH,port2340,Taixing,China,PW_PORT_port2340,,SOURCE_NATIVE,SOURCE_NATIVE
PORTWATCH,port2341,Tasucu,Türkiye,LOC_WPI_44850,44850,AUTO_MATCHED_COUNTRY_ALIAS,MATCHED_WPI
PORTWATCH,port2342,Tottori,Japan,PW_PORT_port2342,,SOURCE_NATIVE,SOURCE_NATIVE
PORTWATCH,port2343,Toyo,Japan,PW_PORT_port2343,,SOURCE_NATIVE,SOURCE_NATIVE
PORTWATCH,port2344,Tuna,India,PW_PORT_port2344,,SOURCE_NATIVE,SOURCE_NATIVE
PORTWATCH,port2345,Unten,Japan,PW_PORT_port2345,,SOURCE_NATIVE,SOURCE_NATIVE
PORTWATCH,port2346,Wahana Jetty,Indonesia,PW_PORT_port2346,,SOURCE_NATIVE,SOURCE_NATIVE
PORTWATCH,port2347,Wakkanai,Japan,LOC_WPI_61260,61260,AUTO_MATCHED_EXACT,MATCHED_WPI
PORTWATCH,port2348,Xieqiao,China,PW_PORT_port2348,,SOURCE_NATIVE,SOURCE_NATIVE
PORTWATCH,port2349,Yangzhou,China,LOC_WPI_59988,59988,AUTO_MATCHED_EXACT,MATCHED_WPI
PORTWATCH,port235,Chennai (Madras),India,LOC_WPI_49450,49450,AUTO_MATCHED_EXACT,MATCHED_WPI
PORTWATCH,port2350,Yihua,China,PW_PORT_port2350,,SOURCE_NATIVE,SOURCE_NATIVE
PORTWATCH,port2351,Zhenjiang,China,LOC_WPI_59995,59995,AUTO_MATCHED_EXACT,MATCHED_WPI
PORTWATCH,port2352,Zhenjiang New Area,China,PW_PORT_port2352,,SOURCE_NATIVE,SOURCE_NATIVE
PORTWATCH,port2353,Areia Branca,Brazil,PW_PORT_port2353,,SOURCE_NATIVE,SOURCE_NATIVE
PORTWATCH,port2354,Carinhoso,Brazil,PW_PORT_port2354,,SOURCE_NATIVE,SOURCE_NATIVE
PORTWATCH,port2355,Coari,Brazil,PW_PORT_port2355,,SOURCE_NATIVE,SOURCE_NATIVE
PORTWATCH,port2356,Concepcion del Uruguay,Argentina,LOC_WPI_13740,13740,AUTO_MATCHED_EXACT,MATCHED_WPI
PORTWATCH,port2357,Correa,Brazil,PW_PORT_port2357,,SOURCE_NATIVE,SOURCE_NATIVE
PORTWATCH,port2358,Estaleiro Jurong,Brazil,PW_PORT_port2358,,SOURCE_NATIVE,SOURCE_NATIVE
PORTWATCH,port2359,Itahum,Brazil,PW_PORT_port2359,,SOURCE_NATIVE,SOURCE_NATIVE
PORTWATCH,port236,Cherry Point,United States,LOC_WPI_18055,18055,AUTO_MATCHED_EXACT,MATCHED_WPI
PORTWATCH,port2360,Itaituba,Brazil,PW_PORT_port2360,,SOURCE_NATIVE,SOURCE_NATIVE
PORTWATCH,port2361,Juruti,Brazil,PW_PORT_port2361,,SOURCE_NATIVE,SOURCE_NATIVE
PORTWATCH,port2362,Munguba,Brazil,PW_PORT_port2362,,SOURCE_NATIVE,SOURCE_NATIVE
PORTWATCH,port2363,Murtinho,Brazil,PW_PORT_port2363,,SOURCE_NATIVE,SOURCE_NATIVE
PORTWATCH,port2364,Norte Capixaba,Brazil,PW_PORT_port2364,,SOURCE_NATIVE,SOURCE_NATIVE
PORTWATCH,port2365,Osorio,Brazil,PW_PORT_port2365,,SOURCE_NATIVE,SOURCE_NATIVE
PORTWATCH,port2366,Pelotas,Brazil,LOC_WPI_13070,13070,AUTO_MATCHED_EXACT,MATCHED_WPI
PORTWATCH,port2367,Paracuru,Brazil,PW_PORT_port2367,,SOURCE_NATIVE,SOURCE_NATIVE
PORTWATCH,port2368,Ponta Ubu,Brazil,PW_PORT_port2368,,SOURCE_NATIVE,SOURCE_NATIVE
PORTWATCH,port2369,Porto Velho,Brazil,PW_PORT_port2369,,SOURCE_NATIVE,SOURCE_NATIVE
PORTWATCH,port237,Chester,United States,LOC_WPI_8080,8080,AUTO_MATCHED_EXACT,MATCHED_WPI
PORTWATCH,port2370,Portuário Novo Remanso,Brazil,PW_PORT_port2370,,SOURCE_NATIVE,SOURCE_NATIVE
PORTWATCH,port2371,Santana,Brazil,PW_PORT_port2371,,SOURCE_NATIVE,SOURCE_NATIVE
PORTWATCH,port2372,Santarem,Brazil,LOC_WPI_12510,12510,AUTO_MATCHED_EXACT,MATCHED_WPI
PORTWATCH,port2373,Trombetas,Brazil,PW_PORT_port2373,,SOURCE_NATIVE,SOURCE_NATIVE
PORTWATCH,port2375,Boryeong LNG Terminal,Korea,PW_PORT_port2375,,SOURCE_NATIVE,SOURCE_NATIVE
PORTWATCH,port2376,Chugoku Yanai LNG Terminal,Japan,PW_PORT_port2376,,SOURCE_NATIVE,SOURCE_NATIVE
PORTWATCH,port2377,Costa Azul LNG Terminal,Mexico,PW_PORT_port2377,,SOURCE_NATIVE,SOURCE_NATIVE
PORTWATCH,port2378,Dhabol LNG Terminal,India,PW_PORT_port2378,,SOURCE_NATIVE,SOURCE_NATIVE
PORTWATCH,port2379,Dominion Cove Point,United States,PW_PORT_port2379,,SOURCE_NATIVE,SOURCE_NATIVE
PORTWATCH,port238,Keelung,Taiwan Province of China,PW_PORT_port238,,SOURCE_NATIVE,SOURCE_NATIVE
PORTWATCH,port2380,Donggi Senoro LNG Terminal,Indonesia,PW_PORT_port2380,,SOURCE_NATIVE,SOURCE_NATIVE
PORTWATCH,port2381,Dongguan LNG Terminal,China,PW_PORT_port2381,,SOURCE_NATIVE,SOURCE_NATIVE
PORTWATCH,port2382,Escobar LNG Terminal,Argentina,PW_PORT_port2382,,SOURCE_NATIVE,SOURCE_NATIVE
PORTWATCH,port2383,Guangdong Dapeng LNG Terminal,China,PW_PORT_port2383,,SOURCE_NATIVE,SOURCE_NATIVE
PORTWATCH,port2384,Pagbilao LNG Terminal,Philippines,PW_PORT_port2384,,SOURCE_NATIVE,SOURCE_NATIVE
PORTWATCH,port2385,Peru LNG Terminal,Peru,PW_PORT_port2385,,SOURCE_NATIVE,SOURCE_NATIVE
PORTWATCH,port2386,Revithoussa LNG Terminal,Greece,PW_PORT_port2386,,SOURCE_NATIVE,SOURCE_NATIVE
PORTWATCH,port2387,Rudong Jiangsu LNG Terminal,China,PW_PORT_port2387,,SOURCE_NATIVE,SOURCE_NATIVE
PORTWATCH,port2388,Sabine Pass,United States,LOC_WPI_9060,9060,AUTO_MATCHED_EXACT,MATCHED_WPI
PORTWATCH,port2389,Samalaju,Malaysia,PW_PORT_port2389,,SOURCE_NATIVE,SOURCE_NATIVE
PORTWATCH,port239,Chiba,Japan,PW_PORT_port239,,SOURCE_NATIVE,SOURCE_NATIVE
PORTWATCH,port2390,Samcheok LNG Terminal,Korea,PW_PORT_port2390,,SOURCE_NATIVE,SOURCE_NATIVE
PORTWATCH,port2391,Tongyeong LNG Terminal,Korea,PW_PORT_port2391,,SOURCE_NATIVE,SOURCE_NATIVE
PORTWATCH,port2392,Yemen LNG Terminal,Yemen,PW_PORT_port2392,,SOURCE_NATIVE,SOURCE_NATIVE
PORTWATCH,port2393,Yuedong LNG Terminal,China,PW_PORT_port2393,,SOURCE_NATIVE,SOURCE_NATIVE
PORTWATCH,port2394,Yung-An LNG Terminal,Taiwan Province of China,PW_PORT_port2394,,SOURCE_NATIVE,SOURCE_NATIVE
PORTWATCH,port2395,Bacolod,Philippines,PW_PORT_port2395,,SOURCE_NATIVE,SOURCE_NATIVE
PORTWATCH,port2396,Christiansted,United States Virgin Islands,LOC_WPI_11340,11340,AUTO_MATCHED_COUNTRY_ALIAS,MATCHED_WPI
PORTWATCH,port2397,Egersund,Norway,LOC_WPI_23490,23490,AUTO_MATCHED_EXACT,MATCHED_WPI
PORTWATCH,port2398,Fusa,Norway,PW_PORT_port2398,,SOURCE_NATIVE,SOURCE_NATIVE
PORTWATCH,port2399,Futong,Indonesia,PW_PORT_port2399,,SOURCE_NATIVE,SOURCE_NATIVE
PORTWATCH,port24,Jubail,Saudi Arabia,PW_PORT_port24,,SOURCE_NATIVE,SOURCE_NATIVE
PORTWATCH,port240,Chiriquí Grande,Panama,LOC_WPI_9825,9825,AUTO_MATCHED_EXACT,MATCHED_WPI
PORTWATCH,port2400,Greenock,United Kingdom,LOC_WPI_33390,33390,AUTO_MATCHED_EXACT,MATCHED_WPI
PORTWATCH,port2401,Guangzhou (Huangpu),China,PW_PORT_port2401,,SOURCE_NATIVE,SOURCE_NATIVE
PORTWATCH,port2402,Kodiak,United States,LOC_WPI_19820,19820,AUTO_MATCHED_EXACT,MATCHED_WPI
PORTWATCH,port2403,Lekki,Nigeria,PW_PORT_port2403,,SOURCE_NATIVE,SOURCE_NATIVE
PORTWATCH,port2404,Mar del Plata,Argentina,LOC_WPI_13780,13780,AUTO_MATCHED_EXACT,MATCHED_WPI
PORTWATCH,port2405,Nghi Son,Vietnam,PW_PORT_port2405,,SOURCE_NATIVE,SOURCE_NATIVE
PORTWATCH,port2406,Pozzallo,Italy,LOC_WPI_40230,40230,AUTO_MATCHED_EXACT,MATCHED_WPI
PORTWATCH,port2407,Turbo,Colombia,LOC_WPI_11880,11880,AUTO_MATCHED_EXACT,MATCHED_WPI
PORTWATCH,port2408,Basse Terre,Guadeloupe,LOC_WPI_11460,11460,AUTO_MATCHED_EXACT,MATCHED_WPI
PORTWATCH,port2409,Borkum,Germany,PW_PORT_port2409,,SOURCE_NATIVE,SOURCE_NATIVE
PORTWATCH,port241,Chittagong,Bangladesh,LOC_WPI_49590,49590,AUTO_MATCHED_EXACT,MATCHED_WPI
PORTWATCH,port2410,El Sauzal,Mexico,PW_PORT_port2410,,SOURCE_NATIVE,SOURCE_NATIVE
PORTWATCH,port2411,Funchal,Portugal,LOC_WPI_38130,38130,AUTO_MATCHED_EXACT,MATCHED_WPI
PORTWATCH,port2412,Gonghyeonjin,Korea,PW_PORT_port2412,,SOURCE_NATIVE,SOURCE_NATIVE
PORTWATCH,port2413,Gushan,China,PW_PORT_port2413,,SOURCE_NATIVE,SOURCE_NATIVE
PORTWATCH,port2414,Haiyan,China,PW_PORT_port2414,,SOURCE_NATIVE,SOURCE_NATIVE
PORTWATCH,port2415,Huangdun,China,PW_PORT_port2415,,SOURCE_NATIVE,SOURCE_NATIVE
PORTWATCH,port2416,Iquitos,Peru,LOC_WPI_12570,12570,AUTO_MATCHED_EXACT,MATCHED_WPI
PORTWATCH,port2417,King Island,Australia,PW_PORT_port2417,,SOURCE_NATIVE,SOURCE_NATIVE
PORTWATCH,port2418,Kyrenia,Cyprus,LOC_WPI_44900,44900,AUTO_MATCHED_EXACT,MATCHED_WPI
PORTWATCH,port2419,Morelos,Mexico,PW_PORT_port2419,,SOURCE_NATIVE,SOURCE_NATIVE
PORTWATCH,port242,Chiwan,China,LOC_WPI_57818,57818,AUTO_MATCHED_EXACT,MATCHED_WPI
PORTWATCH,port2420,Santa Fe,Argentina,LOC_WPI_13560,13560,AUTO_MATCHED_EXACT,MATCHED_WPI
PORTWATCH,port2421,Taizhou (Damaiyu),China,PW_PORT_port2421,,SOURCE_NATIVE,SOURCE_NATIVE
PORTWATCH,port2422,Taizhou (Jiantiao),China,PW_PORT_port2422,,SOURCE_NATIVE,SOURCE_NATIVE
PORTWATCH,port2423,Taizhou (Wenling),China,PW_PORT_port2423,,SOURCE_NATIVE,SOURCE_NATIVE
PORTWATCH,port2424,Toumen,China,PW_PORT_port2424,,SOURCE_NATIVE,SOURCE_NATIVE
PORTWATCH,port2425,Wischhafen,Germany,PW_PORT_port2425,,SOURCE_NATIVE,SOURCE_NATIVE
PORTWATCH,port2426,Yueqing,China,PW_PORT_port2426,,SOURCE_NATIVE,SOURCE_NATIVE
PORTWATCH,port2427,Dapilon,Guinea,PW_PORT_port2427,,SOURCE_NATIVE,SOURCE_NATIVE
PORTWATCH,port2428,Katougouma,Guinea,PW_PORT_port2428,,SOURCE_NATIVE,SOURCE_NATIVE
PORTWATCH,port2429,Taressa,Guinea,PW_PORT_port2429,,SOURCE_NATIVE,SOURCE_NATIVE
PORTWATCH,port2430,Alang,India,PW_PORT_port2430,,SOURCE_NATIVE,SOURCE_NATIVE
PORTWATCH,port2431,Anadyr,Russian Federation,PW_PORT_port2431,,SOURCE_NATIVE,SOURCE_NATIVE
PORTWATCH,port2432,Awajikoryunotsubasa,Japan,PW_PORT_port2432,,SOURCE_NATIVE,SOURCE_NATIVE
PORTWATCH,port2433,BOPEC terminal,"Bonaire,  Saint Eustatius and Saba",PW_PORT_port2433,,SOURCE_NATIVE,SOURCE_NATIVE
PORTWATCH,port2434,Blyth,United Kingdom,LOC_WPI_31820,31820,AUTO_MATCHED_EXACT,MATCHED_WPI
PORTWATCH,port2435,Bronka,Russian Federation,PW_PORT_port2435,,SOURCE_NATIVE,SOURCE_NATIVE
PORTWATCH,port2436,Chemainus,Canada,PW_PORT_port2436,,SOURCE_NATIVE,SOURCE_NATIVE
PORTWATCH,port2437,Corner Brook,Canada,LOC_WPI_1830,1830,AUTO_MATCHED_EXACT,MATCHED_WPI
PORTWATCH,port2438,Crofton,Canada,LOC_WPI_18570,18570,AUTO_MATCHED_EXACT,MATCHED_WPI
PORTWATCH,port2439,Egvekinot,Russian Federation,PW_PORT_port2439,,SOURCE_NATIVE,SOURCE_NATIVE
PORTWATCH,port244,Cienfuegos,Cuba,LOC_WPI_10540,10540,AUTO_MATCHED_EXACT,MATCHED_WPI
PORTWATCH,port2440,Fall River,United States,LOC_WPI_7400,7400,AUTO_MATCHED_EXACT,MATCHED_WPI
PORTWATCH,port2441,Fecamp,France,LOC_WPI_35830,35830,AUTO_MATCHED_EXACT,MATCHED_WPI
PORTWATCH,port2442,Fort Bay,"Bonaire,  Saint Eustatius and Saba",PW_PORT_port2442,,SOURCE_NATIVE,SOURCE_NATIVE
PORTWATCH,port2443,Jiuzhou,China,PW_PORT_port2443,,SOURCE_NATIVE,SOURCE_NATIVE
PORTWATCH,port2444,Kholmsk,Russian Federation,LOC_WPI_60940,60940,AUTO_MATCHED_COUNTRY_ALIAS,MATCHED_WPI
PORTWATCH,port2445,Kitimat,Canada,LOC_WPI_18925,18925,AUTO_MATCHED_EXACT,MATCHED_WPI
PORTWATCH,port2446,Kronshtadt,Russian Federation,LOC_WPI_28400,28400,AUTO_MATCHED_COUNTRY_ALIAS,MATCHED_WPI
PORTWATCH,port2447,Kumai,Indonesia,LOC_WPI_51920,51920,AUTO_MATCHED_EXACT,MATCHED_WPI
PORTWATCH,port2448,Le Verdon,France,LOC_WPI_37120,37120,AUTO_MATCHED_EXACT,MATCHED_WPI
PORTWATCH,port2449,Lerwick,United Kingdom,LOC_WPI_32600,32600,AUTO_MATCHED_EXACT,MATCHED_WPI
PORTWATCH,port245,Cilacap,Indonesia,LOC_WPI_51220,51220,AUTO_MATCHED_EXACT,MATCHED_WPI
PORTWATCH,port2450,Macapa,Brazil,PW_PORT_port2450,,SOURCE_NATIVE,SOURCE_NATIVE
PORTWATCH,port2451,Magadan,Russian Federation,PW_PORT_port2451,,SOURCE_NATIVE,SOURCE_NATIVE
PORTWATCH,port2452,Matane,Canada,LOC_WPI_1990,1990,AUTO_MATCHED_EXACT,MATCHED_WPI
PORTWATCH,port2453,Morebaya,Guinea,PW_PORT_port2453,,SOURCE_NATIVE,SOURCE_NATIVE
PORTWATCH,port2454,Newhaven,United Kingdom,PW_PORT_port2454,,SOURCE_NATIVE,SOURCE_NATIVE
PORTWATCH,port2455,Okgye,Korea,PW_PORT_port2455,,SOURCE_NATIVE,SOURCE_NATIVE
PORTWATCH,port2456,Pensacola,United States,LOC_WPI_8760,8760,AUTO_MATCHED_EXACT,MATCHED_WPI
PORTWATCH,port2457,Pevek,Russian Federation,LOC_WPI_62680,62680,AUTO_MATCHED_COUNTRY_ALIAS,MATCHED_WPI
PORTWATCH,port2458,Port Mellon,Canada,LOC_WPI_18235,18235,AUTO_MATCHED_EXACT,MATCHED_WPI
PORTWATCH,port2459,Port Vendres,France,LOC_WPI_38720,38720,AUTO_MATCHED_EXACT,MATCHED_WPI
PORTWATCH,port246,Cirebon,Indonesia,LOC_WPI_51010,51010,AUTO_MATCHED_EXACT,MATCHED_WPI
PORTWATCH,port2460,Provideniya,Russian Federation,LOC_WPI_62640,62640,AUTO_MATCHED_COUNTRY_ALIAS,MATCHED_WPI
PORTWATCH,port2461,Pulau Bunyu,Indonesia,PW_PORT_port2461,,SOURCE_NATIVE,SOURCE_NATIVE
PORTWATCH,port2462,Salem,United States,LOC_WPI_7225,7225,AUTO_MATCHED_EXACT,MATCHED_WPI
PORTWATCH,port2463,Santa Rosalia,Mexico,LOC_WPI_15870,15870,AUTO_MATCHED_EXACT,MATCHED_WPI
PORTWATCH,port2464,Saraylar,Türkiye,PW_PORT_port2464,,SOURCE_NATIVE,SOURCE_NATIVE
PORTWATCH,port2465,Scrabster,United Kingdom,PW_PORT_port2465,,SOURCE_NATIVE,SOURCE_NATIVE
PORTWATCH,port2466,Sebastopol,Ukraine,PW_PORT_port2466,,SOURCE_NATIVE,SOURCE_NATIVE
PORTWATCH,port2467,Sochi,Russian Federation,LOC_WPI_44240,44240,AUTO_MATCHED_COUNTRY_ALIAS,MATCHED_WPI
PORTWATCH,port2468,Sorel,Canada,LOC_WPI_2220,2220,AUTO_MATCHED_EXACT,MATCHED_WPI
PORTWATCH,port2469,Squamish,Canada,PW_PORT_port2469,,SOURCE_NATIVE,SOURCE_NATIVE
PORTWATCH,port247,Civitavecchia,Italy,LOC_WPI_39810,39810,AUTO_MATCHED_EXACT,MATCHED_WPI
PORTWATCH,port2470,Swansea,United Kingdom,LOC_WPI_34950,34950,AUTO_MATCHED_EXACT,MATCHED_WPI
PORTWATCH,port2471,Termini Imerese,Italy,LOC_WPI_40120,40120,AUTO_MATCHED_EXACT,MATCHED_WPI
PORTWATCH,port2472,Ternate,Indonesia,LOC_WPI_52510,52510,AUTO_MATCHED_EXACT,MATCHED_WPI
PORTWATCH,port2473,Toulon,France,LOC_WPI_38870,38870,AUTO_MATCHED_EXACT,MATCHED_WPI
PORTWATCH,port2474,Tual,Indonesia,PW_PORT_port2474,,SOURCE_NATIVE,SOURCE_NATIVE
PORTWATCH,port2475,Weitou,China,PW_PORT_port2475,,SOURCE_NATIVE,SOURCE_NATIVE
PORTWATCH,port2476,Zarubino,Russian Federation,LOC_WPI_60582,60582,AUTO_MATCHED_COUNTRY_ALIAS,MATCHED_WPI
PORTWATCH,port2477,Abadan,Iran,LOC_WPI_48430,48430,AUTO_MATCHED_EXACT,MATCHED_WPI
PORTWATCH,port2478,Bahregan,Iran,PW_PORT_port2478,,SOURCE_NATIVE,SOURCE_NATIVE
PORTWATCH,port2479,Basrah Oil Terminal,Iraq,PW_PORT_port2479,,SOURCE_NATIVE,SOURCE_NATIVE
PORTWATCH,port248,Clarkson,Canada,LOC_WPI_3015,3015,AUTO_MATCHED_EXACT,MATCHED_WPI
PORTWATCH,port2480,Calcasieu Pass LNG Terminal,United States,PW_PORT_port2480,,SOURCE_NATIVE,SOURCE_NATIVE
PORTWATCH,port2481,Chhara LNG Terminal,India,PW_PORT_port2481,,SOURCE_NATIVE,SOURCE_NATIVE
PORTWATCH,port2482,Egyptian LNG Terminal,Egypt,PW_PORT_port2482,,SOURCE_NATIVE,SOURCE_NATIVE
PORTWATCH,port2483,Guangzhou Nansha LNG Terminal,China,PW_PORT_port2483,,SOURCE_NATIVE,SOURCE_NATIVE
PORTWATCH,port2484,Gulf of Saros FSRU,Türkiye,PW_PORT_port2484,,SOURCE_NATIVE,SOURCE_NATIVE
PORTWATCH,port2485,Huizhou LNG Terminal,China,PW_PORT_port2485,,SOURCE_NATIVE,SOURCE_NATIVE
PORTWATCH,port2486,Jask,Iran,LOC_WPI_48540,48540,AUTO_MATCHED_EXACT,MATCHED_WPI
PORTWATCH,port2487,Kiyanly LNG Terminal,Turkmenistan,PW_PORT_port2487,,SOURCE_NATIVE,SOURCE_NATIVE
PORTWATCH,port2488,Kollsnes LNG Terminal,Norway,PW_PORT_port2488,,SOURCE_NATIVE,SOURCE_NATIVE
PORTWATCH,port2489,Krk,Croatia,PW_PORT_port2489,,SOURCE_NATIVE,SOURCE_NATIVE
PORTWATCH,port249,Cleveland,United States,LOC_WPI_3490,3490,AUTO_MATCHED_EXACT,MATCHED_WPI
PORTWATCH,port2490,LNG Canada Terminal,Canada,PW_PORT_port2490,,SOURCE_NATIVE,SOURCE_NATIVE
PORTWATCH,port2491,Liuheng LNG Terminal,China,PW_PORT_port2491,,SOURCE_NATIVE,SOURCE_NATIVE
PORTWATCH,port2492,Lysekil LNG Terminal,Sweden,PW_PORT_port2492,,SOURCE_NATIVE,SOURCE_NATIVE
PORTWATCH,port2493,Mina Al Zour,Kuwait,PW_PORT_port2493,,SOURCE_NATIVE,SOURCE_NATIVE
PORTWATCH,port2494,Mosjoen LNG Terminal,Norway,PW_PORT_port2494,,SOURCE_NATIVE,SOURCE_NATIVE
PORTWATCH,port2495,Mowi LNG Terminal,United Kingdom,PW_PORT_port2495,,SOURCE_NATIVE,SOURCE_NATIVE
PORTWATCH,port2496,Nagasaki LNG Terminal,Japan,PW_PORT_port2496,,SOURCE_NATIVE,SOURCE_NATIVE
PORTWATCH,port2497,Nakagusuku LNG Terminal,Japan,PW_PORT_port2497,,SOURCE_NATIVE,SOURCE_NATIVE
PORTWATCH,port2498,Paldiski FSRU,Estonia,PW_PORT_port2498,,SOURCE_NATIVE,SOURCE_NATIVE
PORTWATCH,port2499,Portovaya LNG Terminal,Russian Federation,PW_PORT_port2499,,SOURCE_NATIVE,SOURCE_NATIVE
PORTWATCH,port25,Shuwaikh,Kuwait,PW_PORT_port25,,SOURCE_NATIVE,SOURCE_NATIVE
PORTWATCH,port2500,Qidong,China,PW_PORT_port2500,,SOURCE_NATIVE,SOURCE_NATIVE
PORTWATCH,port2501,Snurrevarden,Norway,PW_PORT_port2501,,SOURCE_NATIVE,SOURCE_NATIVE
PORTWATCH,port2502,Taoyuan LNG Terminal,Taiwan Province of China,PW_PORT_port2502,,SOURCE_NATIVE,SOURCE_NATIVE
PORTWATCH,port2503,Utrenny LNG terminal,Russian Federation,PW_PORT_port2503,,SOURCE_NATIVE,SOURCE_NATIVE
PORTWATCH,port2504,Wenzhou Huagang,China,PW_PORT_port2504,,SOURCE_NATIVE,SOURCE_NATIVE
PORTWATCH,port2505,Wenzhou LNG Terminal,China,PW_PORT_port2505,,SOURCE_NATIVE,SOURCE_NATIVE
PORTWATCH,port2506,Woodfibre LNG Terminal,Canada,PW_PORT_port2506,,SOURCE_NATIVE,SOURCE_NATIVE
PORTWATCH,port2507,Yancheng,China,PW_PORT_port2507,,SOURCE_NATIVE,SOURCE_NATIVE
PORTWATCH,port2508,Zhangzhou LNG Terminal,China,PW_PORT_port2508,,SOURCE_NATIVE,SOURCE_NATIVE
PORTWATCH,port251,Clifton Pier,The Bahamas,LOC_WPI_9995,9995,AUTO_MATCHED_EXACT,MATCHED_WPI
PORTWATCH,port252,Coatzacoalcos,Mexico,LOC_WPI_9405,9405,AUTO_MATCHED_EXACT,MATCHED_WPI
PORTWATCH,port253,Coles Bay Oil Terminal,Sint Maarten,LOC_WPI_11372,11372,AUTO_MATCHED_EXACT,MATCHED_WPI
PORTWATCH,port254,Colombo,Sri Lanka,LOC_WPI_49240,49240,AUTO_MATCHED_EXACT,MATCHED_WPI
PORTWATCH,port255,Yap,Micronesia,PW_PORT_port255,,SOURCE_NATIVE,SOURCE_NATIVE
PORTWATCH,port256,Whiffen Head,Canada,PW_PORT_port256,,SOURCE_NATIVE,SOURCE_NATIVE
PORTWATCH,port257,Comodoro Rivadavia,Argentina,LOC_WPI_13920,13920,AUTO_MATCHED_EXACT,MATCHED_WPI
PORTWATCH,port258,Conakry,Guinea,LOC_WPI_45855,45855,AUTO_MATCHED_EXACT,MATCHED_WPI
PORTWATCH,port259,Conchan Oil Terminal,Peru,LOC_WPI_14940,14940,AUTO_MATCHED_EXACT,MATCHED_WPI
PORTWATCH,port26,Latakia,Syria,PW_PORT_port26,,SOURCE_NATIVE,SOURCE_NATIVE
PORTWATCH,port260,Constantza,Romania,PW_PORT_port260,,SOURCE_NATIVE,SOURCE_NATIVE
PORTWATCH,port261,Corinto,Nicaragua,LOC_WPI_15550,15550,AUTO_MATCHED_EXACT,MATCHED_WPI
PORTWATCH,port262,Cork,Ireland,LOC_WPI_34360,34360,AUTO_MATCHED_EXACT,MATCHED_WPI
PORTWATCH,port263,Coronel,Chile,LOC_WPI_14400,14400,AUTO_MATCHED_EXACT,MATCHED_WPI
PORTWATCH,port264,Corpus Christi,United States,LOC_WPI_9300,9300,AUTO_MATCHED_EXACT,MATCHED_WPI
PORTWATCH,port265,Cotonou,Benin,LOC_WPI_46110,46110,AUTO_MATCHED_EXACT,MATCHED_WPI
PORTWATCH,port266,Covenas Offshore Term.,Colombia,LOC_WPI_11901,11901,AUTO_MATCHED_EXACT,MATCHED_WPI
PORTWATCH,port267,Ceuta,Spain,LOC_WPI_45730,45730,AUTO_MATCHED_EXACT,MATCHED_WPI
PORTWATCH,port268,Cuxhaven,Germany,LOC_WPI_30800,30800,AUTO_MATCHED_EXACT,MATCHED_WPI
PORTWATCH,port269,Da Nang,Vietnam,LOC_WPI_57650,57650,AUTO_MATCHED_EXACT,MATCHED_WPI
PORTWATCH,port27,Mukalla,Yemen,PW_PORT_port27,,SOURCE_NATIVE,SOURCE_NATIVE
PORTWATCH,port270,Daesan,Korea,PW_PORT_port270,,SOURCE_NATIVE,SOURCE_NATIVE
PORTWATCH,port271,Dahej,India,LOC_WPI_48674,48674,AUTO_MATCHED_EXACT,MATCHED_WPI
PORTWATCH,port272,Dakar,Senegal,LOC_WPI_45820,45820,AUTO_MATCHED_EXACT,MATCHED_WPI
PORTWATCH,port273,Dalian,China,LOC_WPI_60250,60250,AUTO_MATCHED_EXACT,MATCHED_WPI
PORTWATCH,port274,Damietta,Egypt,LOC_WPI_45151,45151,AUTO_MATCHED_EXACT,MATCHED_WPI
PORTWATCH,port275,Dammam,Saudi Arabia,LOC_WPI_48335,48335,AUTO_MATCHED_EXACT,MATCHED_WPI
PORTWATCH,port276,Dampier,Australia,LOC_WPI_54605,54605,AUTO_MATCHED_EXACT,MATCHED_WPI
PORTWATCH,port277,Dandong,China,LOC_WPI_60233,60233,AUTO_MATCHED_EXACT,MATCHED_WPI
PORTWATCH,port278,Dar Es Salaam,Tanzania,LOC_WPI_47010,47010,AUTO_MATCHED_EXACT,MATCHED_WPI
PORTWATCH,port279,Daru,Papua New Guinea,LOC_WPI_53150,53150,AUTO_MATCHED_EXACT,MATCHED_WPI
PORTWATCH,port28,Albany,Australia,LOC_WPI_54470,54470,AUTO_MATCHED_EXACT,MATCHED_WPI
PORTWATCH,port280,Darwin,Australia,LOC_WPI_54670,54670,AUTO_MATCHED_EXACT,MATCHED_WPI
PORTWATCH,port281,Davao,Philippines,LOC_WPI_59430,59430,AUTO_MATCHED_EXACT,MATCHED_WPI
PORTWATCH,port282,Davisville Depot,United States,LOC_WPI_7440,7440,AUTO_MATCHED_EXACT,MATCHED_WPI
PORTWATCH,port283,De Kastri,Russian Federation,LOC_WPI_60810,60810,AUTO_MATCHED_COUNTRY_ALIAS,MATCHED_WPI
PORTWATCH,port284,Degrad Des Cannes,French Guiana,LOC_WPI_12455,12455,AUTO_MATCHED_EXACT,MATCHED_WPI
PORTWATCH,port285,Delfzijl,The Netherlands,LOC_WPI_30990,30990,AUTO_MATCHED_COUNTRY_ALIAS,MATCHED_WPI
PORTWATCH,port286,Delta Terminal,Türkiye,LOC_WPI_44804,44804,AUTO_MATCHED_COUNTRY_ALIAS,MATCHED_WPI
PORTWATCH,port287,Derince (Izmit-Kocaeli),Türkiye,PW_PORT_port287,,SOURCE_NATIVE,SOURCE_NATIVE
PORTWATCH,port288,Devonport,Australia,LOC_WPI_54920,54920,AUTO_MATCHED_EXACT,MATCHED_WPI
PORTWATCH,port289,Dhaka,Bangladesh,PW_PORT_port289,,SOURCE_NATIVE,SOURCE_NATIVE
PORTWATCH,port29,Aalborg,Denmark,PW_PORT_port29,,SOURCE_NATIVE,SOURCE_NATIVE
PORTWATCH,port290,Dhamra Port,India,PW_PORT_port290,,SOURCE_NATIVE,SOURCE_NATIVE
PORTWATCH,port291,Vassiliko,Cyprus,PW_PORT_port291,,SOURCE_NATIVE,SOURCE_NATIVE
PORTWATCH,port292,Dili,Timor-Leste,LOC_WPI_51440,51440,AUTO_MATCHED_EXACT,MATCHED_WPI
PORTWATCH,port293,Djen Djen,Algeria,LOC_WPI_45525,45525,AUTO_MATCHED_EXACT,MATCHED_WPI
PORTWATCH,port294,Djibouti,Djibouti,LOC_WPI_47850,47850,AUTO_MATCHED_EXACT,MATCHED_WPI
PORTWATCH,port295,Djúpivogur,Iceland,LOC_WPI_465,465,AUTO_MATCHED_EXACT,MATCHED_WPI
PORTWATCH,port296,Djupviken,Norway,LOC_WPI_23058,23058,AUTO_MATCHED_EXACT,MATCHED_WPI
PORTWATCH,port297,Donggala,Indonesia,LOC_WPI_52350,52350,AUTO_MATCHED_EXACT,MATCHED_WPI
PORTWATCH,port298,Dos Bocas Terminal,Mexico,LOC_WPI_9425,9425,AUTO_MATCHED_EXACT,MATCHED_WPI
PORTWATCH,port299,Douala,Cameroon,LOC_WPI_46280,46280,AUTO_MATCHED_EXACT,MATCHED_WPI
PORTWATCH,port3,Aberdeen,United Kingdom,LOC_WPI_32220,32220,AUTO_MATCHED_EXACT,MATCHED_WPI
PORTWATCH,port30,Ålesund,Norway,LOC_WPI_23120,23120,AUTO_MATCHED_EXACT,MATCHED_WPI
PORTWATCH,port301,Dover,United Kingdom,PW_PORT_port301,,SOURCE_NATIVE,SOURCE_NATIVE
PORTWATCH,port302,Drammen,Norway,LOC_WPI_23780,23780,AUTO_MATCHED_EXACT,MATCHED_WPI
PORTWATCH,port303,Drogheda,Ireland,LOC_WPI_34025,34025,AUTO_MATCHED_EXACT,MATCHED_WPI
PORTWATCH,port304,Duba (Port of Neom),Saudi Arabia,PW_PORT_port304,,SOURCE_NATIVE,SOURCE_NATIVE
PORTWATCH,port305,Duba Bulk Plant Tanker Terminal,Saudi Arabia,LOC_WPI_48108,48108,AUTO_MATCHED_EXACT,MATCHED_WPI
PORTWATCH,port306,Dubai,United Arab Emirates,PW_PORT_port306,,SOURCE_NATIVE,SOURCE_NATIVE
PORTWATCH,port307,Dublin,Ireland,LOC_WPI_34480,34480,AUTO_MATCHED_EXACT,MATCHED_WPI
PORTWATCH,port308,Dudinka,Russian Federation,LOC_WPI_62720,62720,AUTO_MATCHED_COUNTRY_ALIAS,MATCHED_WPI
PORTWATCH,port309,Dumai,Indonesia,LOC_WPI_50785,50785,AUTO_MATCHED_EXACT,MATCHED_WPI
PORTWATCH,port31,Algeciras,Spain,LOC_WPI_38310,38310,AUTO_MATCHED_EXACT,MATCHED_WPI
PORTWATCH,port310,Dunkirk,France,PW_PORT_port310,,SOURCE_NATIVE,SOURCE_NATIVE
PORTWATCH,port311,Durban,South Africa,LOC_WPI_46850,46850,AUTO_MATCHED_EXACT,MATCHED_WPI
PORTWATCH,port312,Durres,Albania,LOC_WPI_41670,41670,AUTO_MATCHED_EXACT,MATCHED_WPI
PORTWATCH,port314,EL Segundo,United States,LOC_WPI_16110,16110,AUTO_MATCHED_EXACT,MATCHED_WPI
PORTWATCH,port315,East London,South Africa,LOC_WPI_46830,46830,AUTO_MATCHED_EXACT,MATCHED_WPI
PORTWATCH,port316,Eemshaven,The Netherlands,LOC_WPI_30985,30985,AUTO_MATCHED_COUNTRY_ALIAS,MATCHED_WPI
PORTWATCH,port317,El Grao,Spain,LOC_WPI_38500,38500,AUTO_MATCHED_EXACT,MATCHED_WPI
PORTWATCH,port318,El Guamache,Venezuela,LOC_WPI_12230,12230,AUTO_MATCHED_EXACT,MATCHED_WPI
PORTWATCH,port319,Jorf Lasfar,Morocco,LOC_WPI_45796,45796,AUTO_MATCHED_FUZZY,MATCHED_WPI
PORTWATCH,port32,Alger,Algeria,LOC_WPI_45570,45570,AUTO_MATCHED_EXACT,MATCHED_WPI
PORTWATCH,port320,El Palito,Venezuela,LOC_WPI_12115,12115,AUTO_MATCHED_EXACT,MATCHED_WPI
PORTWATCH,port321,Al Adabiyah,Egypt,PW_PORT_port321,,SOURCE_NATIVE,SOURCE_NATIVE
PORTWATCH,port322,Eleusis,Greece,PW_PORT_port322,,SOURCE_NATIVE,SOURCE_NATIVE
PORTWATCH,port323,Emden,Germany,LOC_WPI_30950,30950,AUTO_MATCHED_EXACT,MATCHED_WPI
PORTWATCH,port324,Empire,United States,LOC_WPI_16740,16740,AUTO_MATCHED_EXACT,MATCHED_WPI
PORTWATCH,port325,Ende,Indonesia,LOC_WPI_51340,51340,AUTO_MATCHED_EXACT,MATCHED_WPI
PORTWATCH,port326,Ensenada,Mexico,LOC_WPI_15990,15990,AUTO_MATCHED_EXACT,MATCHED_WPI
PORTWATCH,port327,Eregli,Türkiye,LOC_WPI_44500,44500,AUTO_MATCHED_COUNTRY_ALIAS,MATCHED_WPI
PORTWATCH,port328,Esbjerg,Denmark,LOC_WPI_30640,30640,AUTO_MATCHED_EXACT,MATCHED_WPI
PORTWATCH,port329,Eskifjordhur,Iceland,LOC_WPI_430,430,AUTO_MATCHED_EXACT,MATCHED_WPI
PORTWATCH,port33,Aliaga,Türkiye,LOC_WPI_43334,43334,AUTO_MATCHED_COUNTRY_ALIAS,MATCHED_WPI
PORTWATCH,port330,Esmeraldas,Ecuador,LOC_WPI_15330,15330,AUTO_MATCHED_EXACT,MATCHED_WPI
PORTWATCH,port331,Esperance,Australia,LOC_WPI_54450,54450,AUTO_MATCHED_EXACT,MATCHED_WPI
PORTWATCH,port332,Gibraltar,Gibraltar,PW_PORT_port332,,SOURCE_NATIVE,SOURCE_NATIVE
PORTWATCH,port333,Everett (US-WA),United States,PW_PORT_port333,,SOURCE_NATIVE,SOURCE_NATIVE
PORTWATCH,port334,Ez Zueitina,Libya,LOC_WPI_45290,45290,AUTO_MATCHED_EXACT,MATCHED_WPI
PORTWATCH,port335,Falkenberg,Sweden,LOC_WPI_24040,24040,AUTO_MATCHED_EXACT,MATCHED_WPI
PORTWATCH,port336,Falmouth,Jamaica,LOC_WPI_10620,10620,AUTO_MATCHED_EXACT,MATCHED_WPI
PORTWATCH,port337,Falmouth Harbour,United Kingdom,LOC_WPI_35290,35290,AUTO_MATCHED_EXACT,MATCHED_WPI
PORTWATCH,port338,Famagusta,Cyprus,LOC_WPI_44970,44970,AUTO_MATCHED_EXACT,MATCHED_WPI
PORTWATCH,port339,Fangcheng,China,PW_PORT_port339,,SOURCE_NATIVE,SOURCE_NATIVE
PORTWATCH,port34,Alicante,Spain,LOC_WPI_38440,38440,AUTO_MATCHED_EXACT,MATCHED_WPI
PORTWATCH,port340,Ehoala,Madagascar,PW_PORT_port340,,SOURCE_NATIVE,SOURCE_NATIVE
PORTWATCH,port342,Fawley,United Kingdom,PW_PORT_port342,,SOURCE_NATIVE,SOURCE_NATIVE
PORTWATCH,port343,Felixstowe,United Kingdom,LOC_WPI_31560,31560,AUTO_MATCHED_EXACT,MATCHED_WPI
PORTWATCH,port344,Ferrol,Spain,LOC_WPI_37740,37740,AUTO_MATCHED_EXACT,MATCHED_WPI
PORTWATCH,port345,Figueira Da Foz,Portugal,LOC_WPI_37980,37980,AUTO_MATCHED_EXACT,MATCHED_WPI
PORTWATCH,port346,Finnart Oil Terminal,United Kingdom,LOC_WPI_33405,33405,AUTO_MATCHED_EXACT,MATCHED_WPI
PORTWATCH,port347,Finnsnes,Norway,LOC_WPI_21490,21490,AUTO_MATCHED_EXACT,MATCHED_WPI
PORTWATCH,port348,Flekkefjord,Norway,PW_PORT_port348,,SOURCE_NATIVE,SOURCE_NATIVE
PORTWATCH,port349,Florø,Norway,PW_PORT_port349,,SOURCE_NATIVE,SOURCE_NATIVE
PORTWATCH,port35,Almeria,Spain,LOC_WPI_38390,38390,AUTO_MATCHED_EXACT,MATCHED_WPI
PORTWATCH,port350,Fort De France,Martinique,LOC_WPI_11550,11550,AUTO_MATCHED_EXACT,MATCHED_WPI
PORTWATCH,port351,Fos,France,LOC_WPI_38775,38775,AUTO_MATCHED_EXACT,MATCHED_WPI
PORTWATCH,port352,Fourchon,United States,PW_PORT_port352,,SOURCE_NATIVE,SOURCE_NATIVE
PORTWATCH,port353,Foynes,Ireland,LOC_WPI_34130,34130,AUTO_MATCHED_EXACT,MATCHED_WPI
PORTWATCH,port354,Fredericia,Denmark,LOC_WPI_30170,30170,AUTO_MATCHED_EXACT,MATCHED_WPI
PORTWATCH,port355,Frederikshavn,Denmark,LOC_WPI_30430,30430,AUTO_MATCHED_EXACT,MATCHED_WPI
PORTWATCH,port356,Fredrikstad,Norway,LOC_WPI_23840,23840,AUTO_MATCHED_EXACT,MATCHED_WPI
PORTWATCH,port357,Freeport,The Bahamas,LOC_WPI_9985,9985,AUTO_MATCHED_EXACT,MATCHED_WPI
PORTWATCH,port358,Freeport (US-FL),United States,PW_PORT_port358,,SOURCE_NATIVE,SOURCE_NATIVE
PORTWATCH,port359,Frederiksvaerk,Denmark,LOC_WPI_29410,29410,AUTO_MATCHED_EXACT,MATCHED_WPI
PORTWATCH,port360,Freetown,Sierra Leone,LOC_WPI_45862,45862,AUTO_MATCHED_EXACT,MATCHED_WPI
PORTWATCH,port361,Fremantle,Australia,LOC_WPI_54520,54520,AUTO_MATCHED_EXACT,MATCHED_WPI
PORTWATCH,port362,Fujairah,United Arab Emirates,PW_PORT_port362,,SOURCE_NATIVE,SOURCE_NATIVE
PORTWATCH,port363,Fukui,Japan,LOC_WPI_61805,61805,AUTO_MATCHED_EXACT,MATCHED_WPI
PORTWATCH,port364,Fukuyama,Japan,LOC_WPI_61605,61605,AUTO_MATCHED_EXACT,MATCHED_WPI
PORTWATCH,port365,Funabashi,Japan,LOC_WPI_61379,61379,AUTO_MATCHED_EXACT,MATCHED_WPI
PORTWATCH,port366,Funafuti,Tuvalu,PW_PORT_port366,,SOURCE_NATIVE,SOURCE_NATIVE
PORTWATCH,port367,"Funchal, Madeira",Portugal,PW_PORT_port367,,SOURCE_NATIVE,SOURCE_NATIVE
PORTWATCH,port368,Turku,Finland,LOC_WPI_27820,27820,AUTO_MATCHED_EXACT,MATCHED_WPI
PORTWATCH,port369,Fushiki-Toyama,Japan,LOC_WPI_61850,61850,AUTO_MATCHED_EXACT,MATCHED_WPI
PORTWATCH,port37,Alotau,Papua New Guinea,PW_PORT_port37,,SOURCE_NATIVE,SOURCE_NATIVE
PORTWATCH,port370,Fuzhou,China,LOC_WPI_59860,59860,AUTO_MATCHED_EXACT,MATCHED_WPI
PORTWATCH,port371,Gabes,Tunisia,LOC_WPI_45375,45375,AUTO_MATCHED_EXACT,MATCHED_WPI
PORTWATCH,port372,Galeota Point Terminal,Trinidad and Tobago,LOC_WPI_11772,11772,AUTO_MATCHED_EXACT,MATCHED_WPI
PORTWATCH,port373,Galveston,United States,LOC_WPI_9150,9150,AUTO_MATCHED_EXACT,MATCHED_WPI
PORTWATCH,port374,Galway,Ireland,LOC_WPI_34060,34060,AUTO_MATCHED_EXACT,MATCHED_WPI
PORTWATCH,port375,Gaogang,China,LOC_WPI_59987,59987,AUTO_MATCHED_EXACT,MATCHED_WPI
PORTWATCH,port376,Garston,United Kingdom,PW_PORT_port376,,SOURCE_NATIVE,SOURCE_NATIVE
PORTWATCH,port377,Gary,United States,LOC_WPI_4760,4760,AUTO_MATCHED_EXACT,MATCHED_WPI
PORTWATCH,port378,Vysotsk,Russian Federation,PW_PORT_port378,,SOURCE_NATIVE,SOURCE_NATIVE
PORTWATCH,port379,Gävle,Sweden,LOC_WPI_25590,25590,AUTO_MATCHED_EXACT,MATCHED_WPI
PORTWATCH,port38,Altamira,Mexico,LOC_WPI_9355,9355,AUTO_MATCHED_EXACT,MATCHED_WPI
PORTWATCH,port380,Gdansk,Poland,LOC_WPI_28710,28710,AUTO_MATCHED_EXACT,MATCHED_WPI
PORTWATCH,port381,Gdynia,Poland,LOC_WPI_28740,28740,AUTO_MATCHED_EXACT,MATCHED_WPI
PORTWATCH,port382,Gebig,Brazil,LOC_WPI_12950,12950,AUTO_MATCHED_EXACT,MATCHED_WPI
PORTWATCH,port383,Geelong,Australia,LOC_WPI_54050,54050,AUTO_MATCHED_EXACT,MATCHED_WPI
PORTWATCH,port384,Gela,Italy,LOC_WPI_40220,40220,AUTO_MATCHED_EXACT,MATCHED_WPI
PORTWATCH,port385,Gemlik,Türkiye,LOC_WPI_43340,43340,AUTO_MATCHED_COUNTRY_ALIAS,MATCHED_WPI
PORTWATCH,port386,General Santos,Philippines,LOC_WPI_59485,59485,AUTO_MATCHED_EXACT,MATCHED_WPI
PORTWATCH,port387,Genova,Italy,LOC_WPI_39470,39470,AUTO_MATCHED_EXACT,MATCHED_WPI
PORTWATCH,port388,Georgetown,The Bahamas,PW_PORT_port388,,SOURCE_NATIVE,SOURCE_NATIVE
PORTWATCH,port389,Georgetown,Cayman Islands,LOC_WPI_10580,10580,AUTO_MATCHED_EXACT,MATCHED_WPI
PORTWATCH,port39,Alvika,Norway,PW_PORT_port39,,SOURCE_NATIVE,SOURCE_NATIVE
PORTWATCH,port390,Georgetown,Guyana,LOC_WPI_12370,12370,AUTO_MATCHED_EXACT,MATCHED_WPI
PORTWATCH,port391,Geraldton,Australia,LOC_WPI_54540,54540,AUTO_MATCHED_EXACT,MATCHED_WPI
PORTWATCH,port392,Ghazaouet,Algeria,LOC_WPI_45670,45670,AUTO_MATCHED_EXACT,MATCHED_WPI
PORTWATCH,port393,Ghent,Belgium,LOC_WPI_31270,31270,AUTO_MATCHED_EXACT,MATCHED_WPI
PORTWATCH,port394,Gijon,Spain,LOC_WPI_37560,37560,AUTO_MATCHED_EXACT,MATCHED_WPI
PORTWATCH,port395,Gioia Tauro,Italy,LOC_WPI_40115,40115,AUTO_MATCHED_EXACT,MATCHED_WPI
PORTWATCH,port396,Gisborne,New Zealand,LOC_WPI_55110,55110,AUTO_MATCHED_EXACT,MATCHED_WPI
PORTWATCH,port398,Gladstone,Australia,LOC_WPI_53450,53450,AUTO_MATCHED_EXACT,MATCHED_WPI
PORTWATCH,port399,Glasgow,United Kingdom,LOC_WPI_33490,33490,AUTO_MATCHED_EXACT,MATCHED_WPI
PORTWATCH,port4,Abidjan,Côte d'Ivoire,LOC_WPI_46000,46000,AUTO_MATCHED_EXACT,MATCHED_WPI
PORTWATCH,port40,Amagasaki,Japan,LOC_WPI_61555,61555,AUTO_MATCHED_EXACT,MATCHED_WPI
PORTWATCH,port400,Glomfjord,Norway,LOC_WPI_22540,22540,AUTO_MATCHED_EXACT,MATCHED_WPI
PORTWATCH,port401,Golcuk,Türkiye,PW_PORT_port401,,SOURCE_NATIVE,SOURCE_NATIVE
PORTWATCH,port402,Golfito,Costa Rica,LOC_WPI_15480,15480,AUTO_MATCHED_EXACT,MATCHED_WPI
PORTWATCH,port403,Gomen,New Caledonia,PW_PORT_port403,,SOURCE_NATIVE,SOURCE_NATIVE
PORTWATCH,port404,Goole,United Kingdom,LOC_WPI_31670,31670,AUTO_MATCHED_EXACT,MATCHED_WPI
PORTWATCH,port405,Goose Bay,Canada,LOC_WPI_1340,1340,AUTO_MATCHED_EXACT,MATCHED_WPI
PORTWATCH,port406,Gorgon LNG,Australia,PW_PORT_port406,,SOURCE_NATIVE,SOURCE_NATIVE
PORTWATCH,port407,Gorontalo,Indonesia,LOC_WPI_52090,52090,AUTO_MATCHED_EXACT,MATCHED_WPI
PORTWATCH,port408,Göteborg,Sweden,LOC_WPI_24020,24020,AUTO_MATCHED_EXACT,MATCHED_WPI
PORTWATCH,port41,Amamapare,Indonesia,LOC_WPI_53115,53115,AUTO_MATCHED_EXACT,MATCHED_WPI
PORTWATCH,port410,Gourd Shanzui,China,PW_PORT_port410,,SOURCE_NATIVE,SOURCE_NATIVE
PORTWATCH,port411,Gove,Australia,LOC_WPI_54675,54675,AUTO_MATCHED_EXACT,MATCHED_WPI
PORTWATCH,port412,Grand Haven,United States,LOC_WPI_4700,4700,AUTO_MATCHED_EXACT,MATCHED_WPI
PORTWATCH,port414,Grand Turk,Turks and Caicos Islands,LOC_WPI_10020,10020,AUTO_MATCHED_EXACT,MATCHED_WPI
PORTWATCH,port415,Grangemouth,United Kingdom,LOC_WPI_32010,32010,AUTO_MATCHED_EXACT,MATCHED_WPI
PORTWATCH,port416,Gravesend,United Kingdom,LOC_WPI_31420,31420,AUTO_MATCHED_EXACT,MATCHED_WPI
PORTWATCH,port417,Great Yarmouth,United Kingdom,LOC_WPI_31580,31580,AUTO_MATCHED_EXACT,MATCHED_WPI
PORTWATCH,port418,Green Bay,United States,LOC_WPI_4940,4940,AUTO_MATCHED_EXACT,MATCHED_WPI
PORTWATCH,port419,Grenaa,Denmark,PW_PORT_port419,,SOURCE_NATIVE,SOURCE_NATIVE
PORTWATCH,port42,"Ambon, Molucas",Indonesia,PW_PORT_port42,,SOURCE_NATIVE,SOURCE_NATIVE
PORTWATCH,port420,Gresik,Indonesia,LOC_WPI_51120,51120,AUTO_MATCHED_EXACT,MATCHED_WPI
PORTWATCH,port421,Grimsby,United Kingdom,LOC_WPI_31640,31640,AUTO_MATCHED_EXACT,MATCHED_WPI
PORTWATCH,port422,Guaiba Island Terminal,Brazil,LOC_WPI_12935,12935,AUTO_MATCHED_EXACT,MATCHED_WPI
PORTWATCH,port423,Guangdong Yangjiang Port,China,PW_PORT_port423,,SOURCE_NATIVE,SOURCE_NATIVE
PORTWATCH,port424,Guangxi Beibu Gulf Port,China,PW_PORT_port424,,SOURCE_NATIVE,SOURCE_NATIVE
PORTWATCH,port425,Guangzhou (Nansha),China,PW_PORT_port425,,SOURCE_NATIVE,SOURCE_NATIVE
PORTWATCH,port426,Guayaquil,Ecuador,LOC_WPI_15270,15270,AUTO_MATCHED_EXACT,MATCHED_WPI
PORTWATCH,port427,Guaymas,Mexico,LOC_WPI_15850,15850,AUTO_MATCHED_EXACT,MATCHED_WPI
PORTWATCH,port428,Gulfport,United States,LOC_WPI_8800,8800,AUTO_MATCHED_EXACT,MATCHED_WPI
PORTWATCH,port429,Güllük,Türkiye,LOC_WPI_44751,44751,AUTO_MATCHED_COUNTRY_ALIAS,MATCHED_WPI
PORTWATCH,port43,Amirabad Port,Iran,PW_PORT_port43,,SOURCE_NATIVE,SOURCE_NATIVE
PORTWATCH,port430,Gustavia,Saint-Barthélemy,PW_PORT_port430,,SOURCE_NATIVE,SOURCE_NATIVE
PORTWATCH,port431,Gwadar,Pakistan,LOC_WPI_48590,48590,AUTO_MATCHED_EXACT,MATCHED_WPI
PORTWATCH,port432,Gwangyang (Kwangyang),Korea,PW_PORT_port432,,SOURCE_NATIVE,SOURCE_NATIVE
PORTWATCH,port433,Hachinohe,Japan,PW_PORT_port433,,SOURCE_NATIVE,SOURCE_NATIVE
PORTWATCH,port434,Hai Phong,Vietnam,LOC_WPI_57680,57680,AUTO_MATCHED_EXACT,MATCHED_WPI
PORTWATCH,port435,Haifa,Israel,LOC_WPI_45080,45080,AUTO_MATCHED_EXACT,MATCHED_WPI
PORTWATCH,port436,Haifeng power,China,PW_PORT_port436,,SOURCE_NATIVE,SOURCE_NATIVE
PORTWATCH,port437,Haikou,China,LOC_WPI_57760,57760,AUTO_MATCHED_EXACT,MATCHED_WPI
PORTWATCH,port438,Haimen,China,LOC_WPI_59930,59930,AUTO_MATCHED_EXACT,MATCHED_WPI
PORTWATCH,port439,Hakata,Japan,LOC_WPI_62430,62430,AUTO_MATCHED_EXACT,MATCHED_WPI
PORTWATCH,port44,Ampenan,Indonesia,LOC_WPI_51280,51280,AUTO_MATCHED_EXACT,MATCHED_WPI
PORTWATCH,port440,Hakodate,Japan,PW_PORT_port440,,SOURCE_NATIVE,SOURCE_NATIVE
PORTWATCH,port441,Halden,Norway,LOC_WPI_23850,23850,AUTO_MATCHED_EXACT,MATCHED_WPI
PORTWATCH,port442,Haldia,India,PW_PORT_port442,,SOURCE_NATIVE,SOURCE_NATIVE
PORTWATCH,port443,Halifax,Canada,LOC_WPI_6340,6340,AUTO_MATCHED_EXACT,MATCHED_WPI
PORTWATCH,port444,Halmstad,Sweden,LOC_WPI_24050,24050,AUTO_MATCHED_EXACT,MATCHED_WPI
PORTWATCH,port445,Hamada,Japan,PW_PORT_port445,,SOURCE_NATIVE,SOURCE_NATIVE
PORTWATCH,port446,Hamburg,Germany,LOC_WPI_30780,30780,AUTO_MATCHED_EXACT,MATCHED_WPI
PORTWATCH,port447,Hamilton,Canada,LOC_WPI_3050,3050,AUTO_MATCHED_EXACT,MATCHED_WPI
PORTWATCH,port448,Fredrikshamn,Finland,PW_PORT_port448,,SOURCE_NATIVE,SOURCE_NATIVE
PORTWATCH,port449,Hammerfest,Norway,LOC_WPI_20920,20920,AUTO_MATCHED_EXACT,MATCHED_WPI
PORTWATCH,port45,Amsterdam,The Netherlands,LOC_WPI_31060,31060,AUTO_MATCHED_COUNTRY_ALIAS,MATCHED_WPI
PORTWATCH,port450,Hanko,Finland,LOC_WPI_28140,28140,AUTO_MATCHED_EXACT,MATCHED_WPI
PORTWATCH,port452,Hannan,Japan,PW_PORT_port452,,SOURCE_NATIVE,SOURCE_NATIVE
PORTWATCH,port453,Harbor Yeweiju,China,PW_PORT_port453,,SOURCE_NATIVE,SOURCE_NATIVE
PORTWATCH,port454,Harlingen,The Netherlands,LOC_WPI_31010,31010,AUTO_MATCHED_COUNTRY_ALIAS,MATCHED_WPI
PORTWATCH,port455,Harmac,Canada,LOC_WPI_18525,18525,AUTO_MATCHED_EXACT,MATCHED_WPI
PORTWATCH,port456,Haroysundet,Norway,PW_PORT_port456,,SOURCE_NATIVE,SOURCE_NATIVE
PORTWATCH,port457,Haydarpasa,Türkiye,LOC_WPI_44540,44540,AUTO_MATCHED_COUNTRY_ALIAS,MATCHED_WPI
PORTWATCH,port458,Hay Point,Australia,LOC_WPI_53405,53405,AUTO_MATCHED_EXACT,MATCHED_WPI
PORTWATCH,port459,Helsingborg,Sweden,LOC_WPI_24120,24120,AUTO_MATCHED_EXACT,MATCHED_WPI
PORTWATCH,port46,Amuay (Bahia De Amuay),Venezuela,LOC_WPI_12070,12070,AUTO_MATCHED_EXACT,MATCHED_WPI
PORTWATCH,port460,Helsinki,Finland,LOC_WPI_28190,28190,AUTO_MATCHED_EXACT,MATCHED_WPI
PORTWATCH,port461,Hera port,Timor-Leste,PW_PORT_port461,,SOURCE_NATIVE,SOURCE_NATIVE
PORTWATCH,port462,Heysham,United Kingdom,LOC_WPI_34640,34640,AUTO_MATCHED_EXACT,MATCHED_WPI
PORTWATCH,port463,Higashiharima,Japan,PW_PORT_port463,,SOURCE_NATIVE,SOURCE_NATIVE
PORTWATCH,port464,Hilo,United States,LOC_WPI_56090,56090,AUTO_MATCHED_EXACT,MATCHED_WPI
PORTWATCH,port465,Himeji,Japan,LOC_WPI_61567,61567,AUTO_MATCHED_EXACT,MATCHED_WPI
PORTWATCH,port466,Hiroshima,Japan,LOC_WPI_61650,61650,AUTO_MATCHED_EXACT,MATCHED_WPI
PORTWATCH,port467,Hirtshals,Denmark,LOC_WPI_30450,30450,AUTO_MATCHED_EXACT,MATCHED_WPI
PORTWATCH,port468,Hitachi,Japan,LOC_WPI_61356,61356,AUTO_MATCHED_EXACT,MATCHED_WPI
PORTWATCH,port469,Hobart,Australia,LOC_WPI_54760,54760,AUTO_MATCHED_EXACT,MATCHED_WPI
PORTWATCH,port47,Anacortes,United States,LOC_WPI_18040,18040,AUTO_MATCHED_EXACT,MATCHED_WPI
PORTWATCH,port470,Hobro,Denmark,LOC_WPI_30360,30360,AUTO_MATCHED_EXACT,MATCHED_WPI
PORTWATCH,port471,Hofu,Japan,PW_PORT_port471,,SOURCE_NATIVE,SOURCE_NATIVE
PORTWATCH,port472,Himekawa,Japan,LOC_WPI_61862,61862,AUTO_MATCHED_EXACT,MATCHED_WPI
PORTWATCH,port473,Hon Gai,Vietnam,LOC_WPI_57700,57700,AUTO_MATCHED_EXACT,MATCHED_WPI
PORTWATCH,port474,Hong Kong,Hong Kong SAR,LOC_WPI_57840,57840,AUTO_MATCHED_COUNTRY_ALIAS,MATCHED_WPI
PORTWATCH,port475,Honiara,Solomon Islands,LOC_WPI_57120,57120,AUTO_MATCHED_EXACT,MATCHED_WPI
PORTWATCH,port476,Honolulu,United States,LOC_WPI_56280,56280,AUTO_MATCHED_EXACT,MATCHED_WPI
PORTWATCH,port477,Hopa,Türkiye,LOC_WPI_44370,44370,AUTO_MATCHED_COUNTRY_ALIAS,MATCHED_WPI
PORTWATCH,port478,Horta,Portugal,LOC_WPI_38080,38080,AUTO_MATCHED_EXACT,MATCHED_WPI
PORTWATCH,port479,Horten,Norway,LOC_WPI_23750,23750,AUTO_MATCHED_EXACT,MATCHED_WPI
PORTWATCH,port48,Anchorage,United States,LOC_WPI_19800,19800,AUTO_MATCHED_EXACT,MATCHED_WPI
PORTWATCH,port480,Hososhima,Japan,PW_PORT_port480,,SOURCE_NATIVE,SOURCE_NATIVE
PORTWATCH,port481,Houston (US-TX),United States,PW_PORT_port481,,SOURCE_NATIVE,SOURCE_NATIVE
PORTWATCH,port482,Hualien,Taiwan Province of China,PW_PORT_port482,,SOURCE_NATIVE,SOURCE_NATIVE
PORTWATCH,port483,Huelva,Spain,LOC_WPI_38220,38220,AUTO_MATCHED_EXACT,MATCHED_WPI
PORTWATCH,port484,Huizhou,China,LOC_WPI_57859,57859,AUTO_MATCHED_EXACT,MATCHED_WPI
PORTWATCH,port485,Husum,Germany,LOC_WPI_30680,30680,AUTO_MATCHED_EXACT,MATCHED_WPI
PORTWATCH,port486,Husum,Sweden,LOC_WPI_26790,26790,AUTO_MATCHED_EXACT,MATCHED_WPI
PORTWATCH,port487,IJmuiden,The Netherlands,LOC_WPI_31040,31040,AUTO_MATCHED_COUNTRY_ALIAS,MATCHED_WPI
PORTWATCH,port488,Iligan,Philippines,LOC_WPI_59700,59700,AUTO_MATCHED_EXACT,MATCHED_WPI
PORTWATCH,port489,Chornomorsk,Ukraine,PW_PORT_port489,,SOURCE_NATIVE,SOURCE_NATIVE
PORTWATCH,port49,Ancona,Italy,LOC_WPI_40660,40660,AUTO_MATCHED_EXACT,MATCHED_WPI
PORTWATCH,port490,Imabari,Japan,PW_PORT_port490,,SOURCE_NATIVE,SOURCE_NATIVE
PORTWATCH,port491,Imatra,Finland,PW_PORT_port491,,SOURCE_NATIVE,SOURCE_NATIVE
PORTWATCH,port492,Imbituba,Brazil,LOC_WPI_13040,13040,AUTO_MATCHED_EXACT,MATCHED_WPI
PORTWATCH,port493,Immingham,United Kingdom,LOC_WPI_31650,31650,AUTO_MATCHED_EXACT,MATCHED_WPI
PORTWATCH,port494,Incheon,Korea,PW_PORT_port494,,SOURCE_NATIVE,SOURCE_NATIVE
PORTWATCH,port495,Indiana Harbor,United States,LOC_WPI_4780,4780,AUTO_MATCHED_EXACT,MATCHED_WPI
PORTWATCH,port496,Indonesia Morowali Industrial Park,Indonesia,PW_PORT_port496,,SOURCE_NATIVE,SOURCE_NATIVE
PORTWATCH,port497,Inkoo,Finland,LOC_WPI_28187,28187,AUTO_MATCHED_EXACT,MATCHED_WPI
PORTWATCH,port498,Ipswich,United Kingdom,LOC_WPI_31550,31550,AUTO_MATCHED_EXACT,MATCHED_WPI
PORTWATCH,port499,Iquique,Chile,LOC_WPI_14760,14760,AUTO_MATCHED_EXACT,MATCHED_WPI
PORTWATCH,port5,Abu Dhabi,United Arab Emirates,PW_PORT_port5,,SOURCE_NATIVE,SOURCE_NATIVE
PORTWATCH,port50,Andoany,Madagascar,LOC_WPI_47360,47360,AUTO_MATCHED_EXACT,MATCHED_WPI
PORTWATCH,port500,Heraklion,Greece,PW_PORT_port500,,SOURCE_NATIVE,SOURCE_NATIVE
PORTWATCH,port501,Ishikariwan-Shinko,Japan,PW_PORT_port501,,SOURCE_NATIVE,SOURCE_NATIVE
PORTWATCH,port502,Ishinomaki,Japan,LOC_WPI_61340,61340,AUTO_MATCHED_FUZZY,MATCHED_WPI
PORTWATCH,port503,Iskenderun,Türkiye,LOC_WPI_44880,44880,AUTO_MATCHED_COUNTRY_ALIAS,MATCHED_WPI
PORTWATCH,port504,Istanbul,Türkiye,LOC_WPI_43420,43420,AUTO_MATCHED_COUNTRY_ALIAS,MATCHED_WPI
PORTWATCH,port505,Itajaí,Brazil,LOC_WPI_13020,13020,AUTO_MATCHED_EXACT,MATCHED_WPI
PORTWATCH,port506,Itaqui,Brazil,LOC_WPI_12585,12585,AUTO_MATCHED_EXACT,MATCHED_WPI
PORTWATCH,port507,Inverness,United Kingdom,LOC_WPI_32330,32330,AUTO_MATCHED_EXACT,MATCHED_WPI
PORTWATCH,port508,Iwakuni,Japan,PW_PORT_port508,,SOURCE_NATIVE,SOURCE_NATIVE
PORTWATCH,port509,Izhevskoye,Russian Federation,PW_PORT_port509,,SOURCE_NATIVE,SOURCE_NATIVE
PORTWATCH,port51,Caucedo,Dominican Republic,PW_PORT_port51,,SOURCE_NATIVE,SOURCE_NATIVE
PORTWATCH,port510,Izmir,Türkiye,LOC_WPI_44750,44750,AUTO_MATCHED_COUNTRY_ALIAS,MATCHED_WPI
PORTWATCH,port511,Jaigad Port,India,PW_PORT_port511,,SOURCE_NATIVE,SOURCE_NATIVE
PORTWATCH,port512,Jabal Az Zannah-Ruways,United Arab Emirates,LOC_WPI_48282,48282,AUTO_MATCHED_EXACT,MATCHED_WPI
PORTWATCH,port513,Jacksonville,United States,LOC_WPI_8580,8580,AUTO_MATCHED_EXACT,MATCHED_WPI
PORTWATCH,port514,Tanjung Priok,Indonesia,PW_PORT_port514,,SOURCE_NATIVE,SOURCE_NATIVE
PORTWATCH,port515,Jakobstad,Finland,PW_PORT_port515,,SOURCE_NATIVE,SOURCE_NATIVE
PORTWATCH,port516,Jayapura,Indonesia,LOC_WPI_53133,53133,AUTO_MATCHED_EXACT,MATCHED_WPI
PORTWATCH,port517,Jiangyin,China,LOC_WPI_59985,59985,AUTO_MATCHED_EXACT,MATCHED_WPI
PORTWATCH,port518,Jeddah,Saudi Arabia,PW_PORT_port518,,SOURCE_NATIVE,SOURCE_NATIVE
PORTWATCH,port519,Shoaiba,Saudi Arabia,PW_PORT_port519,,SOURCE_NATIVE,SOURCE_NATIVE
PORTWATCH,port52,Anguilla,Anguilla,PW_PORT_port52,,SOURCE_NATIVE,SOURCE_NATIVE
PORTWATCH,port520,"Jimenez, Ozamis",Philippines,PW_PORT_port520,,SOURCE_NATIVE,SOURCE_NATIVE
PORTWATCH,port521,Jinzhou,China,PW_PORT_port521,,SOURCE_NATIVE,SOURCE_NATIVE
PORTWATCH,port522,Joensuu,Finland,PW_PORT_port522,,SOURCE_NATIVE,SOURCE_NATIVE
PORTWATCH,port523,Johor,Malaysia,LOC_WPI_49982,49982,AUTO_MATCHED_EXACT,MATCHED_WPI
PORTWATCH,port524,Jose Terminal,Venezuela,LOC_WPI_12180,12180,AUTO_MATCHED_EXACT,MATCHED_WPI
PORTWATCH,port525,Joutseno,Finland,PW_PORT_port525,,SOURCE_NATIVE,SOURCE_NATIVE
PORTWATCH,port526,Juaymah,Saudi Arabia,PW_PORT_port526,,SOURCE_NATIVE,SOURCE_NATIVE
PORTWATCH,port527,Gebze,Türkiye,LOC_WPI_44622,44622,AUTO_MATCHED_COUNTRY_ALIAS,MATCHED_WPI
PORTWATCH,port528,Kagoshima,Japan,PW_PORT_port528,,SOURCE_NATIVE,SOURCE_NATIVE
PORTWATCH,port529,Kakinada,India,PW_PORT_port529,,SOURCE_NATIVE,SOURCE_NATIVE
PORTWATCH,port53,Annaba,Algeria,LOC_WPI_45490,45490,AUTO_MATCHED_EXACT,MATCHED_WPI
PORTWATCH,port530,Kaliningrad,Russian Federation,LOC_WPI_28690,28690,AUTO_MATCHED_COUNTRY_ALIAS,MATCHED_WPI
PORTWATCH,port531,Kalmar,Sweden,LOC_WPI_24570,24570,AUTO_MATCHED_EXACT,MATCHED_WPI
PORTWATCH,port532,Kalundborg,Denmark,LOC_WPI_29490,29490,AUTO_MATCHED_EXACT,MATCHED_WPI
PORTWATCH,port533,Kamaishi,Japan,PW_PORT_port533,,SOURCE_NATIVE,SOURCE_NATIVE
PORTWATCH,port534,Kamarajar Port,India,LOC_WPI_49454,49454,AUTO_MATCHED_EXACT,MATCHED_WPI
PORTWATCH,port535,Kâmpóng Saôm,Cambodia,LOC_WPI_57485,57485,AUTO_MATCHED_EXACT,MATCHED_WPI
PORTWATCH,port536,Kamsar,Guinea,LOC_WPI_45850,45850,AUTO_MATCHED_EXACT,MATCHED_WPI
PORTWATCH,port537,Kanazawa,Japan,LOC_WPI_61822,61822,AUTO_MATCHED_EXACT,MATCHED_WPI
PORTWATCH,port538,Kanda,Japan,LOC_WPI_62145,62145,AUTO_MATCHED_EXACT,MATCHED_WPI
PORTWATCH,port539,Kandalaksha,Russian Federation,LOC_WPI_62890,62890,AUTO_MATCHED_COUNTRY_ALIAS,MATCHED_WPI
PORTWATCH,port54,Port Akdeniz,Türkiye,PW_PORT_port54,,SOURCE_NATIVE,SOURCE_NATIVE
PORTWATCH,port540,Kandla,India,LOC_WPI_48630,48630,AUTO_MATCHED_EXACT,MATCHED_WPI
PORTWATCH,port541,Kaohsiung,Taiwan Province of China,PW_PORT_port541,,SOURCE_NATIVE,SOURCE_NATIVE
PORTWATCH,port542,Karabiga,Türkiye,LOC_WPI_44670,44670,AUTO_MATCHED_COUNTRY_ALIAS,MATCHED_WPI
PORTWATCH,port543,Karachi,Pakistan,LOC_WPI_48600,48600,AUTO_MATCHED_EXACT,MATCHED_WPI
PORTWATCH,port544,Karaikal,India,PW_PORT_port544,,SOURCE_NATIVE,SOURCE_NATIVE
PORTWATCH,port545,Karatsu,Japan,LOC_WPI_62420,62420,AUTO_MATCHED_EXACT,MATCHED_WPI
PORTWATCH,port546,Karlshamn,Sweden,LOC_WPI_24370,24370,AUTO_MATCHED_EXACT,MATCHED_WPI
PORTWATCH,port547,Kårstø,Norway,PW_PORT_port547,,SOURCE_NATIVE,SOURCE_NATIVE
PORTWATCH,port548,Kashima-Ibaraki,Japan,PW_PORT_port548,,SOURCE_NATIVE,SOURCE_NATIVE
PORTWATCH,port549,Kasim Terminal,Indonesia,LOC_WPI_53045,53045,AUTO_MATCHED_EXACT,MATCHED_WPI
PORTWATCH,port55,Antsiranana (Diego Suarez),Madagascar,PW_PORT_port55,,SOURCE_NATIVE,SOURCE_NATIVE
PORTWATCH,port550,Kaskinen,Finland,LOC_WPI_27670,27670,AUTO_MATCHED_EXACT,MATCHED_WPI
PORTWATCH,port551,Kaukas,Finland,PW_PORT_port551,,SOURCE_NATIVE,SOURCE_NATIVE
PORTWATCH,port552,Kavála,Greece,LOC_WPI_42600,42600,AUTO_MATCHED_EXACT,MATCHED_WPI
PORTWATCH,port553,Kavieng Harbor,Papua New Guinea,LOC_WPI_56760,56760,AUTO_MATCHED_EXACT,MATCHED_WPI
PORTWATCH,port554,Kavkaz,Russian Federation,PW_PORT_port554,,SOURCE_NATIVE,SOURCE_NATIVE
PORTWATCH,port555,Kawasaki,Japan,PW_PORT_port555,,SOURCE_NATIVE,SOURCE_NATIVE
PORTWATCH,port556,Kemaman Harbor,Malaysia,LOC_WPI_57411,57411,AUTO_MATCHED_EXACT,MATCHED_WPI
PORTWATCH,port557,Kemi,Finland,LOC_WPI_27410,27410,AUTO_MATCHED_EXACT,MATCHED_WPI
PORTWATCH,port558,Kendari,Indonesia,LOC_WPI_52240,52240,AUTO_MATCHED_EXACT,MATCHED_WPI
PORTWATCH,port559,Kerch,Ukraine,LOC_WPI_43900,43900,AUTO_MATCHED_EXACT,MATCHED_WPI
PORTWATCH,port56,Antofagasta,Chile,LOC_WPI_14660,14660,AUTO_MATCHED_EXACT,MATCHED_WPI
PORTWATCH,port561,Khor Fakkan,United Arab Emirates,LOC_WPI_48263,48263,AUTO_MATCHED_FUZZY,MATCHED_WPI
PORTWATCH,port562,Khoms,Libya,LOC_WPI_45323,45323,AUTO_MATCHED_EXACT,MATCHED_WPI
PORTWATCH,port563,Khorramshahr,Iran,LOC_WPI_48420,48420,AUTO_MATCHED_EXACT,MATCHED_WPI
PORTWATCH,port564,Kiel,Germany,LOC_WPI_28930,28930,AUTO_MATCHED_EXACT,MATCHED_WPI
PORTWATCH,port565,Kieta,Papua New Guinea,LOC_WPI_56855,56855,AUTO_MATCHED_EXACT,MATCHED_WPI
PORTWATCH,port566,Kiire,Japan,LOC_WPI_62225,62225,AUTO_MATCHED_EXACT,MATCHED_WPI
PORTWATCH,port567,Kikuma,Japan,PW_PORT_port567,,SOURCE_NATIVE,SOURCE_NATIVE
PORTWATCH,port569,Kimbe,Papua New Guinea,LOC_WPI_56835,56835,AUTO_MATCHED_EXACT,MATCHED_WPI
PORTWATCH,port57,Antwerp,Belgium,PW_PORT_port57,,SOURCE_NATIVE,SOURCE_NATIVE
PORTWATCH,port570,Yanbu (King Fahd Port),Saudi Arabia,PW_PORT_port570,,SOURCE_NATIVE,SOURCE_NATIVE
PORTWATCH,port571,King's Lynn,United Kingdom,LOC_WPI_31610,31610,AUTO_MATCHED_EXACT,MATCHED_WPI
PORTWATCH,port572,Kingston,Jamaica,LOC_WPI_10770,10770,AUTO_MATCHED_EXACT,MATCHED_WPI
PORTWATCH,port573,Hull,United Kingdom,PW_PORT_port573,,SOURCE_NATIVE,SOURCE_NATIVE
PORTWATCH,port574,Kingstown,St.  Vincent and the Grenadines,LOC_WPI_11640,11640,AUTO_MATCHED_COUNTRY_ALIAS,MATCHED_WPI
PORTWATCH,port575,Kinuura,Japan,PW_PORT_port575,,SOURCE_NATIVE,SOURCE_NATIVE
PORTWATCH,port576,Kiritimati,Kiribati,PW_PORT_port576,,SOURCE_NATIVE,SOURCE_NATIVE
PORTWATCH,port577,Kirteh Oil Terminal,Malaysia,LOC_WPI_57415,57415,AUTO_MATCHED_EXACT,MATCHED_WPI
PORTWATCH,port578,Kisarazu,Japan,PW_PORT_port578,,SOURCE_NATIVE,SOURCE_NATIVE
PORTWATCH,port579,Klaipeda,Lithuania,LOC_WPI_28660,28660,AUTO_MATCHED_EXACT,MATCHED_WPI
PORTWATCH,port58,Bandar-e Anzali,Iran,PW_PORT_port58,,SOURCE_NATIVE,SOURCE_NATIVE
PORTWATCH,port581,Kobe,Japan,LOC_WPI_61560,61560,AUTO_MATCHED_EXACT,MATCHED_WPI
PORTWATCH,port582,København,Denmark,PW_PORT_port582,,SOURCE_NATIVE,SOURCE_NATIVE
PORTWATCH,port583,Cochin (Kochi),India,PW_PORT_port583,,SOURCE_NATIVE,SOURCE_NATIVE
PORTWATCH,port584,Kochi,Japan,PW_PORT_port584,,SOURCE_NATIVE,SOURCE_NATIVE
PORTWATCH,port585,Køge,Denmark,PW_PORT_port585,,SOURCE_NATIVE,SOURCE_NATIVE
PORTWATCH,port586,Kokkola,Finland,LOC_WPI_27560,27560,AUTO_MATCHED_EXACT,MATCHED_WPI
PORTWATCH,port587,Koko,Nigeria,LOC_WPI_46140,46140,AUTO_MATCHED_EXACT,MATCHED_WPI
PORTWATCH,port588,Kolding,Denmark,LOC_WPI_30160,30160,AUTO_MATCHED_EXACT,MATCHED_WPI
PORTWATCH,port589,Komatsushima,Japan,LOC_WPI_61960,61960,AUTO_MATCHED_EXACT,MATCHED_WPI
PORTWATCH,port59,Aomori,Japan,PW_PORT_port59,,SOURCE_NATIVE,SOURCE_NATIVE
PORTWATCH,port590,Kondopoga,Russian Federation,PW_PORT_port590,,SOURCE_NATIVE,SOURCE_NATIVE
PORTWATCH,port591,Koolan,Australia,PW_PORT_port591,,SOURCE_NATIVE,SOURCE_NATIVE
PORTWATCH,port592,Koper,Slovenia,LOC_WPI_40860,40860,AUTO_MATCHED_EXACT,MATCHED_WPI
PORTWATCH,port594,Korsakov,Russian Federation,LOC_WPI_60920,60920,AUTO_MATCHED_COUNTRY_ALIAS,MATCHED_WPI
PORTWATCH,port595,Kota Baru,Indonesia,LOC_WPI_51860,51860,AUTO_MATCHED_EXACT,MATCHED_WPI
PORTWATCH,port596,Kota Kinabalu,Malaysia,LOC_WPI_51690,51690,AUTO_MATCHED_EXACT,MATCHED_WPI
PORTWATCH,port597,Kotka,Finland,LOC_WPI_28230,28230,AUTO_MATCHED_EXACT,MATCHED_WPI
PORTWATCH,port598,Kralendijk,"Bonaire,  Saint Eustatius and Saba",LOC_WPI_11780,11780,AUTO_MATCHED_COUNTRY_ALIAS,MATCHED_WPI
PORTWATCH,port599,Krishnapatnam Port,India,PW_PORT_port599,,SOURCE_NATIVE,SOURCE_NATIVE
PORTWATCH,port6,Acajutla,El Salvador,LOC_WPI_15640,15640,AUTO_MATCHED_EXACT,MATCHED_WPI
PORTWATCH,port60,Apia,Samoa,LOC_WPI_55670,55670,AUTO_MATCHED_EXACT,MATCHED_WPI
PORTWATCH,port600,Kristiansand,Norway,LOC_WPI_23550,23550,AUTO_MATCHED_EXACT,MATCHED_WPI
PORTWATCH,port601,Kristiansund,Norway,LOC_WPI_23100,23100,AUTO_MATCHED_EXACT,MATCHED_WPI
PORTWATCH,port603,Kuantan,Malaysia,PW_PORT_port603,,SOURCE_NATIVE,SOURCE_NATIVE
PORTWATCH,port604,Kuching,Malaysia,LOC_WPI_51560,51560,AUTO_MATCHED_EXACT,MATCHED_WPI
PORTWATCH,port605,Kudamatsu,Japan,LOC_WPI_61675,61675,AUTO_MATCHED_EXACT,MATCHED_WPI
PORTWATCH,port606,Kulevi Oil Terminal,Georgia,PW_PORT_port606,,SOURCE_NATIVE,SOURCE_NATIVE
PORTWATCH,port607,Kunda,Estonia,LOC_WPI_28440,28440,AUTO_MATCHED_EXACT,MATCHED_WPI
PORTWATCH,port608,Gunsan,Korea,PW_PORT_port608,,SOURCE_NATIVE,SOURCE_NATIVE
PORTWATCH,port609,Kupang,Indonesia,LOC_WPI_51400,51400,AUTO_MATCHED_EXACT,MATCHED_WPI
PORTWATCH,port61,Apra Harbor,Guam,LOC_WPI_56550,56550,AUTO_MATCHED_EXACT,MATCHED_WPI
PORTWATCH,port610,Kure,Japan,LOC_WPI_61640,61640,AUTO_MATCHED_EXACT,MATCHED_WPI
PORTWATCH,port611,Kushiro,Japan,PW_PORT_port611,,SOURCE_NATIVE,SOURCE_NATIVE
PORTWATCH,port612,Ebeye,Marshall Islands,PW_PORT_port612,,SOURCE_NATIVE,SOURCE_NATIVE
PORTWATCH,port614,LNG Tangguh,Indonesia,PW_PORT_port614,,SOURCE_NATIVE,SOURCE_NATIVE
PORTWATCH,port615,La Baie (Port Alfred),Canada,LOC_WPI_2110,2110,AUTO_MATCHED_EXACT,MATCHED_WPI
PORTWATCH,port617,La Coruna,Spain,LOC_WPI_37770,37770,AUTO_MATCHED_EXACT,MATCHED_WPI
PORTWATCH,port618,La Guaira,Venezuela,LOC_WPI_12150,12150,AUTO_MATCHED_EXACT,MATCHED_WPI
PORTWATCH,port619,La Libertad,Ecuador,LOC_WPI_15290,15290,AUTO_MATCHED_EXACT,MATCHED_WPI
PORTWATCH,port62,Aratu,Brazil,LOC_WPI_12772,12772,AUTO_MATCHED_EXACT,MATCHED_WPI
PORTWATCH,port620,La Pallice,France,LOC_WPI_37000,37000,AUTO_MATCHED_EXACT,MATCHED_WPI
PORTWATCH,port621,La Plata,Argentina,LOC_WPI_13770,13770,AUTO_MATCHED_EXACT,MATCHED_WPI
PORTWATCH,port622,La Spezia,Italy,LOC_WPI_39520,39520,AUTO_MATCHED_EXACT,MATCHED_WPI
PORTWATCH,port624,Lae,Papua New Guinea,LOC_WPI_53230,53230,AUTO_MATCHED_EXACT,MATCHED_WPI
PORTWATCH,port625,Lafarge,Indonesia,PW_PORT_port625,,SOURCE_NATIVE,SOURCE_NATIVE
PORTWATCH,port626,Lagos,Nigeria,LOC_WPI_46130,46130,AUTO_MATCHED_EXACT,MATCHED_WPI
PORTWATCH,port628,Lahad Datu,Malaysia,LOC_WPI_51730,51730,AUTO_MATCHED_EXACT,MATCHED_WPI
PORTWATCH,port629,Lake Charles,United States,LOC_WPI_9040,9040,AUTO_MATCHED_EXACT,MATCHED_WPI
PORTWATCH,port63,Arawak,Barbados,PW_PORT_port63,,SOURCE_NATIVE,SOURCE_NATIVE
PORTWATCH,port630,Lakselv,Norway,LOC_WPI_22295,22295,AUTO_MATCHED_EXACT,MATCHED_WPI
PORTWATCH,port631,Lamu,Kenya,LOC_WPI_47110,47110,AUTO_MATCHED_EXACT,MATCHED_WPI
PORTWATCH,port632,Lanqiao Port,China,PW_PORT_port632,,SOURCE_NATIVE,SOURCE_NATIVE
PORTWATCH,port633,Larnaca,Cyprus,LOC_WPI_44960,44960,AUTO_MATCHED_EXACT,MATCHED_WPI
PORTWATCH,port634,Larvik,Norway,LOC_WPI_23700,23700,AUTO_MATCHED_EXACT,MATCHED_WPI
PORTWATCH,port635,Las Palmas (de Gran Canaria),Spain,PW_PORT_port635,,SOURCE_NATIVE,SOURCE_NATIVE
PORTWATCH,port636,Lautoka,Fiji,PW_PORT_port636,,SOURCE_NATIVE,SOURCE_NATIVE
PORTWATCH,port637,Lazaro Cardenas,Mexico,LOC_WPI_15765,15765,AUTO_MATCHED_EXACT,MATCHED_WPI
PORTWATCH,port638,Saint-Brieuc,France,PW_PORT_port638,,SOURCE_NATIVE,SOURCE_NATIVE
PORTWATCH,port639,Leith,United Kingdom,LOC_WPI_31930,31930,AUTO_MATCHED_EXACT,MATCHED_WPI
PORTWATCH,port64,Årdalstangen,Norway,LOC_WPI_23136,23136,AUTO_MATCHED_EXACT,MATCHED_WPI
PORTWATCH,port640,Kosrae,Micronesia,PW_PORT_port640,,SOURCE_NATIVE,SOURCE_NATIVE
PORTWATCH,port642,Les Sables D' Olonne,France,LOC_WPI_36960,36960,AUTO_MATCHED_EXACT,MATCHED_WPI
PORTWATCH,port643,Levuka,Fiji,LOC_WPI_55550,55550,AUTO_MATCHED_EXACT,MATCHED_WPI
PORTWATCH,port644,Lianyungang,China,LOC_WPI_60130,60130,AUTO_MATCHED_EXACT,MATCHED_WPI
PORTWATCH,port646,Liepaja,Latvia,LOC_WPI_28640,28640,AUTO_MATCHED_EXACT,MATCHED_WPI
PORTWATCH,port647,Limassol,Cyprus,LOC_WPI_44950,44950,AUTO_MATCHED_EXACT,MATCHED_WPI
PORTWATCH,port648,Limerick,Ireland,LOC_WPI_34110,34110,AUTO_MATCHED_EXACT,MATCHED_WPI
PORTWATCH,port649,Limetree Bay,United States Virgin Islands,LOC_WPI_11335,11335,AUTO_MATCHED_COUNTRY_ALIAS,MATCHED_WPI
PORTWATCH,port65,Ardal,Norway,PW_PORT_port65,,SOURCE_NATIVE,SOURCE_NATIVE
PORTWATCH,port650,Linden,Guyana,LOC_WPI_12380,12380,AUTO_MATCHED_EXACT,MATCHED_WPI
PORTWATCH,port651,Lingkas,Indonesia,LOC_WPI_51780,51780,AUTO_MATCHED_EXACT,MATCHED_WPI
PORTWATCH,port652,Lirquen,Chile,LOC_WPI_14425,14425,AUTO_MATCHED_EXACT,MATCHED_WPI
PORTWATCH,port653,Lisboa,Portugal,LOC_WPI_37990,37990,AUTO_MATCHED_EXACT,MATCHED_WPI
PORTWATCH,port654,Liverpool,United Kingdom,LOC_WPI_34690,34690,AUTO_MATCHED_EXACT,MATCHED_WPI
PORTWATCH,port655,Livorno,Italy,LOC_WPI_39590,39590,AUTO_MATCHED_EXACT,MATCHED_WPI
PORTWATCH,port656,Lobito,Angola,LOC_WPI_46590,46590,AUTO_MATCHED_EXACT,MATCHED_WPI
PORTWATCH,port657,Lome,Togo,LOC_WPI_46090,46090,AUTO_MATCHED_EXACT,MATCHED_WPI
PORTWATCH,port658,London,United Kingdom,LOC_WPI_31470,31470,AUTO_MATCHED_EXACT,MATCHED_WPI
PORTWATCH,port659,London Gateway,United Kingdom,PW_PORT_port659,,SOURCE_NATIVE,SOURCE_NATIVE
PORTWATCH,port66,Argentia,Canada,LOC_WPI_1710,1710,AUTO_MATCHED_EXACT,MATCHED_WPI
PORTWATCH,port660,Londonderry,United Kingdom,LOC_WPI_33830,33830,AUTO_MATCHED_EXACT,MATCHED_WPI
PORTWATCH,port661,Longkou Gang,China,LOC_WPI_60170,60170,AUTO_MATCHED_EXACT,MATCHED_WPI
PORTWATCH,port662,Longyan Port,China,PW_PORT_port662,,SOURCE_NATIVE,SOURCE_NATIVE
PORTWATCH,port663,Lorient,France,LOC_WPI_36680,36680,AUTO_MATCHED_EXACT,MATCHED_WPI
PORTWATCH,port664,Los Angeles-Long Beach,United States,PW_PORT_port664,,SOURCE_NATIVE,SOURCE_NATIVE
PORTWATCH,port665,Luanda,Angola,LOC_WPI_46560,46560,AUTO_MATCHED_EXACT,MATCHED_WPI
PORTWATCH,port666,Luba,Equatorial Guinea,LOC_WPI_46330,46330,AUTO_MATCHED_EXACT,MATCHED_WPI
PORTWATCH,port667,Lubeck-Travemunde,Germany,LOC_WPI_28880,28880,AUTO_MATCHED_EXACT,MATCHED_WPI
PORTWATCH,port668,Luderitz Bay,Namibia,LOC_WPI_46650,46650,AUTO_MATCHED_EXACT,MATCHED_WPI
PORTWATCH,port669,Luganville,Vanuatu,LOC_WPI_57200,57200,AUTO_MATCHED_EXACT,MATCHED_WPI
PORTWATCH,port67,Aarhus,Denmark,PW_PORT_port67,,SOURCE_NATIVE,SOURCE_NATIVE
PORTWATCH,port670,Luleå,Sweden,LOC_WPI_27220,27220,AUTO_MATCHED_EXACT,MATCHED_WPI
PORTWATCH,port671,Lumut,Brunei Darussalam,PW_PORT_port671,,SOURCE_NATIVE,SOURCE_NATIVE
PORTWATCH,port672,Lumut,Malaysia,LOC_WPI_49890,49890,AUTO_MATCHED_EXACT,MATCHED_WPI
PORTWATCH,port673,Macaé,Brazil,LOC_WPI_12890,12890,AUTO_MATCHED_EXACT,MATCHED_WPI
PORTWATCH,port674,Macau,Macao SAR,LOC_WPI_57810,57810,AUTO_MATCHED_COUNTRY_ALIAS,MATCHED_WPI
PORTWATCH,port675,Mackay,Australia,LOC_WPI_53400,53400,AUTO_MATCHED_EXACT,MATCHED_WPI
PORTWATCH,port676,Madang,Papua New Guinea,LOC_WPI_53250,53250,AUTO_MATCHED_EXACT,MATCHED_WPI
PORTWATCH,port677,Madre De Deus,Brazil,LOC_WPI_12775,12775,AUTO_MATCHED_EXACT,MATCHED_WPI
PORTWATCH,port678,Hambantota,Sri Lanka,LOC_WPI_49255,49255,AUTO_MATCHED_EXACT,MATCHED_WPI
PORTWATCH,port679,Magdalla,India,LOC_WPI_48770,48770,AUTO_MATCHED_EXACT,MATCHED_WPI
PORTWATCH,port68,Arkhangelsk,Russian Federation,PW_PORT_port68,,SOURCE_NATIVE,SOURCE_NATIVE
PORTWATCH,port680,Majunga,Madagascar,PW_PORT_port680,,SOURCE_NATIVE,SOURCE_NATIVE
PORTWATCH,port681,Mailiao,Taiwan Province of China,LOC_WPI_57953,57953,AUTO_MATCHED_COUNTRY_ALIAS,MATCHED_WPI
PORTWATCH,port682,Maizuru,Japan,PW_PORT_port682,,SOURCE_NATIVE,SOURCE_NATIVE
PORTWATCH,port683,Majuro,Marshall Islands,PW_PORT_port683,,SOURCE_NATIVE,SOURCE_NATIVE
PORTWATCH,port684,Makhachkala,Russian Federation,PW_PORT_port684,,SOURCE_NATIVE,SOURCE_NATIVE
PORTWATCH,port685,Malabo,Equatorial Guinea,LOC_WPI_46320,46320,AUTO_MATCHED_EXACT,MATCHED_WPI
PORTWATCH,port686,Malaga,Spain,LOC_WPI_38370,38370,AUTO_MATCHED_EXACT,MATCHED_WPI
PORTWATCH,port687,Malau,Fiji,PW_PORT_port687,,SOURCE_NATIVE,SOURCE_NATIVE
PORTWATCH,port688,Malakal,Palau,PW_PORT_port688,,SOURCE_NATIVE,SOURCE_NATIVE
PORTWATCH,port689,Male,Maldives,LOC_WPI_49200,49200,AUTO_MATCHED_EXACT,MATCHED_WPI
PORTWATCH,port69,Arrecife,Spain,LOC_WPI_38190,38190,AUTO_MATCHED_EXACT,MATCHED_WPI
PORTWATCH,port690,Malmö,Sweden,LOC_WPI_24210,24210,AUTO_MATCHED_EXACT,MATCHED_WPI
PORTWATCH,port691,Malongo,Angola,PW_PORT_port691,,SOURCE_NATIVE,SOURCE_NATIVE
PORTWATCH,port692,Måløy,Norway,PW_PORT_port692,,SOURCE_NATIVE,SOURCE_NATIVE
PORTWATCH,port693,Manaus,Brazil,LOC_WPI_12560,12560,AUTO_MATCHED_EXACT,MATCHED_WPI
PORTWATCH,port694,Manila,Philippines,LOC_WPI_58370,58370,AUTO_MATCHED_EXACT,MATCHED_WPI
PORTWATCH,port695,Manitowoc,United States,LOC_WPI_4890,4890,AUTO_MATCHED_EXACT,MATCHED_WPI
PORTWATCH,port696,Manokwari Road,Indonesia,LOC_WPI_53010,53010,AUTO_MATCHED_EXACT,MATCHED_WPI
PORTWATCH,port697,Manta,Ecuador,LOC_WPI_15310,15310,AUTO_MATCHED_EXACT,MATCHED_WPI
PORTWATCH,port698,Mäntyluoto,Finland,LOC_WPI_27750,27750,AUTO_MATCHED_EXACT,MATCHED_WPI
PORTWATCH,port699,Manzanillo,Mexico,LOC_WPI_15770,15770,AUTO_MATCHED_EXACT,MATCHED_WPI
PORTWATCH,port7,Acapulco,Mexico,LOC_WPI_15760,15760,AUTO_MATCHED_EXACT,MATCHED_WPI
PORTWATCH,port70,Arzew,Algeria,LOC_WPI_45630,45630,AUTO_MATCHED_EXACT,MATCHED_WPI
PORTWATCH,port700,Manzanillo,Panama,PW_PORT_port700,,SOURCE_NATIVE,SOURCE_NATIVE
PORTWATCH,port701,Map Ta Phut,Thailand,LOC_WPI_57437,57437,AUTO_MATCHED_EXACT,MATCHED_WPI
PORTWATCH,port702,Maputo,Mozambique,LOC_WPI_46870,46870,AUTO_MATCHED_EXACT,MATCHED_WPI
PORTWATCH,port703,Maracaibo,Venezuela,LOC_WPI_11960,11960,AUTO_MATCHED_EXACT,MATCHED_WPI
PORTWATCH,port704,Mariel,Cuba,LOC_WPI_10090,10090,AUTO_MATCHED_EXACT,MATCHED_WPI
PORTWATCH,port705,Marin,Spain,LOC_WPI_37860,37860,AUTO_MATCHED_EXACT,MATCHED_WPI
PORTWATCH,port706,Marina Di Carrara,Italy,LOC_WPI_39550,39550,AUTO_MATCHED_EXACT,MATCHED_WPI
PORTWATCH,port707,Mariupol,Ukraine,LOC_WPI_44010,44010,AUTO_MATCHED_EXACT,MATCHED_WPI
PORTWATCH,port708,Markenes,Norway,PW_PORT_port708,,SOURCE_NATIVE,SOURCE_NATIVE
PORTWATCH,port709,Mormugao,India,PW_PORT_port709,,SOURCE_NATIVE,SOURCE_NATIVE
PORTWATCH,port71,As Suways,Egypt,LOC_WPI_48040,48040,AUTO_MATCHED_EXACT,MATCHED_WPI
PORTWATCH,port710,Mellitah,Libya,PW_PORT_port710,,SOURCE_NATIVE,SOURCE_NATIVE
PORTWATCH,port711,Marsaxlokk,Malta,LOC_WPI_40340,40340,AUTO_MATCHED_EXACT,MATCHED_WPI
PORTWATCH,port712,Marseille,France,LOC_WPI_38810,38810,AUTO_MATCHED_EXACT,MATCHED_WPI
PORTWATCH,port714,Marugame,Japan,PW_PORT_port714,,SOURCE_NATIVE,SOURCE_NATIVE
PORTWATCH,port715,Masan,Korea,LOC_WPI_60380,60380,AUTO_MATCHED_COUNTRY_ALIAS,MATCHED_WPI
PORTWATCH,port716,Masao,Philippines,LOC_WPI_59343,59343,AUTO_MATCHED_EXACT,MATCHED_WPI
PORTWATCH,port717,Matadi,Democratic Republic of the Congo,LOC_WPI_46530,46530,AUTO_MATCHED_COUNTRY_ALIAS,MATCHED_WPI
PORTWATCH,port718,Matanzas,Cuba,LOC_WPI_10110,10110,AUTO_MATCHED_EXACT,MATCHED_WPI
PORTWATCH,port719,Matsusaka,Japan,LOC_WPI_61495,61495,AUTO_MATCHED_EXACT,MATCHED_WPI
PORTWATCH,port72,Sharjah,United Arab Emirates,PW_PORT_port72,,SOURCE_NATIVE,SOURCE_NATIVE
PORTWATCH,port720,Matsuyama,Japan,LOC_WPI_62030,62030,AUTO_MATCHED_EXACT,MATCHED_WPI
PORTWATCH,port721,Matthew Town,The Bahamas,LOC_WPI_10010,10010,AUTO_MATCHED_EXACT,MATCHED_WPI
PORTWATCH,port722,Maumere,Indonesia,LOC_WPI_51320,51320,AUTO_MATCHED_EXACT,MATCHED_WPI
PORTWATCH,port723,Mazatlan,Mexico,LOC_WPI_15810,15810,AUTO_MATCHED_EXACT,MATCHED_WPI
PORTWATCH,port724,Mbulo,Solomon Islands,PW_PORT_port724,,SOURCE_NATIVE,SOURCE_NATIVE
PORTWATCH,port726,Medway,United Kingdom,PW_PORT_port726,,SOURCE_NATIVE,SOURCE_NATIVE
PORTWATCH,port727,Medway City,United Kingdom,PW_PORT_port727,,SOURCE_NATIVE,SOURCE_NATIVE
PORTWATCH,port728,Mejillones,Chile,LOC_WPI_14670,14670,AUTO_MATCHED_EXACT,MATCHED_WPI
PORTWATCH,port729,Melbourne,Australia,LOC_WPI_54030,54030,AUTO_MATCHED_EXACT,MATCHED_WPI
PORTWATCH,port73,Ashdod,Israel,LOC_WPI_45100,45100,AUTO_MATCHED_EXACT,MATCHED_WPI
PORTWATCH,port730,Menominee,United States,LOC_WPI_5030,5030,AUTO_MATCHED_EXACT,MATCHED_WPI
PORTWATCH,port731,Merak Mas Terminal,Indonesia,LOC_WPI_50922,50922,AUTO_MATCHED_EXACT,MATCHED_WPI
PORTWATCH,port732,Merauke,Indonesia,LOC_WPI_53130,53130,AUTO_MATCHED_EXACT,MATCHED_WPI
PORTWATCH,port733,Sfax,Tunisia,PW_PORT_port733,,SOURCE_NATIVE,SOURCE_NATIVE
PORTWATCH,port734,Marsa Tobruk,Libya,PW_PORT_port734,,SOURCE_NATIVE,SOURCE_NATIVE
PORTWATCH,port735,Mersin,Türkiye,LOC_WPI_44860,44860,AUTO_MATCHED_COUNTRY_ALIAS,MATCHED_WPI
PORTWATCH,port736,Miami,United States,LOC_WPI_8640,8640,AUTO_MATCHED_EXACT,MATCHED_WPI
PORTWATCH,port737,Midia,Romania,LOC_WPI_43568,43568,AUTO_MATCHED_EXACT,MATCHED_WPI
PORTWATCH,port738,Mikawa,Japan,LOC_WPI_61465,61465,AUTO_MATCHED_EXACT,MATCHED_WPI
PORTWATCH,port739,Milazzo,Italy,LOC_WPI_40110,40110,AUTO_MATCHED_EXACT,MATCHED_WPI
PORTWATCH,port74,Ashkelon,Israel,PW_PORT_port74,,SOURCE_NATIVE,SOURCE_NATIVE
PORTWATCH,port740,Milford Haven,United Kingdom,LOC_WPI_34880,34880,AUTO_MATCHED_EXACT,MATCHED_WPI
PORTWATCH,port741,Milner Bay,Australia,LOC_WPI_54671,54671,AUTO_MATCHED_EXACT,MATCHED_WPI
PORTWATCH,port742,Milwaukee,United States,LOC_WPI_4860,4860,AUTO_MATCHED_EXACT,MATCHED_WPI
PORTWATCH,port743,Mina Al Ahmadi,Kuwait,LOC_WPI_48361,48361,AUTO_MATCHED_EXACT,MATCHED_WPI
PORTWATCH,port744,Jebel Ali,United Arab Emirates,PW_PORT_port744,,SOURCE_NATIVE,SOURCE_NATIVE
PORTWATCH,port745,Port Sultan Qaboos,Oman,PW_PORT_port745,,SOURCE_NATIVE,SOURCE_NATIVE
PORTWATCH,port746,Salalah,Oman,PW_PORT_port746,,SOURCE_NATIVE,SOURCE_NATIVE
PORTWATCH,port747,Mina Saqr,United Arab Emirates,LOC_WPI_48264,48264,AUTO_MATCHED_EXACT,MATCHED_WPI
PORTWATCH,port748,Tripoli,Libya,PW_PORT_port748,,SOURCE_NATIVE,SOURCE_NATIVE
PORTWATCH,port749,Mishima,Japan,PW_PORT_port749,,SOURCE_NATIVE,SOURCE_NATIVE
PORTWATCH,port75,Asprópirgos,Greece,PW_PORT_port75,,SOURCE_NATIVE,SOURCE_NATIVE
PORTWATCH,port750,Misrata,Libya,PW_PORT_port750,,SOURCE_NATIVE,SOURCE_NATIVE
PORTWATCH,port751,Massawa,Eritrea,PW_PORT_port751,,SOURCE_NATIVE,SOURCE_NATIVE
PORTWATCH,port752,Mizushima,Japan,PW_PORT_port752,,SOURCE_NATIVE,SOURCE_NATIVE
PORTWATCH,port753,Mo i Rana,Norway,LOC_WPI_22760,22760,AUTO_MATCHED_EXACT,MATCHED_WPI
PORTWATCH,port754,Mobile,United States,LOC_WPI_8770,8770,AUTO_MATCHED_EXACT,MATCHED_WPI
PORTWATCH,port755,Chuuk,Micronesia,PW_PORT_port755,,SOURCE_NATIVE,SOURCE_NATIVE
PORTWATCH,port756,Mohammedia,Morocco,LOC_WPI_45790,45790,AUTO_MATCHED_EXACT,MATCHED_WPI
PORTWATCH,port757,Mombasa,Kenya,LOC_WPI_47100,47100,AUTO_MATCHED_EXACT,MATCHED_WPI
PORTWATCH,port758,Monfalcone,Italy,LOC_WPI_40790,40790,AUTO_MATCHED_EXACT,MATCHED_WPI
PORTWATCH,port759,Mongla,Bangladesh,LOC_WPI_49580,49580,AUTO_MATCHED_EXACT,MATCHED_WPI
PORTWATCH,port76,Astrakhan Port,Russian Federation,PW_PORT_port76,,SOURCE_NATIVE,SOURCE_NATIVE
PORTWATCH,port760,Mongstad,Norway,LOC_WPI_23138,23138,AUTO_MATCHED_EXACT,MATCHED_WPI
PORTWATCH,port761,Monopoli,Italy,LOC_WPI_40510,40510,AUTO_MATCHED_EXACT,MATCHED_WPI
PORTWATCH,port762,Monrovia,Liberia,LOC_WPI_45940,45940,AUTO_MATCHED_EXACT,MATCHED_WPI
PORTWATCH,port763,Montego Bay,Jamaica,LOC_WPI_10610,10610,AUTO_MATCHED_EXACT,MATCHED_WPI
PORTWATCH,port764,Montevideo,Uruguay,LOC_WPI_13120,13120,AUTO_MATCHED_EXACT,MATCHED_WPI
PORTWATCH,port765,Montoir,France,LOC_WPI_36855,36855,AUTO_MATCHED_EXACT,MATCHED_WPI
PORTWATCH,port766,Montreal,Canada,LOC_WPI_2235,2235,AUTO_MATCHED_EXACT,MATCHED_WPI
PORTWATCH,port767,Morehead City,United States,LOC_WPI_8430,8430,AUTO_MATCHED_EXACT,MATCHED_WPI
PORTWATCH,port769,Moroni,Comoros,LOC_WPI_47300,47300,AUTO_MATCHED_EXACT,MATCHED_WPI
PORTWATCH,port77,Atapupu,Indonesia,PW_PORT_port77,,SOURCE_NATIVE,SOURCE_NATIVE
PORTWATCH,port770,Moss,Sweden,PW_PORT_port770,,SOURCE_NATIVE,SOURCE_NATIVE
PORTWATCH,port771,Mostaganem,Algeria,LOC_WPI_45620,45620,AUTO_MATCHED_EXACT,MATCHED_WPI
PORTWATCH,port772,Motril,Spain,LOC_WPI_38375,38375,AUTO_MATCHED_EXACT,MATCHED_WPI
PORTWATCH,port773,Mutsamudu,Comoros,PW_PORT_port773,,SOURCE_NATIVE,SOURCE_NATIVE
PORTWATCH,port774,Muara,Brunei Darussalam,PW_PORT_port774,,SOURCE_NATIVE,SOURCE_NATIVE
PORTWATCH,port775,Muhammad Bin Qasim,Pakistan,LOC_WPI_48605,48605,AUTO_MATCHED_FUZZY,MATCHED_WPI
PORTWATCH,port776,Mumbai,India,PW_PORT_port776,,SOURCE_NATIVE,SOURCE_NATIVE
PORTWATCH,port777,Mundra,India,LOC_WPI_48617,48617,AUTO_MATCHED_EXACT,MATCHED_WPI
PORTWATCH,port778,Mogadishu,Somalia,PW_PORT_port778,,SOURCE_NATIVE,SOURCE_NATIVE
PORTWATCH,port779,Murmansk,Russian Federation,LOC_WPI_62950,62950,AUTO_MATCHED_COUNTRY_ALIAS,MATCHED_WPI
PORTWATCH,port780,Muroran,Japan,PW_PORT_port780,,SOURCE_NATIVE,SOURCE_NATIVE
PORTWATCH,port781,Muuga-Port of Tallinn,Estonia,LOC_WPI_28484,28484,AUTO_MATCHED_FUZZY,MATCHED_WPI
PORTWATCH,port782,Mykolaiv,Ukraine,PW_PORT_port782,,SOURCE_NATIVE,SOURCE_NATIVE
PORTWATCH,port783,Naantali,Finland,LOC_WPI_27805,27805,AUTO_MATCHED_EXACT,MATCHED_WPI
PORTWATCH,port784,Nacala,Mozambique,LOC_WPI_46935,46935,AUTO_MATCHED_EXACT,MATCHED_WPI
PORTWATCH,port785,Nagasaki,Japan,LOC_WPI_62360,62360,AUTO_MATCHED_EXACT,MATCHED_WPI
PORTWATCH,port786,Nagoya,Japan,PW_PORT_port786,,SOURCE_NATIVE,SOURCE_NATIVE
PORTWATCH,port787,Nakhodka,Russian Federation,LOC_WPI_60730,60730,AUTO_MATCHED_COUNTRY_ALIAS,MATCHED_WPI
PORTWATCH,port788,Namibe,Angola,LOC_WPI_46610,46610,AUTO_MATCHED_EXACT,MATCHED_WPI
PORTWATCH,port789,Namsos,Norway,LOC_WPI_23050,23050,AUTO_MATCHED_EXACT,MATCHED_WPI
PORTWATCH,port79,Auckland,New Zealand,LOC_WPI_55060,55060,AUTO_MATCHED_EXACT,MATCHED_WPI
PORTWATCH,port790,Nanao,Japan,PW_PORT_port790,,SOURCE_NATIVE,SOURCE_NATIVE
PORTWATCH,port791,Nantes,France,LOC_WPI_36900,36900,AUTO_MATCHED_EXACT,MATCHED_WPI
PORTWATCH,port792,Nantong,China,LOC_WPI_59991,59991,AUTO_MATCHED_EXACT,MATCHED_WPI
PORTWATCH,port793,Naoetsu,Japan,PW_PORT_port793,,SOURCE_NATIVE,SOURCE_NATIVE
PORTWATCH,port794,Napier,New Zealand,LOC_WPI_55130,55130,AUTO_MATCHED_EXACT,MATCHED_WPI
PORTWATCH,port795,Napoli,Italy,LOC_WPI_39960,39960,AUTO_MATCHED_EXACT,MATCHED_WPI
PORTWATCH,port796,Narvik,Norway,LOC_WPI_22030,22030,AUTO_MATCHED_EXACT,MATCHED_WPI
PORTWATCH,port797,Nasipit Port,Philippines,LOC_WPI_59345,59345,AUTO_MATCHED_EXACT,MATCHED_WPI
PORTWATCH,port798,Nassau,The Bahamas,LOC_WPI_9990,9990,AUTO_MATCHED_EXACT,MATCHED_WPI
PORTWATCH,port799,Natal,Brazil,LOC_WPI_12690,12690,AUTO_MATCHED_EXACT,MATCHED_WPI
PORTWATCH,port80,Augusta,Italy,LOC_WPI_40250,40250,AUTO_MATCHED_EXACT,MATCHED_WPI
PORTWATCH,port800,Nauru,Nauru,LOC_WPI_56500,56500,AUTO_MATCHED_EXACT,MATCHED_WPI
PORTWATCH,port801,Navlakhi,India,LOC_WPI_48635,48635,AUTO_MATCHED_EXACT,MATCHED_WPI
PORTWATCH,port802,Ndora,Solomon Islands,PW_PORT_port802,,SOURCE_NATIVE,SOURCE_NATIVE
PORTWATCH,port803,Neiafu,Tonga,LOC_WPI_55610,55610,AUTO_MATCHED_EXACT,MATCHED_WPI
PORTWATCH,port804,Nelson,New Zealand,LOC_WPI_55290,55290,AUTO_MATCHED_EXACT,MATCHED_WPI
PORTWATCH,port805,Nemrut Bay,Türkiye,PW_PORT_port805,,SOURCE_NATIVE,SOURCE_NATIVE
PORTWATCH,port806,Népoui,New Caledonia,PW_PORT_port806,,SOURCE_NATIVE,SOURCE_NATIVE
PORTWATCH,port807,New Amsterdam,Guyana,LOC_WPI_12390,12390,AUTO_MATCHED_EXACT,MATCHED_WPI
PORTWATCH,port808,New Bedford,United States,LOC_WPI_7370,7370,AUTO_MATCHED_EXACT,MATCHED_WPI
PORTWATCH,port809,New Haven,United States,LOC_WPI_7550,7550,AUTO_MATCHED_EXACT,MATCHED_WPI
PORTWATCH,port81,Avatiu,Cook Islands,LOC_WPI_55740,55740,AUTO_MATCHED_EXACT,MATCHED_WPI
PORTWATCH,port810,New Holland,United Kingdom,LOC_WPI_31668,31668,AUTO_MATCHED_EXACT,MATCHED_WPI
PORTWATCH,port811,New Mangalore,India,LOC_WPI_49030,49030,AUTO_MATCHED_EXACT,MATCHED_WPI
PORTWATCH,port812,New Orleans,United States,LOC_WPI_8860,8860,AUTO_MATCHED_EXACT,MATCHED_WPI
PORTWATCH,port813,New Plymouth,New Zealand,LOC_WPI_55210,55210,AUTO_MATCHED_EXACT,MATCHED_WPI
PORTWATCH,port814,New Westminster,Canada,LOC_WPI_18100,18100,AUTO_MATCHED_EXACT,MATCHED_WPI
PORTWATCH,port815,New York-New Jersey,United States,PW_PORT_port815,,SOURCE_NATIVE,SOURCE_NATIVE
PORTWATCH,port816,Newcastle,Australia,LOC_WPI_53610,53610,AUTO_MATCHED_EXACT,MATCHED_WPI
PORTWATCH,port817,Newport,United Kingdom,LOC_WPI_35015,35015,AUTO_MATCHED_EXACT,MATCHED_WPI
PORTWATCH,port818,Newport News,United States,LOC_WPI_8300,8300,AUTO_MATCHED_EXACT,MATCHED_WPI
PORTWATCH,port819,Nghe Tinh,Vietnam,LOC_WPI_57660,57660,AUTO_MATCHED_EXACT,MATCHED_WPI
PORTWATCH,port82,Aveiro,Portugal,LOC_WPI_37970,37970,AUTO_MATCHED_EXACT,MATCHED_WPI
PORTWATCH,port820,Nice,France,LOC_WPI_38990,38990,AUTO_MATCHED_EXACT,MATCHED_WPI
PORTWATCH,port821,Nicholls Town,The Bahamas,PW_PORT_port821,,SOURCE_NATIVE,SOURCE_NATIVE
PORTWATCH,port822,Niigata,Japan,PW_PORT_port822,,SOURCE_NATIVE,SOURCE_NATIVE
PORTWATCH,port823,Niihama,Japan,LOC_WPI_62080,62080,AUTO_MATCHED_EXACT,MATCHED_WPI
PORTWATCH,port824,Ningbo,China,LOC_WPI_59940,59940,AUTO_MATCHED_EXACT,MATCHED_WPI
PORTWATCH,port826,Norfolk,United States,LOC_WPI_8280,8280,AUTO_MATCHED_EXACT,MATCHED_WPI
PORTWATCH,port827,Norrköping,Sweden,LOC_WPI_25190,25190,AUTO_MATCHED_EXACT,MATCHED_WPI
PORTWATCH,port828,El Sokhna,Egypt,PW_PORT_port828,,SOURCE_NATIVE,SOURCE_NATIVE
PORTWATCH,port829,Noshiro,Japan,PW_PORT_port829,,SOURCE_NATIVE,SOURCE_NATIVE
PORTWATCH,port83,Aviles,Spain,LOC_WPI_37600,37600,AUTO_MATCHED_EXACT,MATCHED_WPI
PORTWATCH,port830,Nouadhibou,Mauritania,LOC_WPI_45812,45812,AUTO_MATCHED_EXACT,MATCHED_WPI
PORTWATCH,port831,Nouakchott,Mauritania,LOC_WPI_45814,45814,AUTO_MATCHED_EXACT,MATCHED_WPI
PORTWATCH,port832,Noumea,New Caledonia,LOC_WPI_57320,57320,AUTO_MATCHED_EXACT,MATCHED_WPI
PORTWATCH,port833,Novorossiysk,Russian Federation,LOC_WPI_44200,44200,AUTO_MATCHED_COUNTRY_ALIAS,MATCHED_WPI
PORTWATCH,port834,Nowshahr Port,Iran,PW_PORT_port834,,SOURCE_NATIVE,SOURCE_NATIVE
PORTWATCH,port835,Nuevitas Bay,Cuba,LOC_WPI_10150,10150,AUTO_MATCHED_EXACT,MATCHED_WPI
PORTWATCH,port836,Nuku'alofa,Tonga,LOC_WPI_55590,55590,AUTO_MATCHED_EXACT,MATCHED_WPI
PORTWATCH,port837,Nyborg,Denmark,LOC_WPI_29860,29860,AUTO_MATCHED_EXACT,MATCHED_WPI
PORTWATCH,port838,Nynäshamn,Sweden,LOC_WPI_25330,25330,AUTO_MATCHED_EXACT,MATCHED_WPI
PORTWATCH,port839,Oakland,United States,LOC_WPI_16340,16340,AUTO_MATCHED_EXACT,MATCHED_WPI
PORTWATCH,port84,Bristol,United Kingdom,LOC_WPI_35070,35070,AUTO_MATCHED_EXACT,MATCHED_WPI
PORTWATCH,port840,Ocho Rios,Jamaica,LOC_WPI_10660,10660,AUTO_MATCHED_EXACT,MATCHED_WPI
PORTWATCH,port841,Odda,Norway,LOC_WPI_23240,23240,AUTO_MATCHED_EXACT,MATCHED_WPI
PORTWATCH,port842,Odense,Denmark,LOC_WPI_29880,29880,AUTO_MATCHED_EXACT,MATCHED_WPI
PORTWATCH,port843,Odessa,Ukraine,PW_PORT_port843,,SOURCE_NATIVE,SOURCE_NATIVE
PORTWATCH,port844,Ofunato,Japan,LOC_WPI_61320,61320,AUTO_MATCHED_EXACT,MATCHED_WPI
PORTWATCH,port845,Agioi Oil Terminal,Greece,PW_PORT_port845,,SOURCE_NATIVE,SOURCE_NATIVE
PORTWATCH,port846,Oita,Japan,PW_PORT_port846,,SOURCE_NATIVE,SOURCE_NATIVE
PORTWATCH,port847,Okaram,Turkmenistan,PW_PORT_port847,,SOURCE_NATIVE,SOURCE_NATIVE
PORTWATCH,port848,Olbia,Italy,LOC_WPI_39180,39180,AUTO_MATCHED_EXACT,MATCHED_WPI
PORTWATCH,port849,Omisalj,Croatia,LOC_WPI_41045,41045,AUTO_MATCHED_EXACT,MATCHED_WPI
PORTWATCH,port85,Az Zawiyah,Libya,LOC_WPI_45335,45335,AUTO_MATCHED_FUZZY,MATCHED_WPI
PORTWATCH,port850,Onahama,Japan,PW_PORT_port850,,SOURCE_NATIVE,SOURCE_NATIVE
PORTWATCH,port851,Onne,Nigeria,LOC_WPI_46208,46208,AUTO_MATCHED_EXACT,MATCHED_WPI
PORTWATCH,port852,Onoda,Japan,LOC_WPI_62079,62079,AUTO_MATCHED_EXACT,MATCHED_WPI
PORTWATCH,port853,Onomichi-Itozaki,Japan,LOC_WPI_61630,61630,AUTO_MATCHED_EXACT,MATCHED_WPI
PORTWATCH,port854,Onslow,Australia,LOC_WPI_54580,54580,AUTO_MATCHED_EXACT,MATCHED_WPI
PORTWATCH,port855,Oostende,Belgium,LOC_WPI_31310,31310,AUTO_MATCHED_EXACT,MATCHED_WPI
PORTWATCH,port856,Oran,Algeria,LOC_WPI_45640,45640,AUTO_MATCHED_EXACT,MATCHED_WPI
PORTWATCH,port857,Oranjestad,"Bonaire,  Saint Eustatius and Saba",LOC_WPI_11390,11390,AUTO_MATCHED_COUNTRY_ALIAS,MATCHED_WPI
PORTWATCH,port858,Ormoc,Philippines,LOC_WPI_58770,58770,AUTO_MATCHED_EXACT,MATCHED_WPI
PORTWATCH,port859,Ormos Aliveriou,Greece,LOC_WPI_42340,42340,AUTO_MATCHED_EXACT,MATCHED_WPI
PORTWATCH,port86,La Habana,Cuba,PW_PORT_port86,,SOURCE_NATIVE,SOURCE_NATIVE
PORTWATCH,port860,Oro Bay,Papua New Guinea,LOC_WPI_53206,53206,AUTO_MATCHED_EXACT,MATCHED_WPI
PORTWATCH,port861,Ortona,Italy,LOC_WPI_40620,40620,AUTO_MATCHED_EXACT,MATCHED_WPI
PORTWATCH,port862,Osaka,Japan,LOC_WPI_61550,61550,AUTO_MATCHED_EXACT,MATCHED_WPI
PORTWATCH,port863,Oskarshamn,Sweden,LOC_WPI_24690,24690,AUTO_MATCHED_EXACT,MATCHED_WPI
PORTWATCH,port864,Oslo,Norway,LOC_WPI_23810,23810,AUTO_MATCHED_EXACT,MATCHED_WPI
PORTWATCH,port866,Otaru,Japan,PW_PORT_port866,,SOURCE_NATIVE,SOURCE_NATIVE
PORTWATCH,port867,Oulu,Finland,LOC_WPI_27520,27520,AUTO_MATCHED_EXACT,MATCHED_WPI
PORTWATCH,port868,Oxelösund,Sweden,LOC_WPI_25280,25280,AUTO_MATCHED_EXACT,MATCHED_WPI
PORTWATCH,port869,PLTU Semen Tonasa,Indonesia,PW_PORT_port869,,SOURCE_NATIVE,SOURCE_NATIVE
PORTWATCH,port87,Bahia De Las Minas,Panama,LOC_WPI_9875,9875,AUTO_MATCHED_EXACT,MATCHED_WPI
PORTWATCH,port870,Paagoumène,New Caledonia,PW_PORT_port870,,SOURCE_NATIVE,SOURCE_NATIVE
PORTWATCH,port871,Oranjestad-Barcadera,Aruba,PW_PORT_port871,,SOURCE_NATIVE,SOURCE_NATIVE
PORTWATCH,port872,Pago Pago Harbor,American Samoa,LOC_WPI_55680,55680,AUTO_MATCHED_EXACT,MATCHED_WPI
PORTWATCH,port873,Paita,Peru,LOC_WPI_15170,15170,AUTO_MATCHED_EXACT,MATCHED_WPI
PORTWATCH,port874,Paldiski,Estonia,PW_PORT_port874,,SOURCE_NATIVE,SOURCE_NATIVE
PORTWATCH,port875,Palembang,Indonesia,LOC_WPI_50330,50330,AUTO_MATCHED_EXACT,MATCHED_WPI
PORTWATCH,port876,Palm Beach,United States,LOC_WPI_8610,8610,AUTO_MATCHED_EXACT,MATCHED_WPI
PORTWATCH,port877,Palmeira,Cabo Verde,PW_PORT_port877,,SOURCE_NATIVE,SOURCE_NATIVE
PORTWATCH,port878,Palua,Venezuela,LOC_WPI_12330,12330,AUTO_MATCHED_EXACT,MATCHED_WPI
PORTWATCH,port879,Panama City,United States,LOC_WPI_8750,8750,AUTO_MATCHED_EXACT,MATCHED_WPI
PORTWATCH,port88,Matarani,Peru,PW_PORT_port88,,SOURCE_NATIVE,SOURCE_NATIVE
PORTWATCH,port881,Panjang,Indonesia,LOC_WPI_50380,50380,AUTO_MATCHED_EXACT,MATCHED_WPI
PORTWATCH,port882,Papeete,French Polynesia,LOC_WPI_55840,55840,AUTO_MATCHED_EXACT,MATCHED_WPI
PORTWATCH,port883,Paradip,India,LOC_WPI_49535,49535,AUTO_MATCHED_EXACT,MATCHED_WPI
PORTWATCH,port884,Paramaribo,Suriname,LOC_WPI_12410,12410,AUTO_MATCHED_EXACT,MATCHED_WPI
PORTWATCH,port885,Paranaguá,Brazil,LOC_WPI_12980,12980,AUTO_MATCHED_EXACT,MATCHED_WPI
PORTWATCH,port886,Parepare,Indonesia,LOC_WPI_52297,52297,AUTO_MATCHED_EXACT,MATCHED_WPI
PORTWATCH,port887,Pärnu,Estonia,LOC_WPI_28550,28550,AUTO_MATCHED_EXACT,MATCHED_WPI
PORTWATCH,port888,Pascagoula,United States,LOC_WPI_8780,8780,AUTO_MATCHED_EXACT,MATCHED_WPI
PORTWATCH,port889,Patras,Greece,PW_PORT_port889,,SOURCE_NATIVE,SOURCE_NATIVE
PORTWATCH,port89,Bahia De Valparaiso,Chile,LOC_WPI_14500,14500,AUTO_MATCHED_EXACT,MATCHED_WPI
PORTWATCH,port890,Payra,Bangladesh,PW_PORT_port890,,SOURCE_NATIVE,SOURCE_NATIVE
PORTWATCH,port891,Sandakan,Malaysia,PW_PORT_port891,,SOURCE_NATIVE,SOURCE_NATIVE
PORTWATCH,port892,Pelabuhan Sungai Udang,Malaysia,LOC_WPI_49962,49962,AUTO_MATCHED_EXACT,MATCHED_WPI
PORTWATCH,port893,Pelabuhan Tanjung Wangi,Indonesia,PW_PORT_port893,,SOURCE_NATIVE,SOURCE_NATIVE
PORTWATCH,port894,PelabuhanRatuCoalPowerPlant,Indonesia,PW_PORT_port894,,SOURCE_NATIVE,SOURCE_NATIVE
PORTWATCH,port896,Pemba,Mozambique,LOC_WPI_46940,46940,AUTO_MATCHED_EXACT,MATCHED_WPI
PORTWATCH,port897,Penglai,China,LOC_WPI_60165,60165,AUTO_MATCHED_EXACT,MATCHED_WPI
PORTWATCH,port898,Pepillo Salcedo (Manzanillo),Dominican Republic,PW_PORT_port898,,SOURCE_NATIVE,SOURCE_NATIVE
PORTWATCH,port899,Peterhead,United Kingdom,LOC_WPI_32230,32230,AUTO_MATCHED_EXACT,MATCHED_WPI
PORTWATCH,port9,Aden,Yemen,LOC_WPI_48190,48190,AUTO_MATCHED_EXACT,MATCHED_WPI
PORTWATCH,port90,Bahia Quintero (Ventanas),Chile,LOC_WPI_14510,14510,AUTO_MATCHED_EXACT,MATCHED_WPI
PORTWATCH,port901,Philadelphia,United States,LOC_WPI_8110,8110,AUTO_MATCHED_EXACT,MATCHED_WPI
PORTWATCH,port902,Philipsburg,Sint Maarten,LOC_WPI_11370,11370,AUTO_MATCHED_EXACT,MATCHED_WPI
PORTWATCH,port903,Cai Mep,Vietnam,PW_PORT_port903,,SOURCE_NATIVE,SOURCE_NATIVE
PORTWATCH,port904,Phuket,Thailand,LOC_WPI_49770,49770,AUTO_MATCHED_EXACT,MATCHED_WPI
PORTWATCH,port905,Pichilingue,Mexico,LOC_WPI_15917,15917,AUTO_MATCHED_EXACT,MATCHED_WPI
PORTWATCH,port906,Picton,New Zealand,LOC_WPI_55300,55300,AUTO_MATCHED_EXACT,MATCHED_WPI
PORTWATCH,port907,Pipavav Port,India,PW_PORT_port907,,SOURCE_NATIVE,SOURCE_NATIVE
PORTWATCH,port908,Piraeus,Greece,PW_PORT_port908,,SOURCE_NATIVE,SOURCE_NATIVE
PORTWATCH,port909,Piteå,Sweden,LOC_WPI_27190,27190,AUTO_MATCHED_EXACT,MATCHED_WPI
PORTWATCH,port91,San Nicolas,Peru,PW_PORT_port91,,SOURCE_NATIVE,SOURCE_NATIVE
PORTWATCH,port910,Guayanilla,Puerto Rico,PW_PORT_port910,,SOURCE_NATIVE,SOURCE_NATIVE
PORTWATCH,port912,Ploce,Croatia,LOC_WPI_41410,41410,AUTO_MATCHED_EXACT,MATCHED_WPI
PORTWATCH,port913,Plymouth,Montserrat,PW_PORT_port913,,SOURCE_NATIVE,SOURCE_NATIVE
PORTWATCH,port914,Plymouth,United Kingdom,LOC_WPI_35370,35370,AUTO_MATCHED_EXACT,MATCHED_WPI
PORTWATCH,port915,Pohang,Korea,LOC_WPI_60410,60410,AUTO_MATCHED_COUNTRY_ALIAS,MATCHED_WPI
PORTWATCH,port916,Point Fortin,Trinidad and Tobago,LOC_WPI_11770,11770,AUTO_MATCHED_EXACT,MATCHED_WPI
PORTWATCH,port917,Point Lisas,Trinidad and Tobago,PW_PORT_port917,,SOURCE_NATIVE,SOURCE_NATIVE
PORTWATCH,port918,Point Murat,Australia,LOC_WPI_54575,54575,AUTO_MATCHED_EXACT,MATCHED_WPI
PORTWATCH,port919,Point Noire,Republic of Congo,PW_PORT_port919,,SOURCE_NATIVE,SOURCE_NATIVE
PORTWATCH,port92,San Vicente,Chile,PW_PORT_port92,,SOURCE_NATIVE,SOURCE_NATIVE
PORTWATCH,port920,"Richmond, CA",United States,PW_PORT_port920,,SOURCE_NATIVE,SOURCE_NATIVE
PORTWATCH,port921,Pointe A Pierre,Trinidad and Tobago,LOC_WPI_11730,11730,AUTO_MATCHED_EXACT,MATCHED_WPI
PORTWATCH,port922,Pointe A Pitre,Guadeloupe,LOC_WPI_11450,11450,AUTO_MATCHED_EXACT,MATCHED_WPI
PORTWATCH,port923,Pomalaa,Indonesia,LOC_WPI_52295,52295,AUTO_MATCHED_EXACT,MATCHED_WPI
PORTWATCH,port924,Ponta Delgada,Portugal,LOC_WPI_38100,38100,AUTO_MATCHED_EXACT,MATCHED_WPI
PORTWATCH,port925,Pontianak,Indonesia,LOC_WPI_51941,51941,AUTO_MATCHED_EXACT,MATCHED_WPI
PORTWATCH,port926,Poole,United Kingdom,PW_PORT_port926,,SOURCE_NATIVE,SOURCE_NATIVE
PORTWATCH,port927,Pohnpei,Micronesia,PW_PORT_port927,,SOURCE_NATIVE,SOURCE_NATIVE
PORTWATCH,port928,Porsgrunn,Norway,LOC_WPI_23670,23670,AUTO_MATCHED_EXACT,MATCHED_WPI
PORTWATCH,port929,Port Adelaide,Australia,LOC_WPI_54220,54220,AUTO_MATCHED_EXACT,MATCHED_WPI
PORTWATCH,port93,Baie Comeau,Canada,LOC_WPI_2015,2015,AUTO_MATCHED_EXACT,MATCHED_WPI
PORTWATCH,port930,Port Alma,Australia,LOC_WPI_53440,53440,AUTO_MATCHED_EXACT,MATCHED_WPI
PORTWATCH,port931,Port Angeles,Canada,PW_PORT_port931,,SOURCE_NATIVE,SOURCE_NATIVE
PORTWATCH,port932,Port Aransas,United States,LOC_WPI_9310,9310,AUTO_MATCHED_EXACT,MATCHED_WPI
PORTWATCH,port933,Port Arthur,United States,LOC_WPI_9080,9080,AUTO_MATCHED_EXACT,MATCHED_WPI
PORTWATCH,port934,Port Au Prince,Haiti,LOC_WPI_10880,10880,AUTO_MATCHED_EXACT,MATCHED_WPI
PORTWATCH,port935,Channel-Port aux Basques,Canada,PW_PORT_port935,,SOURCE_NATIVE,SOURCE_NATIVE
PORTWATCH,port936,Bayside Charlotte,Canada,PW_PORT_port936,,SOURCE_NATIVE,SOURCE_NATIVE
PORTWATCH,port937,Port Bonython,Australia,LOC_WPI_54325,54325,AUTO_MATCHED_EXACT,MATCHED_WPI
PORTWATCH,port938,Port Cartier,Canada,LOC_WPI_1958,1958,AUTO_MATCHED_EXACT,MATCHED_WPI
PORTWATCH,port939,Ajaccio,France,PW_PORT_port939,,SOURCE_NATIVE,SOURCE_NATIVE
PORTWATCH,port94,Baie De Kouaoua,New Caledonia,LOC_WPI_57275,57275,AUTO_MATCHED_EXACT,MATCHED_WPI
PORTWATCH,port940,Bell Bay,Australia,PW_PORT_port940,,SOURCE_NATIVE,SOURCE_NATIVE
PORTWATCH,port941,Port De Aracaju,Brazil,LOC_WPI_12760,12760,AUTO_MATCHED_EXACT,MATCHED_WPI
PORTWATCH,port942,Caen,France,PW_PORT_port942,,SOURCE_NATIVE,SOURCE_NATIVE
PORTWATCH,port943,Port De Kribi,Cameroon,PW_PORT_port943,,SOURCE_NATIVE,SOURCE_NATIVE
PORTWATCH,port944,Port De Salvador,Brazil,LOC_WPI_12770,12770,AUTO_MATCHED_EXACT,MATCHED_WPI
PORTWATCH,port945,Port Dickson,Malaysia,LOC_WPI_49960,49960,AUTO_MATCHED_EXACT,MATCHED_WPI
PORTWATCH,port946,Port Dover,Canada,LOC_WPI_3270,3270,AUTO_MATCHED_EXACT,MATCHED_WPI
PORTWATCH,port948,Port Elizabeth,South Africa,LOC_WPI_46820,46820,AUTO_MATCHED_EXACT,MATCHED_WPI
PORTWATCH,port949,Port Esquivel,Jamaica,LOC_WPI_10772,10772,AUTO_MATCHED_EXACT,MATCHED_WPI
PORTWATCH,port95,Marigot,Saint Martin,PW_PORT_port95,,SOURCE_NATIVE,SOURCE_NATIVE
PORTWATCH,port950,Port Est,Réunion,LOC_WPI_47690,47690,AUTO_MATCHED_EXACT,MATCHED_WPI
PORTWATCH,port951,Port Everglades,United States,LOC_WPI_8630,8630,AUTO_MATCHED_EXACT,MATCHED_WPI
PORTWATCH,port952,Port Gentil,Gabon,LOC_WPI_46440,46440,AUTO_MATCHED_EXACT,MATCHED_WPI
PORTWATCH,port953,Port Giles,Australia,LOC_WPI_54255,54255,AUTO_MATCHED_EXACT,MATCHED_WPI
PORTWATCH,port954,Port Harcourt,Nigeria,LOC_WPI_46210,46210,AUTO_MATCHED_EXACT,MATCHED_WPI
PORTWATCH,port955,Port Hedland,Australia,LOC_WPI_54620,54620,AUTO_MATCHED_EXACT,MATCHED_WPI
PORTWATCH,port956,Port Hueneme,United States,LOC_WPI_16120,16120,AUTO_MATCHED_EXACT,MATCHED_WPI
PORTWATCH,port958,Port Jerome,France,PW_PORT_port958,,SOURCE_NATIVE,SOURCE_NATIVE
PORTWATCH,port959,Port Kembla,Australia,LOC_WPI_53690,53690,AUTO_MATCHED_EXACT,MATCHED_WPI
PORTWATCH,port960,Port Klang,Malaysia,LOC_WPI_49930,49930,AUTO_MATCHED_EXACT,MATCHED_WPI
PORTWATCH,port961,Kyaukpyu,Myanmar,PW_PORT_port961,,SOURCE_NATIVE,SOURCE_NATIVE
PORTWATCH,port962,Port Latta,Australia,LOC_WPI_54875,54875,AUTO_MATCHED_EXACT,MATCHED_WPI
PORTWATCH,port963,Port Lavaca,United States,LOC_WPI_9270,9270,AUTO_MATCHED_EXACT,MATCHED_WPI
PORTWATCH,port964,Port Lincoln,Australia,LOC_WPI_54350,54350,AUTO_MATCHED_EXACT,MATCHED_WPI
PORTWATCH,port965,Port Louis,Mauritius,LOC_WPI_47720,47720,AUTO_MATCHED_EXACT,MATCHED_WPI
PORTWATCH,port966,Lyttelton,New Zealand,PW_PORT_port966,,SOURCE_NATIVE,SOURCE_NATIVE
PORTWATCH,port967,Port Manatee,United States,LOC_WPI_8667,8667,AUTO_MATCHED_EXACT,MATCHED_WPI
PORTWATCH,port969,Skikda (Port Methanier),Algeria,PW_PORT_port969,,SOURCE_NATIVE,SOURCE_NATIVE
PORTWATCH,port97,Baie Ugué,New Caledonia,LOC_WPI_57325,57325,AUTO_MATCHED_EXACT,MATCHED_WPI
PORTWATCH,port970,Port Moresby,Papua New Guinea,LOC_WPI_53160,53160,AUTO_MATCHED_EXACT,MATCHED_WPI
PORTWATCH,port971,Port Nador,Morocco,LOC_WPI_45762,45762,AUTO_MATCHED_EXACT,MATCHED_WPI
PORTWATCH,port972,Noro,Solomon Islands,PW_PORT_port972,,SOURCE_NATIVE,SOURCE_NATIVE
PORTWATCH,port973,Port Owendo,Gabon,LOC_WPI_46435,46435,AUTO_MATCHED_EXACT,MATCHED_WPI
PORTWATCH,port974,Port Pirie,Australia,LOC_WPI_54290,54290,AUTO_MATCHED_EXACT,MATCHED_WPI
PORTWATCH,port976,Port Saint Louis Du Rhone,France,LOC_WPI_38770,38770,AUTO_MATCHED_EXACT,MATCHED_WPI
PORTWATCH,port977,Port Sudan,Sudan,LOC_WPI_47940,47940,AUTO_MATCHED_EXACT,MATCHED_WPI
PORTWATCH,port978,Taman,Russian Federation,PW_PORT_port978,,SOURCE_NATIVE,SOURCE_NATIVE
PORTWATCH,port979,Port Vale Knights,Cabo Verde,PW_PORT_port979,,SOURCE_NATIVE,SOURCE_NATIVE
PORTWATCH,port98,Bajo Grande,Venezuela,LOC_WPI_12034,12034,AUTO_MATCHED_EXACT,MATCHED_WPI
PORTWATCH,port980,Port Vila,Vanuatu,LOC_WPI_57230,57230,AUTO_MATCHED_EXACT,MATCHED_WPI
PORTWATCH,port981,Port Walcott,Australia,LOC_WPI_54600,54600,AUTO_MATCHED_EXACT,MATCHED_WPI
PORTWATCH,port982,Port de Longoni,Mayotte,PW_PORT_port982,,SOURCE_NATIVE,SOURCE_NATIVE
PORTWATCH,port983,Can Tho,Vietnam,PW_PORT_port983,,SOURCE_NATIVE,SOURCE_NATIVE
PORTWATCH,port984,Duqm,Oman,LOC_WPI_48235,48235,AUTO_MATCHED_EXACT,MATCHED_WPI
PORTWATCH,port985,Le Havre,France,PW_PORT_port985,,SOURCE_NATIVE,SOURCE_NATIVE
PORTWATCH,port986,Rouen,France,PW_PORT_port986,,SOURCE_NATIVE,SOURCE_NATIVE
PORTWATCH,port988,Port of Sohar,Oman,LOC_WPI_48257,48257,AUTO_MATCHED_EXACT,MATCHED_WPI
PORTWATCH,port989,Port of Spain,Trinidad and Tobago,LOC_WPI_11720,11720,AUTO_MATCHED_EXACT,MATCHED_WPI
PORTWATCH,port99,Bakar,Croatia,LOC_WPI_41030,41030,AUTO_MATCHED_EXACT,MATCHED_WPI
PORTWATCH,port990,Port-De-Bouc,France,LOC_WPI_38780,38780,AUTO_MATCHED_EXACT,MATCHED_WPI
PORTWATCH,port991,Port-La-Nouvelle,France,LOC_WPI_38730,38730,AUTO_MATCHED_EXACT,MATCHED_WPI
PORTWATCH,port992,Portland,Australia,LOC_WPI_54140,54140,AUTO_MATCHED_EXACT,MATCHED_WPI
PORTWATCH,port993,"Portland, OR",United States,PW_PORT_port993,,SOURCE_NATIVE,SOURCE_NATIVE
PORTWATCH,port994,Portland Harbour,United Kingdom,LOC_WPI_35450,35450,AUTO_MATCHED_EXACT,MATCHED_WPI
PORTWATCH,port995,"Portland, ME",United States,PW_PORT_port995,,SOURCE_NATIVE,SOURCE_NATIVE
PORTWATCH,port996,Portmouth,United States,PW_PORT_port996,,SOURCE_NATIVE,SOURCE_NATIVE
PORTWATCH,port997,Porto Alegre,Brazil,LOC_WPI_13080,13080,AUTO_MATCHED_EXACT,MATCHED_WPI
PORTWATCH,port998,Porto Da Praia,Cabo Verde,LOC_WPI_45910,45910,AUTO_MATCHED_EXACT,MATCHED_WPI
PORTWATCH,port999,Leixoes,Portugal,PW_PORT_port999,,SOURCE_NATIVE,SOURCE_NATIVE
