source_port_id,source_port_name,source_country,source_iso3,wpi_number,wpi_name,wpi_country,canonical_location_id,match_method,similarity_score,mapping_status,review_sequence,review_reason
fso0,Brazil - Offshore Oil Terminal 1,Brazil,BRA,,,,,NO_SIMILAR_NAME,,UNMAPPED,1,"No unique, country-compatible WPI candidate was found."
fso1,Brazil - Offshore Oil Terminal 10,Brazil,BRA,,,,,NO_SIMILAR_NAME,,UNMAPPED,2,"No unique, country-compatible WPI candidate was found."
fso10,Brazil - Offshore Oil Terminal 19,Brazil,BRA,,,,,NO_SIMILAR_NAME,,UNMAPPED,3,"No unique, country-compatible WPI candidate was found."
fso100,Indonesia - Offshore Oil Terminal 9,Indonesia,IDN,,,,,NO_SIMILAR_NAME,,UNMAPPED,4,"No unique, country-compatible WPI candidate was found."
fso101,Israel - Offshore Oil Terminal 1,Israel,ISR,,,,,NO_SIMILAR_NAME,,UNMAPPED,5,"No unique, country-compatible WPI candidate was found."
fso102,Italy - Offshore Oil Terminal 1,Italy,ITA,,,,,NO_SIMILAR_NAME,,UNMAPPED,6,"No unique, country-compatible WPI candidate was found."
fso103,Italy - Offshore Oil Terminal 2,Italy,ITA,,,,,NO_SIMILAR_NAME,,UNMAPPED,7,"No unique, country-compatible WPI candidate was found."
fso104,Jamaica - Offshore Oil Terminal 1,Jamaica,JAM,,,,,NO_SIMILAR_NAME,,UNMAPPED,8,"No unique, country-compatible WPI candidate was found."
fso105,Libya - Offshore Oil Terminal 1,Libya,LBY,,,,,NO_SIMILAR_NAME,,UNMAPPED,9,"No unique, country-compatible WPI candidate was found."
fso106,Malaysia - Offshore Oil Terminal 1,Malaysia,MYS,,,,,NO_SIMILAR_NAME,,UNMAPPED,10,"No unique, country-compatible WPI candidate was found."
fso107,Malaysia - Offshore Oil Terminal 10,Malaysia,MYS,,,,,NO_SIMILAR_NAME,,UNMAPPED,11,"No unique, country-compatible WPI candidate was found."
fso108,Malaysia - Offshore Oil Terminal 11,Malaysia,MYS,,,,,NO_SIMILAR_NAME,,UNMAPPED,12,"No unique, country-compatible WPI candidate was found."
fso109,Malaysia - Offshore Oil Terminal 12,Malaysia,MYS,,,,,NO_SIMILAR_NAME,,UNMAPPED,13,"No unique, country-compatible WPI candidate was found."
fso11,Brazil - Offshore Oil Terminal 2,Brazil,BRA,,,,,NO_SIMILAR_NAME,,UNMAPPED,14,"No unique, country-compatible WPI candidate was found."
fso110,Malaysia - Offshore Oil Terminal 13,Malaysia,MYS,,,,,NO_SIMILAR_NAME,,UNMAPPED,15,"No unique, country-compatible WPI candidate was found."
fso111,Malaysia - Offshore Oil Terminal 14,Malaysia,MYS,,,,,NO_SIMILAR_NAME,,UNMAPPED,16,"No unique, country-compatible WPI candidate was found."
fso112,Malaysia - Offshore Oil Terminal 15,Malaysia,MYS,,,,,NO_SIMILAR_NAME,,UNMAPPED,17,"No unique, country-compatible WPI candidate was found."
fso113,Malaysia - Offshore Oil Terminal 16,Malaysia,MYS,,,,,NO_SIMILAR_NAME,,UNMAPPED,18,"No unique, country-compatible WPI candidate was found."
fso114,Malaysia - Offshore Oil Terminal 17,Malaysia,MYS,,,,,NO_SIMILAR_NAME,,UNMAPPED,19,"No unique, country-compatible WPI candidate was found."
fso115,Malaysia - Offshore Oil Terminal 18,Malaysia,MYS,,,,,NO_SIMILAR_NAME,,UNMAPPED,20,"No unique, country-compatible WPI candidate was found."
fso116,Malaysia - Offshore Oil Terminal 2,Malaysia,MYS,,,,,NO_SIMILAR_NAME,,UNMAPPED,21,"No unique, country-compatible WPI candidate was found."
fso117,Malaysia - Offshore Oil Terminal 3,Malaysia,MYS,,,,,NO_SIMILAR_NAME,,UNMAPPED,22,"No unique, country-compatible WPI candidate was found."
fso118,Malaysia - Offshore Oil Terminal 4,Malaysia,MYS,,,,,NO_SIMILAR_NAME,,UNMAPPED,23,"No unique, country-compatible WPI candidate was found."
fso119,Malaysia - Offshore Oil Terminal 5,Malaysia,MYS,,,,,NO_SIMILAR_NAME,,UNMAPPED,24,"No unique, country-compatible WPI candidate was found."
fso12,Brazil - Offshore Oil Terminal 20,Brazil,BRA,,,,,NO_SIMILAR_NAME,,UNMAPPED,25,"No unique, country-compatible WPI candidate was found."
fso120,Malaysia - Offshore Oil Terminal 6,Malaysia,MYS,,,,,NO_SIMILAR_NAME,,UNMAPPED,26,"No unique, country-compatible WPI candidate was found."
fso121,Malaysia - Offshore Oil Terminal 7,Malaysia,MYS,,,,,NO_SIMILAR_NAME,,UNMAPPED,27,"No unique, country-compatible WPI candidate was found."
fso122,Malaysia - Offshore Oil Terminal 8,Malaysia,MYS,,,,,NO_SIMILAR_NAME,,UNMAPPED,28,"No unique, country-compatible WPI candidate was found."
fso123,Malaysia - Offshore Oil Terminal 9,Malaysia,MYS,,,,,NO_SIMILAR_NAME,,UNMAPPED,29,"No unique, country-compatible WPI candidate was found."
fso124,Mauritania - Offshore Oil Terminal 1,Mauritania,MRT,,,,,NO_SIMILAR_NAME,,UNMAPPED,30,"No unique, country-compatible WPI candidate was found."
fso125,Mexico - Offshore Oil Terminal 1,Mexico,MEX,,,,,NO_SIMILAR_NAME,,UNMAPPED,31,"No unique, country-compatible WPI candidate was found."
fso126,Mozambique - Offshore Oil Terminal 1,Mozambique,MOZ,,,,,NO_SIMILAR_NAME,,UNMAPPED,32,"No unique, country-compatible WPI candidate was found."
fso127,New Zealand - Offshore Oil Terminal 1,New Zealand,NZL,,,,,NO_SIMILAR_NAME,,UNMAPPED,33,"No unique, country-compatible WPI candidate was found."
fso128,Nigeria - Offshore Oil Terminal 1,Nigeria,NGA,46206,Bonny Offshore Terminal,Nigeria,LOC_WPI_46206,REVIEW_SIMILAR_NAME,0.703704,REVIEW_REQUIRED,34,Candidate is similar but below the automatic confidence threshold.
fso129,Nigeria - Offshore Oil Terminal 10,Nigeria,NGA,,,,,NO_SIMILAR_NAME,,UNMAPPED,35,"No unique, country-compatible WPI candidate was found."
fso13,Brazil - Offshore Oil Terminal 21,Brazil,BRA,,,,,NO_SIMILAR_NAME,,UNMAPPED,36,"No unique, country-compatible WPI candidate was found."
fso130,Nigeria - Offshore Oil Terminal 11,Nigeria,NGA,,,,,NO_SIMILAR_NAME,,UNMAPPED,37,"No unique, country-compatible WPI candidate was found."
fso131,Nigeria - Offshore Oil Terminal 12,Nigeria,NGA,,,,,NO_SIMILAR_NAME,,UNMAPPED,38,"No unique, country-compatible WPI candidate was found."
fso132,Nigeria - Offshore Oil Terminal 13,Nigeria,NGA,,,,,NO_SIMILAR_NAME,,UNMAPPED,39,"No unique, country-compatible WPI candidate was found."
fso133,Nigeria - Offshore Oil Terminal 14,Nigeria,NGA,,,,,NO_SIMILAR_NAME,,UNMAPPED,40,"No unique, country-compatible WPI candidate was found."
fso134,Nigeria - Offshore Oil Terminal 15,Nigeria,NGA,,,,,NO_SIMILAR_NAME,,UNMAPPED,41,"No unique, country-compatible WPI candidate was found."
fso135,Nigeria - Offshore Oil Terminal 16,Nigeria,NGA,,,,,NO_SIMILAR_NAME,,UNMAPPED,42,"No unique, country-compatible WPI candidate was found."
fso136,Nigeria - Offshore Oil Terminal 17,Nigeria,NGA,,,,,NO_SIMILAR_NAME,,UNMAPPED,43,"No unique, country-compatible WPI candidate was found."
fso137,Nigeria - Offshore Oil Terminal 18,Nigeria,NGA,,,,,NO_SIMILAR_NAME,,UNMAPPED,44,"No unique, country-compatible WPI candidate was found."
fso138,Nigeria - Offshore Oil Terminal 2,Nigeria,NGA,46206,Bonny Offshore Terminal,Nigeria,LOC_WPI_46206,REVIEW_SIMILAR_NAME,0.703704,REVIEW_REQUIRED,45,Candidate is similar but below the automatic confidence threshold.
fso139,Nigeria - Offshore Oil Terminal 3,Nigeria,NGA,46206,Bonny Offshore Terminal,Nigeria,LOC_WPI_46206,REVIEW_SIMILAR_NAME,0.703704,REVIEW_REQUIRED,46,Candidate is similar but below the automatic confidence threshold.
fso14,Brazil - Offshore Oil Terminal 22,Brazil,BRA,,,,,NO_SIMILAR_NAME,,UNMAPPED,47,"No unique, country-compatible WPI candidate was found."
fso140,Nigeria - Offshore Oil Terminal 4,Nigeria,NGA,46206,Bonny Offshore Terminal,Nigeria,LOC_WPI_46206,REVIEW_SIMILAR_NAME,0.703704,REVIEW_REQUIRED,48,Candidate is similar but below the automatic confidence threshold.
fso141,Nigeria - Offshore Oil Terminal 5,Nigeria,NGA,46206,Bonny Offshore Terminal,Nigeria,LOC_WPI_46206,REVIEW_SIMILAR_NAME,0.703704,REVIEW_REQUIRED,49,Candidate is similar but below the automatic confidence threshold.
fso142,Nigeria - Offshore Oil Terminal 6,Nigeria,NGA,46206,Bonny Offshore Terminal,Nigeria,LOC_WPI_46206,REVIEW_SIMILAR_NAME,0.703704,REVIEW_REQUIRED,50,Candidate is similar but below the automatic confidence threshold.
fso143,Nigeria - Offshore Oil Terminal 7,Nigeria,NGA,46206,Bonny Offshore Terminal,Nigeria,LOC_WPI_46206,REVIEW_SIMILAR_NAME,0.703704,REVIEW_REQUIRED,51,Candidate is similar but below the automatic confidence threshold.
fso144,Nigeria - Offshore Oil Terminal 8,Nigeria,NGA,46206,Bonny Offshore Terminal,Nigeria,LOC_WPI_46206,REVIEW_SIMILAR_NAME,0.703704,REVIEW_REQUIRED,52,Candidate is similar but below the automatic confidence threshold.
fso145,Nigeria - Offshore Oil Terminal 9,Nigeria,NGA,46206,Bonny Offshore Terminal,Nigeria,LOC_WPI_46206,REVIEW_SIMILAR_NAME,0.703704,REVIEW_REQUIRED,53,Candidate is similar but below the automatic confidence threshold.
fso146,Norway - Offshore Oil Terminal 1,Norway,NOR,,,,,NO_SIMILAR_NAME,,UNMAPPED,54,"No unique, country-compatible WPI candidate was found."
fso147,Norway - Offshore Oil Terminal 2,Norway,NOR,,,,,NO_SIMILAR_NAME,,UNMAPPED,55,"No unique, country-compatible WPI candidate was found."
fso148,Norway - Offshore Oil Terminal 3,Norway,NOR,,,,,NO_SIMILAR_NAME,,UNMAPPED,56,"No unique, country-compatible WPI candidate was found."
fso149,Norway - Offshore Oil Terminal 4,Norway,NOR,,,,,NO_SIMILAR_NAME,,UNMAPPED,57,"No unique, country-compatible WPI candidate was found."
fso15,Brazil - Offshore Oil Terminal 23,Brazil,BRA,,,,,NO_SIMILAR_NAME,,UNMAPPED,58,"No unique, country-compatible WPI candidate was found."
fso150,Norway - Offshore Oil Terminal 5,Norway,NOR,,,,,NO_SIMILAR_NAME,,UNMAPPED,59,"No unique, country-compatible WPI candidate was found."
fso151,Oman - Offshore Oil Terminal 1,Oman,OMN,,,,,NO_SIMILAR_NAME,,UNMAPPED,60,"No unique, country-compatible WPI candidate was found."
fso152,Philippines - Offshore Oil Terminal 1,Philippines,PHL,,,,,NO_SIMILAR_NAME,,UNMAPPED,61,"No unique, country-compatible WPI candidate was found."
fso153,Republic of Congo - Offshore Oil Terminal 1,Republic of Congo,COG,,,,,NO_SIMILAR_NAME,,UNMAPPED,62,"No unique, country-compatible WPI candidate was found."
fso154,Republic of Congo - Offshore Oil Terminal 2,Republic of Congo,COG,,,,,NO_SIMILAR_NAME,,UNMAPPED,63,"No unique, country-compatible WPI candidate was found."
fso155,Republic of Congo - Offshore Oil Terminal 3,Republic of Congo,COG,,,,,NO_SIMILAR_NAME,,UNMAPPED,64,"No unique, country-compatible WPI candidate was found."
fso156,Russian Federation - Offshore Oil Terminal 1,Russian Federation,RUS,,,,,NO_SIMILAR_NAME,,UNMAPPED,65,"No unique, country-compatible WPI candidate was found."
fso157,Russian Federation - Offshore Oil Terminal 2,Russian Federation,RUS,,,,,NO_SIMILAR_NAME,,UNMAPPED,66,"No unique, country-compatible WPI candidate was found."
fso158,Saudi Arabia - Offshore Oil Terminal 1,Saudi Arabia,SAU,,,,,NO_SIMILAR_NAME,,UNMAPPED,67,"No unique, country-compatible WPI candidate was found."
fso159,Senegal - Offshore Oil Terminal 1,Senegal,SEN,,,,,NO_SIMILAR_NAME,,UNMAPPED,68,"No unique, country-compatible WPI candidate was found."
fso16,Brazil - Offshore Oil Terminal 24,Brazil,BRA,,,,,NO_SIMILAR_NAME,,UNMAPPED,69,"No unique, country-compatible WPI candidate was found."
fso160,Senegal - Offshore Oil Terminal 2,Senegal,SEN,,,,,NO_SIMILAR_NAME,,UNMAPPED,70,"No unique, country-compatible WPI candidate was found."
fso161,Singapore - Offshore Oil Terminal 1,Singapore,SGP,,,,,NO_SIMILAR_NAME,,UNMAPPED,71,"No unique, country-compatible WPI candidate was found."
fso162,Thailand - Offshore Oil Terminal 1,Thailand,THA,,,,,NO_SIMILAR_NAME,,UNMAPPED,72,"No unique, country-compatible WPI candidate was found."
fso163,Thailand - Offshore Oil Terminal 2,Thailand,THA,,,,,NO_SIMILAR_NAME,,UNMAPPED,73,"No unique, country-compatible WPI candidate was found."
fso164,Thailand - Offshore Oil Terminal 3,Thailand,THA,,,,,NO_SIMILAR_NAME,,UNMAPPED,74,"No unique, country-compatible WPI candidate was found."
fso165,Thailand - Offshore Oil Terminal 4,Thailand,THA,,,,,NO_SIMILAR_NAME,,UNMAPPED,75,"No unique, country-compatible WPI candidate was found."
fso166,Thailand - Offshore Oil Terminal 5,Thailand,THA,,,,,NO_SIMILAR_NAME,,UNMAPPED,76,"No unique, country-compatible WPI candidate was found."
fso167,Timor-Leste - Offshore Oil Terminal 1,Timor-Leste,TLS,,,,,NO_SIMILAR_NAME,,UNMAPPED,77,"No unique, country-compatible WPI candidate was found."
fso168,Tunisia - Offshore Oil Terminal 1,Tunisia,TUN,,,,,NO_SIMILAR_NAME,,UNMAPPED,78,"No unique, country-compatible WPI candidate was found."
fso169,United Kingdom - Offshore Oil Terminal 1,United Kingdom,GBR,,,,,NO_SIMILAR_NAME,,UNMAPPED,79,"No unique, country-compatible WPI candidate was found."
fso17,Brazil - Offshore Oil Terminal 25,Brazil,BRA,,,,,NO_SIMILAR_NAME,,UNMAPPED,80,"No unique, country-compatible WPI candidate was found."
fso170,United Kingdom - Offshore Oil Terminal 2,United Kingdom,GBR,,,,,NO_SIMILAR_NAME,,UNMAPPED,81,"No unique, country-compatible WPI candidate was found."
fso171,United Kingdom - Offshore Oil Terminal 3,United Kingdom,GBR,,,,,NO_SIMILAR_NAME,,UNMAPPED,82,"No unique, country-compatible WPI candidate was found."
fso172,United Kingdom - Offshore Oil Terminal 4,United Kingdom,GBR,,,,,NO_SIMILAR_NAME,,UNMAPPED,83,"No unique, country-compatible WPI candidate was found."
fso173,United Kingdom - Offshore Oil Terminal 5,United Kingdom,GBR,,,,,NO_SIMILAR_NAME,,UNMAPPED,84,"No unique, country-compatible WPI candidate was found."
fso174,United Kingdom - Offshore Oil Terminal 6,United Kingdom,GBR,,,,,NO_SIMILAR_NAME,,UNMAPPED,85,"No unique, country-compatible WPI candidate was found."
fso175,United States - Offshore Oil Terminal 1,United States,USA,,,,,NO_SIMILAR_NAME,,UNMAPPED,86,"No unique, country-compatible WPI candidate was found."
fso176,Venezuela - Offshore Oil Terminal 1,Venezuela,VEN,,,,,NO_SIMILAR_NAME,,UNMAPPED,87,"No unique, country-compatible WPI candidate was found."
fso177,Vietnam - Offshore Oil Terminal 1,Vietnam,VNM,,,,,NO_SIMILAR_NAME,,UNMAPPED,88,"No unique, country-compatible WPI candidate was found."
fso178,Vietnam - Offshore Oil Terminal 2,Vietnam,VNM,,,,,NO_SIMILAR_NAME,,UNMAPPED,89,"No unique, country-compatible WPI candidate was found."
fso179,Vietnam - Offshore Oil Terminal 3,Vietnam,VNM,,,,,NO_SIMILAR_NAME,,UNMAPPED,90,"No unique, country-compatible WPI candidate was found."
fso18,Brazil - Offshore Oil Terminal 26,Brazil,BRA,,,,,NO_SIMILAR_NAME,,UNMAPPED,91,"No unique, country-compatible WPI candidate was found."
fso180,Republic of Congo - Offshore Oil Terminal 4,Republic of Congo,COG,,,,,NO_SIMILAR_NAME,,UNMAPPED,92,"No unique, country-compatible WPI candidate was found."
fso19,Brazil - Offshore Oil Terminal 27,Brazil,BRA,,,,,NO_SIMILAR_NAME,,UNMAPPED,93,"No unique, country-compatible WPI candidate was found."
fso2,Brazil - Offshore Oil Terminal 11,Brazil,BRA,,,,,NO_SIMILAR_NAME,,UNMAPPED,94,"No unique, country-compatible WPI candidate was found."
fso20,Brazil - Offshore Oil Terminal 28,Brazil,BRA,,,,,NO_SIMILAR_NAME,,UNMAPPED,95,"No unique, country-compatible WPI candidate was found."
fso21,Brazil - Offshore Oil Terminal 29,Brazil,BRA,,,,,NO_SIMILAR_NAME,,UNMAPPED,96,"No unique, country-compatible WPI candidate was found."
fso22,Brazil - Offshore Oil Terminal 3,Brazil,BRA,,,,,NO_SIMILAR_NAME,,UNMAPPED,97,"No unique, country-compatible WPI candidate was found."
fso23,Brazil - Offshore Oil Terminal 30,Brazil,BRA,,,,,NO_SIMILAR_NAME,,UNMAPPED,98,"No unique, country-compatible WPI candidate was found."
fso24,Brazil - Offshore Oil Terminal 31,Brazil,BRA,,,,,NO_SIMILAR_NAME,,UNMAPPED,99,"No unique, country-compatible WPI candidate was found."
fso25,Brazil - Offshore Oil Terminal 32,Brazil,BRA,,,,,NO_SIMILAR_NAME,,UNMAPPED,100,"No unique, country-compatible WPI candidate was found."
fso26,Brazil - Offshore Oil Terminal 33,Brazil,BRA,,,,,NO_SIMILAR_NAME,,UNMAPPED,101,"No unique, country-compatible WPI candidate was found."
fso27,Brazil - Offshore Oil Terminal 34,Brazil,BRA,,,,,NO_SIMILAR_NAME,,UNMAPPED,102,"No unique, country-compatible WPI candidate was found."
fso28,Brazil - Offshore Oil Terminal 35,Brazil,BRA,,,,,NO_SIMILAR_NAME,,UNMAPPED,103,"No unique, country-compatible WPI candidate was found."
fso29,Brazil - Offshore Oil Terminal 36,Brazil,BRA,,,,,NO_SIMILAR_NAME,,UNMAPPED,104,"No unique, country-compatible WPI candidate was found."
fso3,Brazil - Offshore Oil Terminal 12,Brazil,BRA,,,,,NO_SIMILAR_NAME,,UNMAPPED,105,"No unique, country-compatible WPI candidate was found."
fso30,Brazil - Offshore Oil Terminal 37,Brazil,BRA,,,,,NO_SIMILAR_NAME,,UNMAPPED,106,"No unique, country-compatible WPI candidate was found."
fso31,Brazil - Offshore Oil Terminal 38,Brazil,BRA,,,,,NO_SIMILAR_NAME,,UNMAPPED,107,"No unique, country-compatible WPI candidate was found."
fso32,Brazil - Offshore Oil Terminal 39,Brazil,BRA,,,,,NO_SIMILAR_NAME,,UNMAPPED,108,"No unique, country-compatible WPI candidate was found."
fso33,Brazil - Offshore Oil Terminal 4,Brazil,BRA,,,,,NO_SIMILAR_NAME,,UNMAPPED,109,"No unique, country-compatible WPI candidate was found."
fso34,Brazil - Offshore Oil Terminal 40,Brazil,BRA,,,,,NO_SIMILAR_NAME,,UNMAPPED,110,"No unique, country-compatible WPI candidate was found."
fso35,Brazil - Offshore Oil Terminal 41,Brazil,BRA,,,,,NO_SIMILAR_NAME,,UNMAPPED,111,"No unique, country-compatible WPI candidate was found."
fso36,Brazil - Offshore Oil Terminal 42,Brazil,BRA,,,,,NO_SIMILAR_NAME,,UNMAPPED,112,"No unique, country-compatible WPI candidate was found."
fso37,Brazil - Offshore Oil Terminal 43,Brazil,BRA,,,,,NO_SIMILAR_NAME,,UNMAPPED,113,"No unique, country-compatible WPI candidate was found."
fso38,Brazil - Offshore Oil Terminal 44,Brazil,BRA,,,,,NO_SIMILAR_NAME,,UNMAPPED,114,"No unique, country-compatible WPI candidate was found."
fso39,Brazil - Offshore Oil Terminal 45,Brazil,BRA,,,,,NO_SIMILAR_NAME,,UNMAPPED,115,"No unique, country-compatible WPI candidate was found."
fso4,Brazil - Offshore Oil Terminal 13,Brazil,BRA,,,,,NO_SIMILAR_NAME,,UNMAPPED,116,"No unique, country-compatible WPI candidate was found."
fso40,Brazil - Offshore Oil Terminal 5,Brazil,BRA,,,,,NO_SIMILAR_NAME,,UNMAPPED,117,"No unique, country-compatible WPI candidate was found."
fso41,Brazil - Offshore Oil Terminal 6,Brazil,BRA,,,,,NO_SIMILAR_NAME,,UNMAPPED,118,"No unique, country-compatible WPI candidate was found."
fso42,Brazil - Offshore Oil Terminal 7,Brazil,BRA,,,,,NO_SIMILAR_NAME,,UNMAPPED,119,"No unique, country-compatible WPI candidate was found."
fso43,Brazil - Offshore Oil Terminal 8,Brazil,BRA,,,,,NO_SIMILAR_NAME,,UNMAPPED,120,"No unique, country-compatible WPI candidate was found."
fso44,Brazil - Offshore Oil Terminal 9,Brazil,BRA,,,,,NO_SIMILAR_NAME,,UNMAPPED,121,"No unique, country-compatible WPI candidate was found."
fso45,Equatorial Guinea - Offshore Oil Terminal 1,Equatorial Guinea,GNQ,,,,,NO_SIMILAR_NAME,,UNMAPPED,122,"No unique, country-compatible WPI candidate was found."
fso46,Equatorial Guinea - Offshore Oil Terminal 2,Equatorial Guinea,GNQ,,,,,NO_SIMILAR_NAME,,UNMAPPED,123,"No unique, country-compatible WPI candidate was found."
fso47,Equatorial Guinea - Offshore Oil Terminal 3,Equatorial Guinea,GNQ,,,,,NO_SIMILAR_NAME,,UNMAPPED,124,"No unique, country-compatible WPI candidate was found."
fso48,Guyana - Offshore Oil Terminal 1,Guyana,GUY,,,,,NO_SIMILAR_NAME,,UNMAPPED,125,"No unique, country-compatible WPI candidate was found."
fso49,Guyana - Offshore Oil Terminal 2,Guyana,GUY,,,,,NO_SIMILAR_NAME,,UNMAPPED,126,"No unique, country-compatible WPI candidate was found."
fso5,Brazil - Offshore Oil Terminal 14,Brazil,BRA,,,,,NO_SIMILAR_NAME,,UNMAPPED,127,"No unique, country-compatible WPI candidate was found."
fso50,Guyana - Offshore Oil Terminal 3,Guyana,GUY,,,,,NO_SIMILAR_NAME,,UNMAPPED,128,"No unique, country-compatible WPI candidate was found."
fso51,Guyana - Offshore Oil Terminal 4,Guyana,GUY,,,,,NO_SIMILAR_NAME,,UNMAPPED,129,"No unique, country-compatible WPI candidate was found."
fso52,Angola - Offshore Oil Terminal 1,Angola,AGO,,,,,NO_SIMILAR_NAME,,UNMAPPED,130,"No unique, country-compatible WPI candidate was found."
fso53,Angola - Offshore Oil Terminal 2,Angola,AGO,,,,,NO_SIMILAR_NAME,,UNMAPPED,131,"No unique, country-compatible WPI candidate was found."
fso54,Angola - Offshore Oil Terminal 3,Angola,AGO,,,,,NO_SIMILAR_NAME,,UNMAPPED,132,"No unique, country-compatible WPI candidate was found."
fso55,Angola - Offshore Oil Terminal 4,Angola,AGO,,,,,NO_SIMILAR_NAME,,UNMAPPED,133,"No unique, country-compatible WPI candidate was found."
fso56,Angola - Offshore Oil Terminal 5,Angola,AGO,,,,,NO_SIMILAR_NAME,,UNMAPPED,134,"No unique, country-compatible WPI candidate was found."
fso57,Angola - Offshore Oil Terminal 6,Angola,AGO,,,,,NO_SIMILAR_NAME,,UNMAPPED,135,"No unique, country-compatible WPI candidate was found."
fso58,Angola - Offshore Oil Terminal 7,Angola,AGO,,,,,NO_SIMILAR_NAME,,UNMAPPED,136,"No unique, country-compatible WPI candidate was found."
fso59,Australia - Offshore Oil Terminal 1,Australia,AUS,,,,,NO_SIMILAR_NAME,,UNMAPPED,137,"No unique, country-compatible WPI candidate was found."
fso6,Brazil - Offshore Oil Terminal 15,Brazil,BRA,,,,,NO_SIMILAR_NAME,,UNMAPPED,138,"No unique, country-compatible WPI candidate was found."
fso60,Australia - Offshore Oil Terminal 2,Australia,AUS,,,,,NO_SIMILAR_NAME,,UNMAPPED,139,"No unique, country-compatible WPI candidate was found."
fso61,Australia - Offshore Oil Terminal 3,Australia,AUS,,,,,NO_SIMILAR_NAME,,UNMAPPED,140,"No unique, country-compatible WPI candidate was found."
fso62,Australia - Offshore Oil Terminal 4,Australia,AUS,,,,,NO_SIMILAR_NAME,,UNMAPPED,141,"No unique, country-compatible WPI candidate was found."
fso63,Australia - Offshore Oil Terminal 5,Australia,AUS,,,,,NO_SIMILAR_NAME,,UNMAPPED,142,"No unique, country-compatible WPI candidate was found."
fso64,Bangladesh - Offshore Oil Terminal 1,Bangladesh,BGD,,,,,NO_SIMILAR_NAME,,UNMAPPED,143,"No unique, country-compatible WPI candidate was found."
fso65,Cameroon - Offshore Oil Terminal 1,Cameroon,CMR,,,,,NO_SIMILAR_NAME,,UNMAPPED,144,"No unique, country-compatible WPI candidate was found."
fso66,Canada - Offshore Oil Terminal 1,Canada,CAN,,,,,NO_SIMILAR_NAME,,UNMAPPED,145,"No unique, country-compatible WPI candidate was found."
fso67,China - Offshore Oil Terminal 1,China,CHN,,,,,NO_SIMILAR_NAME,,UNMAPPED,146,"No unique, country-compatible WPI candidate was found."
fso68,China - Offshore Oil Terminal 2,China,CHN,,,,,NO_SIMILAR_NAME,,UNMAPPED,147,"No unique, country-compatible WPI candidate was found."
fso69,China - Offshore Oil Terminal 3,China,CHN,,,,,NO_SIMILAR_NAME,,UNMAPPED,148,"No unique, country-compatible WPI candidate was found."
fso7,Brazil - Offshore Oil Terminal 16,Brazil,BRA,,,,,NO_SIMILAR_NAME,,UNMAPPED,149,"No unique, country-compatible WPI candidate was found."
fso70,China - Offshore Oil Terminal 4,China,CHN,,,,,NO_SIMILAR_NAME,,UNMAPPED,150,"No unique, country-compatible WPI candidate was found."
fso71,Côte d'Ivoire - Offshore Oil Terminal 1,Côte d'Ivoire,CIV,,,,,NO_SIMILAR_NAME,,UNMAPPED,151,"No unique, country-compatible WPI candidate was found."
fso72,Democratic Republic of the Congo - Offshore Oil Terminal 1,Democratic Republic of the Congo,COD,,,,,NO_SIMILAR_NAME,,UNMAPPED,152,"No unique, country-compatible WPI candidate was found."
fso73,Democratic Republic of the Congo - Offshore Oil Terminal 2,Democratic Republic of the Congo,COD,,,,,NO_SIMILAR_NAME,,UNMAPPED,153,"No unique, country-compatible WPI candidate was found."
fso74,Democratic Republic of the Congo - Offshore Oil Terminal 3,Democratic Republic of the Congo,COD,,,,,NO_SIMILAR_NAME,,UNMAPPED,154,"No unique, country-compatible WPI candidate was found."
fso75,Democratic Republic of the Congo - Offshore Oil Terminal 4,Democratic Republic of the Congo,COD,,,,,NO_SIMILAR_NAME,,UNMAPPED,155,"No unique, country-compatible WPI candidate was found."
fso76,Gabon - Offshore Oil Terminal 1,Gabon,GAB,,,,,NO_SIMILAR_NAME,,UNMAPPED,156,"No unique, country-compatible WPI candidate was found."
fso77,Gabon - Offshore Oil Terminal 2,Gabon,GAB,,,,,NO_SIMILAR_NAME,,UNMAPPED,157,"No unique, country-compatible WPI candidate was found."
fso78,Gabon - Offshore Oil Terminal 3,Gabon,GAB,,,,,NO_SIMILAR_NAME,,UNMAPPED,158,"No unique, country-compatible WPI candidate was found."
fso79,Ghana - Offshore Oil Terminal 1,Ghana,GHA,,,,,NO_SIMILAR_NAME,,UNMAPPED,159,"No unique, country-compatible WPI candidate was found."
fso8,Brazil - Offshore Oil Terminal 17,Brazil,BRA,,,,,NO_SIMILAR_NAME,,UNMAPPED,160,"No unique, country-compatible WPI candidate was found."
fso80,Ghana - Offshore Oil Terminal 2,Ghana,GHA,,,,,NO_SIMILAR_NAME,,UNMAPPED,161,"No unique, country-compatible WPI candidate was found."
fso81,Ghana - Offshore Oil Terminal 3,Ghana,GHA,,,,,NO_SIMILAR_NAME,,UNMAPPED,162,"No unique, country-compatible WPI candidate was found."
fso82,India - Offshore Oil Terminal 1,India,IND,,,,,NO_SIMILAR_NAME,,UNMAPPED,163,"No unique, country-compatible WPI candidate was found."
fso83,India - Offshore Oil Terminal 2,India,IND,,,,,NO_SIMILAR_NAME,,UNMAPPED,164,"No unique, country-compatible WPI candidate was found."
fso84,India - Offshore Oil Terminal 3,India,IND,,,,,NO_SIMILAR_NAME,,UNMAPPED,165,"No unique, country-compatible WPI candidate was found."
fso85,India - Offshore Oil Terminal 4,India,IND,,,,,NO_SIMILAR_NAME,,UNMAPPED,166,"No unique, country-compatible WPI candidate was found."
fso86,Indonesia - Offshore Oil Terminal 1,Indonesia,IDN,,,,,NO_SIMILAR_NAME,,UNMAPPED,167,"No unique, country-compatible WPI candidate was found."
fso87,Indonesia - Offshore Oil Terminal 10,Indonesia,IDN,,,,,NO_SIMILAR_NAME,,UNMAPPED,168,"No unique, country-compatible WPI candidate was found."
fso88,Indonesia - Offshore Oil Terminal 11,Indonesia,IDN,,,,,NO_SIMILAR_NAME,,UNMAPPED,169,"No unique, country-compatible WPI candidate was found."
fso89,Indonesia - Offshore Oil Terminal 12,Indonesia,IDN,,,,,NO_SIMILAR_NAME,,UNMAPPED,170,"No unique, country-compatible WPI candidate was found."
fso9,Brazil - Offshore Oil Terminal 18,Brazil,BRA,,,,,NO_SIMILAR_NAME,,UNMAPPED,171,"No unique, country-compatible WPI candidate was found."
fso90,Indonesia - Offshore Oil Terminal 13,Indonesia,IDN,,,,,NO_SIMILAR_NAME,,UNMAPPED,172,"No unique, country-compatible WPI candidate was found."
fso91,Indonesia - Offshore Oil Terminal 14,Indonesia,IDN,,,,,NO_SIMILAR_NAME,,UNMAPPED,173,"No unique, country-compatible WPI candidate was found."
fso92,Indonesia - Offshore Oil Terminal 15,Indonesia,IDN,,,,,NO_SIMILAR_NAME,,UNMAPPED,174,"No unique, country-compatible WPI candidate was found."
fso93,Indonesia - Offshore Oil Terminal 2,Indonesia,IDN,,,,,NO_SIMILAR_NAME,,UNMAPPED,175,"No unique, country-compatible WPI candidate was found."
fso94,Indonesia - Offshore Oil Terminal 3,Indonesia,IDN,,,,,NO_SIMILAR_NAME,,UNMAPPED,176,"No unique, country-compatible WPI candidate was found."
fso95,Indonesia - Offshore Oil Terminal 4,Indonesia,IDN,,,,,NO_SIMILAR_NAME,,UNMAPPED,177,"No unique, country-compatible WPI candidate was found."
fso96,Indonesia - Offshore Oil Terminal 5,Indonesia,IDN,,,,,NO_SIMILAR_NAME,,UNMAPPED,178,"No unique, country-compatible WPI candidate was found."
fso97,Indonesia - Offshore Oil Terminal 6,Indonesia,IDN,,,,,NO_SIMILAR_NAME,,UNMAPPED,179,"No unique, country-compatible WPI candidate was found."
fso98,Indonesia - Offshore Oil Terminal 7,Indonesia,IDN,,,,,NO_SIMILAR_NAME,,UNMAPPED,180,"No unique, country-compatible WPI candidate was found."
fso99,Indonesia - Offshore Oil Terminal 8,Indonesia,IDN,,,,,NO_SIMILAR_NAME,,UNMAPPED,181,"No unique, country-compatible WPI candidate was found."
port0,Abbot Point,Australia,AUS,53405,Hay Point,Australia,LOC_WPI_53405,REVIEW_SIMILAR_NAME,0.700000,REVIEW_REQUIRED,182,Candidate is similar but below the automatic confidence threshold.
port100,Baku Port,Azerbaijan,AZE,,,,,NO_SIMILAR_NAME,,UNMAPPED,183,"No unique, country-compatible WPI candidate was found."
port1001,Fortaleza (Mucuripe),Brazil,BRA,12650,Porto De Mucuripe,Brazil,LOC_WPI_12650,REVIEW_SIMILAR_NAME,0.742857,REVIEW_REQUIRED,184,Candidate is similar but below the automatic confidence threshold.
port1003,Chioggia,Italy,ITA,,,,,NO_SIMILAR_NAME,,UNMAPPED,185,"No unique, country-compatible WPI candidate was found."
port1004,Ravenna,Italy,ITA,,,,,NO_SIMILAR_NAME,,UNMAPPED,186,"No unique, country-compatible WPI candidate was found."
port1006,Malamocco,Italy,ITA,,,,,NO_SIMILAR_NAME,,UNMAPPED,187,"No unique, country-compatible WPI candidate was found."
port1007,Oristano,Italy,ITA,,,,,NO_SIMILAR_NAME,,UNMAPPED,188,"No unique, country-compatible WPI candidate was found."
port1008,Palermo,Italy,ITA,,,,,NO_MEANINGFUL_NAME_TOKEN,,UNMAPPED,189,"No unique, country-compatible WPI candidate was found."
port1010,Pecem,Brazil,BRA,,,,,NO_SIMILAR_NAME,,UNMAPPED,190,"No unique, country-compatible WPI candidate was found."
port1013,Piombino,Italy,ITA,,,,,NO_SIMILAR_NAME,,UNMAPPED,191,"No unique, country-compatible WPI candidate was found."
port1015,Skoldvik,Finland,FIN,,,,,NO_SIMILAR_NAME,,UNMAPPED,192,"No unique, country-compatible WPI candidate was found."
port1016,Poti,Georgia,GEO,,,,,NO_SIMILAR_NAME,,UNMAPPED,193,"No unique, country-compatible WPI candidate was found."
port1026,Bayovar,Peru,PER,,,,,NO_SIMILAR_NAME,,UNMAPPED,194,"No unique, country-compatible WPI candidate was found."
port1035,Colon,Panama,PAN,13730,Colon,Argentina,LOC_WPI_13730,REVIEW_NAME_COUNTRY_ALIAS,,REVIEW_REQUIRED,195,"Port name matches, but country labels are not in the approved alias groups."
port1038,Bilbao,Spain,ESP,,,,,NO_SIMILAR_NAME,,UNMAPPED,196,"No unique, country-compatible WPI candidate was found."
port1039,Carboneras,Spain,ESP,,,,,NO_SIMILAR_NAME,,UNMAPPED,197,"No unique, country-compatible WPI candidate was found."
port1040,Chimbote,Peru,PER,,,,,NO_SIMILAR_NAME,,UNMAPPED,198,"No unique, country-compatible WPI candidate was found."
port1041,Garrucha,Spain,ESP,,,,,NO_SIMILAR_NAME,,UNMAPPED,199,"No unique, country-compatible WPI candidate was found."
port1042,Haina,Dominican Republic,DOM,,,,,NO_SIMILAR_NAME,,UNMAPPED,200,"No unique, country-compatible WPI candidate was found."
port1043,San Lorenzo (Henecan),Honduras,HND,,,,,NO_SIMILAR_NAME,,UNMAPPED,201,"No unique, country-compatible WPI candidate was found."
port1044,Pasajes,Spain,ESP,,,,,NO_SIMILAR_NAME,,UNMAPPED,202,"No unique, country-compatible WPI candidate was found."
port1045,Callao,Peru,PER,,,,,NO_SIMILAR_NAME,,UNMAPPED,203,"No unique, country-compatible WPI candidate was found."
port1047,Ilo,Peru,PER,,,,,NO_SIMILAR_NAME,,UNMAPPED,204,"No unique, country-compatible WPI candidate was found."
port1054,Puerto Nuevo,Colombia,COL,,,,,NO_SIMILAR_NAME,,UNMAPPED,205,"No unique, country-compatible WPI candidate was found."
port1059,San Martin,Argentina,ARG,13600,Puerto San Martin,Argentina,LOC_WPI_13600,REVIEW_SIMILAR_NAME,0.740741,REVIEW_REQUIRED,206,Candidate is similar but below the automatic confidence threshold.
port106,Bandar Shahid Rajaee,Iran,IRN,48495,Bandar-E Shahid Reajie,Iran,LOC_WPI_48495,REVIEW_SIMILAR_NAME,0.857143,REVIEW_REQUIRED,207,Candidate is similar but below the automatic confidence threshold.
port1062,Penang,Malaysia,MYS,,,,,NO_SIMILAR_NAME,,UNMAPPED,208,"No unique, country-compatible WPI candidate was found."
port1064,Punta Lobitos,Peru,PER,15200,Caleta Lobitos,Peru,LOC_WPI_15200,REVIEW_SIMILAR_NAME,0.740741,REVIEW_REQUIRED,209,Candidate is similar but below the automatic confidence threshold.
port1066,Put Put,Papua New Guinea,PNG,,,,,NO_SIMILAR_NAME,,UNMAPPED,210,"No unique, country-compatible WPI candidate was found."
port1067,Pyeongtaek,Korea,KOR,60325,Pyeongtaek Hang,South Korea,LOC_WPI_60325,REVIEW_SIMILAR_NAME,0.800000,REVIEW_REQUIRED,211,Candidate is similar but below the automatic confidence threshold.
port1069,Qingdao Port,China,CHN,,,,,NO_SIMILAR_NAME,,UNMAPPED,212,"No unique, country-compatible WPI candidate was found."
port1070,Dongjiakou,China,CHN,,,,,NO_SIMILAR_NAME,,UNMAPPED,213,"No unique, country-compatible WPI candidate was found."
port1073,Qiwei,China,CHN,,,,,NO_SIMILAR_NAME,,UNMAPPED,214,"No unique, country-compatible WPI candidate was found."
port1083,Vado Ligure,Italy,ITA,,,,,NO_SIMILAR_NAME,,UNMAPPED,215,"No unique, country-compatible WPI candidate was found."
port1084,Brest,France,FRA,,,,,NO_SIMILAR_NAME,,UNMAPPED,216,"No unique, country-compatible WPI candidate was found."
port1086,Yangon,Myanmar,MMR,,,,,NO_MEANINGFUL_NAME_TOKEN,,UNMAPPED,217,"No unique, country-compatible WPI candidate was found."
port1093,Rayong,Thailand,THA,,,,,NO_SIMILAR_NAME,,UNMAPPED,218,"No unique, country-compatible WPI candidate was found."
port1096,Rethymnon,Greece,GRC,,,,,NO_MEANINGFUL_NAME_TOKEN,,UNMAPPED,219,"No unique, country-compatible WPI candidate was found."
port110,Benghazi,Libya,LBY,,,,,NO_MEANINGFUL_NAME_TOKEN,,UNMAPPED,220,"No unique, country-compatible WPI candidate was found."
port1101,Rijeka,Croatia,HRV,41010,Rijeka Luka,Croatia,LOC_WPI_41010,REVIEW_SIMILAR_NAME,0.705882,REVIEW_REQUIRED,221,Candidate is similar but below the automatic confidence threshold.
port1107,Rørvik,Norway,NOR,,,,,NO_MEANINGFUL_NAME_TOKEN,,UNMAPPED,222,"No unique, country-compatible WPI candidate was found."
port1116,Rumoi,Japan,JPN,61250,Rumoi Ko,Japan,LOC_WPI_61250,REVIEW_SIMILAR_NAME,0.769231,REVIEW_REQUIRED,223,Candidate is similar but below the automatic confidence threshold.
port1117,Al Ruwais,Qatar,QAT,,,,,NO_SIMILAR_NAME,,UNMAPPED,224,"No unique, country-compatible WPI candidate was found."
port1123,Saint-Laurent-du-Maroni,French Guiana,GUF,,,,,NO_SIMILAR_NAME,,UNMAPPED,225,"No unique, country-compatible WPI candidate was found."
port1125,Saint-Marc,Haiti,HTI,,,,,NO_SIMILAR_NAME,,UNMAPPED,226,"No unique, country-compatible WPI candidate was found."
port1127,Sakai,Japan,JPN,,,,,NO_MEANINGFUL_NAME_TOKEN,,UNMAPPED,227,"No unique, country-compatible WPI candidate was found."
port1129,Sakaide,Japan,JPN,62110,Sakaide Ko,Japan,LOC_WPI_62110,REVIEW_SIMILAR_NAME,0.823529,REVIEW_REQUIRED,228,Candidate is similar but below the automatic confidence threshold.
port1130,Sakata,Japan,JPN,,,,,NO_MEANINGFUL_NAME_TOKEN,,UNMAPPED,229,"No unique, country-compatible WPI candidate was found."
port1131,Sal Rei,Cabo Verde,CPV,,,,,NO_SIMILAR_NAME,,UNMAPPED,230,"No unique, country-compatible WPI candidate was found."
port1142,San Giorgio,Italy,ITA,,,,,NO_SIMILAR_NAME,,UNMAPPED,231,"No unique, country-compatible WPI candidate was found."
port1148,Sandnessjøen,Norway,NOR,,,,,NO_MEANINGFUL_NAME_TOKEN,,UNMAPPED,232,"No unique, country-compatible WPI candidate was found."
port115,Bizerte,Tunisia,TUN,,,,,NO_SIMILAR_NAME,,UNMAPPED,233,"No unique, country-compatible WPI candidate was found."
port1150,Saint Petersburg,Russian Federation,RUS,,,,,NO_MEANINGFUL_NAME_TOKEN,,UNMAPPED,234,"No unique, country-compatible WPI candidate was found."
port1151,Sanshandaocun,China,CHN,,,,,NO_SIMILAR_NAME,,UNMAPPED,235,"No unique, country-compatible WPI candidate was found."
port1164,Port of Sabah,Malaysia,MYS,,,,,NO_SIMILAR_NAME,,UNMAPPED,236,"No unique, country-compatible WPI candidate was found."
port1172,Suakin,Sudan,SDN,,,,,NO_SIMILAR_NAME,,UNMAPPED,237,"No unique, country-compatible WPI candidate was found."
port1176,Seghe,Solomon Islands,SLB,,,,,NO_SIMILAR_NAME,,UNMAPPED,238,"No unique, country-compatible WPI candidate was found."
port1185,Seville,Spain,ESP,,,,,NO_MEANINGFUL_NAME_TOKEN,,UNMAPPED,239,"No unique, country-compatible WPI candidate was found."
port1186,Shala Pristan,Russian Federation,RUS,,,,,NO_SIMILAR_NAME,,UNMAPPED,240,"No unique, country-compatible WPI candidate was found."
port1187,Shantou,China,CHN,,,,,NO_MEANINGFUL_NAME_TOKEN,,UNMAPPED,241,"No unique, country-compatible WPI candidate was found."
port1189,Shekou (Shenzhen),China,CHN,,,,,NO_SIMILAR_NAME,,UNMAPPED,242,"No unique, country-compatible WPI candidate was found."
port1190,Shibushi,Japan,JPN,62224,Shibushi Wan,Japan,LOC_WPI_62224,REVIEW_SIMILAR_NAME,0.800000,REVIEW_REQUIRED,243,Candidate is similar but below the automatic confidence threshold.
port1191,Shidao Newport,China,CHN,,,,,NO_SIMILAR_NAME,,UNMAPPED,244,"No unique, country-compatible WPI candidate was found."
port1192,Shijing Longxiang,China,CHN,,,,,NO_SIMILAR_NAME,,UNMAPPED,245,"No unique, country-compatible WPI candidate was found."
port1193,Shimizu,Japan,JPN,61460,Shimizu Ko,Japan,LOC_WPI_61460,REVIEW_SIMILAR_NAME,0.823529,REVIEW_REQUIRED,246,Candidate is similar but below the automatic confidence threshold.
port1195,Shougang Jingtang,China,CHN,60193,Tangshan (Jingtang),China,LOC_WPI_60193,REVIEW_SIMILAR_NAME,0.705882,REVIEW_REQUIRED,247,Candidate is similar but below the automatic confidence threshold.
port12,Aiyion,Greece,GRC,,,,,NO_MEANINGFUL_NAME_TOKEN,,UNMAPPED,248,"No unique, country-compatible WPI candidate was found."
port1201,Singapore,Singapore,SGP,,,,,NO_SIMILAR_NAME,,UNMAPPED,249,"No unique, country-compatible WPI candidate was found."
port1204,Skagen,Denmark,DNK,30440,Skagen Havn,Denmark,LOC_WPI_30440,REVIEW_SIMILAR_NAME,0.705882,REVIEW_REQUIRED,250,Candidate is similar but below the automatic confidence threshold.
port1208,Slagentangen,Norway,NOR,,,,,NO_MEANINGFUL_NAME_TOKEN,,UNMAPPED,251,"No unique, country-compatible WPI candidate was found."
port1211,Songkhla,Thailand,THA,,,,,NO_SIMILAR_NAME,,UNMAPPED,252,"No unique, country-compatible WPI candidate was found."
port1212,Souda (Chania),Greece,GRC,,,,,NO_SIMILAR_NAME,,UNMAPPED,253,"No unique, country-compatible WPI candidate was found."
port1214,South Louisiana,United States,USA,,,,,NO_SIMILAR_NAME,,UNMAPPED,254,"No unique, country-compatible WPI candidate was found."
port1219,Saint John,Canada,CAN,6550,St John,Canada,LOC_WPI_6550,REVIEW_SIMILAR_NAME,0.823529,REVIEW_REQUIRED,255,Candidate is similar but below the automatic confidence threshold.
port1220,Saint John's,Canada,CAN,1670,St John's,Canada,LOC_WPI_1670,REVIEW_SIMILAR_NAME,0.857143,REVIEW_REQUIRED,256,Candidate is similar but below the automatic confidence threshold.
port1221,Port of Saint John's,Antigua and Barbuda,ATG,,,,,NO_SIMILAR_NAME,,UNMAPPED,257,"No unique, country-compatible WPI candidate was found."
port1233,Sundaomen Wuz,China,CHN,,,,,NO_SIMILAR_NAME,,UNMAPPED,258,"No unique, country-compatible WPI candidate was found."
port1239,Susaki,Japan,JPN,61980,Susaki Ko,Japan,LOC_WPI_61980,REVIEW_SIMILAR_NAME,0.800000,REVIEW_REQUIRED,259,Candidate is similar but below the automatic confidence threshold.
port1240,Suva,Fiji,FJI,,,,,NO_SIMILAR_NAME,,UNMAPPED,260,"No unique, country-compatible WPI candidate was found."
port1241,Swanport,United States,USA,,,,,NO_MEANINGFUL_NAME_TOKEN,,UNMAPPED,261,"No unique, country-compatible WPI candidate was found."
port1245,Sydney,United States,USA,,,,,AMBIGUOUS_NAME_COUNTRY,,REVIEW_REQUIRED,262,Port name matches multiple WPI records with different countries.
port1250,Tagonoura,Japan,JPN,61415,Tagonoura Ko,Japan,LOC_WPI_61415,REVIEW_SIMILAR_NAME,0.857143,REVIEW_REQUIRED,263,Candidate is similar but below the automatic confidence threshold.
port1252,Taichung,Taiwan Province of China,TWN,,,,,NO_MEANINGFUL_NAME_TOKEN,,UNMAPPED,264,"No unique, country-compatible WPI candidate was found."
port1253,Suzhou (Taicang),China,CHN,,,,,NO_SIMILAR_NAME,,UNMAPPED,265,"No unique, country-compatible WPI candidate was found."
port1258,Tallinn,Estonia,EST,,,,,NO_SIMILAR_NAME,,UNMAPPED,266,"No unique, country-compatible WPI candidate was found."
port1259,Tampa Port,United States,USA,,,,,NO_MEANINGFUL_NAME_TOKEN,,UNMAPPED,267,"No unique, country-compatible WPI candidate was found."
port1261,Taipei,Taiwan Province of China,TWN,,,,,NO_SIMILAR_NAME,,UNMAPPED,268,"No unique, country-compatible WPI candidate was found."
port1272,Tanjung Redeb,Indonesia,IDN,,,,,NO_MEANINGFUL_NAME_TOKEN,,UNMAPPED,269,"No unique, country-compatible WPI candidate was found."
port1274,Tripoli,Lebanon,LBN,,,,,NO_SIMILAR_NAME,,UNMAPPED,270,"No unique, country-compatible WPI candidate was found."
port1276,Betio (Tarawa),Kiribati,KIR,,,,,NO_SIMILAR_NAME,,UNMAPPED,271,"No unique, country-compatible WPI candidate was found."
port1288,Thathong,Thailand,THA,,,,,NO_SIMILAR_NAME,,UNMAPPED,272,"No unique, country-compatible WPI candidate was found."
port129,Bautino,Kazakhstan,KAZ,,,,,NO_SIMILAR_NAME,,UNMAPPED,273,"No unique, country-compatible WPI candidate was found."
port1291,Saigon,Vietnam,VNM,,,,,NO_SIMILAR_NAME,,UNMAPPED,274,"No unique, country-compatible WPI candidate was found."
port130,Bay City,United States,USA,,,,,AMBIGUOUS_NAME_COUNTRY,,REVIEW_REQUIRED,275,Multiple WPI ports share this normalized name and country.
port1305,Tokyo,Japan,JPN,61380,Tokyo Ko,Japan,LOC_WPI_61380,REVIEW_SIMILAR_NAME,0.769231,REVIEW_REQUIRED,276,Candidate is similar but below the automatic confidence threshold.
port1306,Toledo,United States,USA,,,,,AMBIGUOUS_NAME_COUNTRY,,REVIEW_REQUIRED,277,Multiple WPI ports share this normalized name and country.
port1307,Tulear (Toliara),Madagascar,MDG,,,,,NO_SIMILAR_NAME,,UNMAPPED,278,"No unique, country-compatible WPI candidate was found."
port1308,Tomakomai,Japan,JPN,61165,Tomakomai Ko,Japan,LOC_WPI_61165,REVIEW_SIMILAR_NAME,0.857143,REVIEW_REQUIRED,279,Candidate is similar but below the automatic confidence threshold.
port1309,Donghae,Korea,KOR,,,,,NO_MEANINGFUL_NAME_TOKEN,,UNMAPPED,280,"No unique, country-compatible WPI candidate was found."
port1311,Torneå,Finland,FIN,,,,,NO_SIMILAR_NAME,,UNMAPPED,281,"No unique, country-compatible WPI candidate was found."
port1319,Trincomalee,Sri Lanka,LKA,49290,Trincomalee Harbor,Sri Lanka,LOC_WPI_49290,REVIEW_SIMILAR_NAME,0.758621,REVIEW_REQUIRED,282,Candidate is similar but below the automatic confidence threshold.
port132,Beirut,Lebanon,LBN,,,,,NO_SIMILAR_NAME,,UNMAPPED,283,"No unique, country-compatible WPI candidate was found."
port1321,Tromsø,Norway,NOR,,,,,NO_MEANINGFUL_NAME_TOKEN,,UNMAPPED,284,"No unique, country-compatible WPI candidate was found."
port1324,Tsukumi,Japan,JPN,62170,Tsukumi Ko,Japan,LOC_WPI_62170,REVIEW_SIMILAR_NAME,0.823529,REVIEW_REQUIRED,285,Candidate is similar but below the automatic confidence threshold.
port1325,Tsuruga,Japan,JPN,61810,Tsuruga Ko,Japan,LOC_WPI_61810,REVIEW_SIMILAR_NAME,0.823529,REVIEW_REQUIRED,286,Candidate is similar but below the automatic confidence threshold.
port1330,Turkmenbashi Port,Turkmenistan,TKM,,,,,NO_SIMILAR_NAME,,UNMAPPED,287,"No unique, country-compatible WPI candidate was found."
port1335,Ube,Japan,JPN,,,,,NO_SIMILAR_NAME,,UNMAPPED,288,"No unique, country-compatible WPI candidate was found."
port1336,Makassar,Indonesia,IDN,,,,,NO_SIMILAR_NAME,,UNMAPPED,289,"No unique, country-compatible WPI candidate was found."
port1340,Umm al Qaiwain,United Arab Emirates,ARE,48273,Umm Al Qaywayn,United Arab Emirates,LOC_WPI_48273,REVIEW_SIMILAR_NAME,0.857143,REVIEW_REQUIRED,290,Candidate is similar but below the automatic confidence threshold.
port1342,Doha-Umm Said,Qatar,QAT,48287,Umm Said,Qatar,LOC_WPI_48287,REVIEW_SIMILAR_NAME,0.761905,REVIEW_REQUIRED,291,Candidate is similar but below the automatic confidence threshold.
port1343,Uno,Japan,JPN,,,,,NO_SIMILAR_NAME,,UNMAPPED,292,"No unique, country-compatible WPI candidate was found."
port1345,Uwajima,Japan,JPN,62010,Uwajima Ko,Japan,LOC_WPI_62010,REVIEW_SIMILAR_NAME,0.823529,REVIEW_REQUIRED,293,Candidate is similar but below the automatic confidence threshold.
port1349,Valletta,Malta,MLT,,,,,NO_SIMILAR_NAME,,UNMAPPED,294,"No unique, country-compatible WPI candidate was found."
port1354,Varkaus,Finland,FIN,,,,,NO_SIMILAR_NAME,,UNMAPPED,295,"No unique, country-compatible WPI candidate was found."
port1364,Vikanes,Norway,NOR,,,,,NO_SIMILAR_NAME,,UNMAPPED,296,"No unique, country-compatible WPI candidate was found."
port1367,Visakhapatnam,India,IND,,,,,NO_MEANINGFUL_NAME_TOKEN,,UNMAPPED,297,"No unique, country-compatible WPI candidate was found."
port1371,Vlora,Albania,ALB,,,,,NO_MEANINGFUL_NAME_TOKEN,,UNMAPPED,298,"No unique, country-compatible WPI candidate was found."
port1372,Voh,New Caledonia,NCL,,,,,NO_SIMILAR_NAME,,UNMAPPED,299,"No unique, country-compatible WPI candidate was found."
port1378,Kitakyushu (Wakamatsu),Japan,JPN,,,,,NO_SIMILAR_NAME,,UNMAPPED,300,"No unique, country-compatible WPI candidate was found."
port1385,Weifang Port,China,CHN,,,,,NO_SIMILAR_NAME,,UNMAPPED,301,"No unique, country-compatible WPI candidate was found."
port1393,Marsden Point,New Zealand,NZL,,,,,NO_SIMILAR_NAME,,UNMAPPED,302,"No unique, country-compatible WPI candidate was found."
port1398,"Wilmington, DE",United States,USA,,,,,AMBIGUOUS_SIMILAR_NAME,,UNMAPPED,303,"No unique, country-compatible WPI candidate was found."
port1399,"Wilmington, NC",United States,USA,,,,,AMBIGUOUS_SIMILAR_NAME,,UNMAPPED,304,"No unique, country-compatible WPI candidate was found."
port14,Akita,Japan,JPN,,,,,NO_MEANINGFUL_NAME_TOKEN,,UNMAPPED,305,"No unique, country-compatible WPI candidate was found."
port1403,Xiagong,China,CHN,,,,,NO_SIMILAR_NAME,,UNMAPPED,306,"No unique, country-compatible WPI candidate was found."
port1407,Yalova,Türkiye,TUR,,,,,NO_SIMILAR_NAME,,UNMAPPED,307,"No unique, country-compatible WPI candidate was found."
port1408,Yanbu (Yanbu city),Saudi Arabia,SAU,,,,,NO_SIMILAR_NAME,,UNMAPPED,308,"No unique, country-compatible WPI candidate was found."
port1417,Yokohama,Japan,JPN,61390,Yokohama Ko,Japan,LOC_WPI_61390,REVIEW_SIMILAR_NAME,0.842105,REVIEW_REQUIRED,309,Candidate is similar but below the automatic confidence threshold.
port1418,Yokosuka,Japan,JPN,61400,Yokosuka Ko,Japan,LOC_WPI_61400,REVIEW_SIMILAR_NAME,0.842105,REVIEW_REQUIRED,310,Candidate is similar but below the automatic confidence threshold.
port1419,Pivdennyi,Ukraine,UKR,,,,,NO_SIMILAR_NAME,,UNMAPPED,311,"No unique, country-compatible WPI candidate was found."
port1425,Suzhou (Zhangjiagang),China,CHN,,,,,NO_MEANINGFUL_NAME_TOKEN,,UNMAPPED,312,"No unique, country-compatible WPI candidate was found."
port1428,Zhouliwang,China,CHN,,,,,NO_SIMILAR_NAME,,UNMAPPED,313,"No unique, country-compatible WPI candidate was found."
port1432,Punta Arenas,Chile,CHL,14100,Rada Punta Arenas,Chile,LOC_WPI_14100,REVIEW_SIMILAR_NAME,0.827586,REVIEW_REQUIRED,314,Candidate is similar but below the automatic confidence threshold.
port145,Benoa,Indonesia,IDN,,,,,AMBIGUOUS_NAME_COUNTRY,,REVIEW_REQUIRED,315,Multiple WPI ports share this normalized name and country.
port149,Bintulu,Malaysia,MYS,51585,Bintulu Port,Malaysia,LOC_WPI_51585,REVIEW_SIMILAR_NAME,0.736842,REVIEW_REQUIRED,316,Candidate is similar but below the automatic confidence threshold.
port15,Ako,Japan,JPN,,,,,NO_SIMILAR_NAME,,UNMAPPED,317,"No unique, country-compatible WPI candidate was found."
port154,Huanghua,China,CHN,,,,,NO_MEANINGFUL_NAME_TOKEN,,UNMAPPED,318,"No unique, country-compatible WPI candidate was found."
port157,Bossaso,Somalia,SOM,,,,,NO_MEANINGFUL_NAME_TOKEN,,UNMAPPED,319,"No unique, country-compatible WPI candidate was found."
port16,Aktau Port,Kazakhstan,KAZ,,,,,NO_SIMILAR_NAME,,UNMAPPED,320,"No unique, country-compatible WPI candidate was found."
port161,Port Botany,Australia,AUS,,,,,NO_MEANINGFUL_NAME_TOKEN,,UNMAPPED,321,"No unique, country-compatible WPI candidate was found."
port164,Brades,Montserrat,MSR,,,,,NO_SIMILAR_NAME,,UNMAPPED,322,"No unique, country-compatible WPI candidate was found."
port166,Porto do Acu,Brazil,BRA,,,,,AMBIGUOUS_SIMILAR_NAME,,UNMAPPED,323,"No unique, country-compatible WPI candidate was found."
port170,Bridgeport (US-CT),United States,USA,7570,Bridgeport,United States,LOC_WPI_7570,REVIEW_SIMILAR_NAME,0.769231,REVIEW_REQUIRED,324,Candidate is similar but below the automatic confidence threshold.
port177,Brownsville (US-PA),United States,USA,9340,Brownsville,United States,LOC_WPI_9340,REVIEW_SIMILAR_NAME,0.785714,REVIEW_REQUIRED,325,Candidate is similar but below the automatic confidence threshold.
port179,Brunsbuettel,Germany,DEU,,,,,NO_SIMILAR_NAME,,UNMAPPED,326,"No unique, country-compatible WPI candidate was found."
port18,Hudaydah (Hodeidah),Yemen,YEM,,,,,NO_SIMILAR_NAME,,UNMAPPED,327,"No unique, country-compatible WPI candidate was found."
port182,Buco,Philippines,PHL,,,,,NO_MEANINGFUL_NAME_TOKEN,,UNMAPPED,328,"No unique, country-compatible WPI candidate was found."
port186,Buka,Papua New Guinea,PNG,,,,,NO_SIMILAR_NAME,,UNMAPPED,329,"No unique, country-compatible WPI candidate was found."
port187,Vanino,Russian Federation,RUS,,,,,NO_SIMILAR_NAME,,UNMAPPED,330,"No unique, country-compatible WPI candidate was found."
port19,Aqaba,Jordan,JOR,,,,,NO_MEANINGFUL_NAME_TOKEN,,UNMAPPED,331,"No unique, country-compatible WPI candidate was found."
port191,Safaga,Egypt,EGY,,,,,NO_MEANINGFUL_NAME_TOKEN,,UNMAPPED,332,"No unique, country-compatible WPI candidate was found."
port192,Port Said,Egypt,EGY,,,,,NO_SIMILAR_NAME,,UNMAPPED,333,"No unique, country-compatible WPI candidate was found."
port195,Burns Harbour,United States,USA,,,,,NO_MEANINGFUL_NAME_TOKEN,,UNMAPPED,334,"No unique, country-compatible WPI candidate was found."
port2001,Izmail,Ukraine,UKR,,,,,NO_MEANINGFUL_NAME_TOKEN,,UNMAPPED,335,"No unique, country-compatible WPI candidate was found."
port2003,Olvia,Ukraine,UKR,,,,,NO_SIMILAR_NAME,,UNMAPPED,336,"No unique, country-compatible WPI candidate was found."
port2005,Giurgiulesti Port,Moldova,MDA,,,,,NO_SIMILAR_NAME,,UNMAPPED,337,"No unique, country-compatible WPI candidate was found."
port2008,Romportmet,Romania,ROU,,,,,NO_SIMILAR_NAME,,UNMAPPED,338,"No unique, country-compatible WPI candidate was found."
port2011,Otago,New Zealand,NZL,,,,,NO_SIMILAR_NAME,,UNMAPPED,339,"No unique, country-compatible WPI candidate was found."
port2016,Eilat,Israel,ISR,,,,,NO_MEANINGFUL_NAME_TOKEN,,UNMAPPED,340,"No unique, country-compatible WPI candidate was found."
port2017,Moji,Japan,JPN,,,,,NO_MEANINGFUL_NAME_TOKEN,,UNMAPPED,341,"No unique, country-compatible WPI candidate was found."
port2019,Dongguan,China,CHN,,,,,NO_MEANINGFUL_NAME_TOKEN,,UNMAPPED,342,"No unique, country-compatible WPI candidate was found."
port2021,Jiaxing,China,CHN,,,,,NO_SIMILAR_NAME,,UNMAPPED,343,"No unique, country-compatible WPI candidate was found."
port2023,Bantry Bay,Ireland,IRL,34260,Bantry,Ireland,LOC_WPI_34260,REVIEW_SIMILAR_NAME,0.750000,REVIEW_REQUIRED,344,Candidate is similar but below the automatic confidence threshold.
port2025,Khalifa Port,United Arab Emirates,ARE,,,,,NO_SIMILAR_NAME,,UNMAPPED,345,"No unique, country-compatible WPI candidate was found."
port2026,Hamad Port,Qatar,QAT,,,,,NO_SIMILAR_NAME,,UNMAPPED,346,"No unique, country-compatible WPI candidate was found."
port2027,Shanghai (Yangshan),China,CHN,,,,,NO_SIMILAR_NAME,,UNMAPPED,347,"No unique, country-compatible WPI candidate was found."
port2028,Mawan,China,CHN,,,,,NO_SIMILAR_NAME,,UNMAPPED,348,"No unique, country-compatible WPI candidate was found."
port2029,Dachan Bay,China,CHN,,,,,NO_SIMILAR_NAME,,UNMAPPED,349,"No unique, country-compatible WPI candidate was found."
port2030,Qianhai Bay,China,CHN,,,,,NO_SIMILAR_NAME,,UNMAPPED,350,"No unique, country-compatible WPI candidate was found."
port2031,King Abdullah Port,Saudi Arabia,SAU,48121,King Fahd Port,Saudi Arabia,LOC_WPI_48121,REVIEW_SIMILAR_NAME,0.750000,REVIEW_REQUIRED,351,Candidate is similar but below the automatic confidence threshold.
port2032,Posorja,Ecuador,ECU,,,,,NO_SIMILAR_NAME,,UNMAPPED,352,"No unique, country-compatible WPI candidate was found."
port2033,Port of Yeosu,Korea,KOR,,,,,NO_SIMILAR_NAME,,UNMAPPED,353,"No unique, country-compatible WPI candidate was found."
port2035,Itapoa,Brazil,BRA,,,,,NO_SIMILAR_NAME,,UNMAPPED,354,"No unique, country-compatible WPI candidate was found."
port2037,Diliskelesi,Türkiye,TUR,,,,,NO_SIMILAR_NAME,,UNMAPPED,355,"No unique, country-compatible WPI candidate was found."
port2038,Kattupalli,India,IND,49454.5,Kattupalli Port,India,LOC_WPI_49454.5,REVIEW_SIMILAR_NAME,0.800000,REVIEW_REQUIRED,356,Candidate is similar but below the automatic confidence threshold.
port2040,Naha,Japan,JPN,62500,Naha Ko,Japan,LOC_WPI_62500,REVIEW_SIMILAR_NAME,0.727273,REVIEW_REQUIRED,357,Candidate is similar but below the automatic confidence threshold.
port2041,Omaezaki,Japan,JPN,61425,Omaezaki Ko,Japan,LOC_WPI_61425,REVIEW_SIMILAR_NAME,0.842105,REVIEW_REQUIRED,358,Candidate is similar but below the automatic confidence threshold.
port2042,Chu Lai,Vietnam,VNM,57575,Cat Lai,Vietnam,LOC_WPI_57575,REVIEW_SIMILAR_NAME,0.714286,REVIEW_REQUIRED,359,Candidate is similar but below the automatic confidence threshold.
port2043,Borusan,Türkiye,TUR,,,,,NO_SIMILAR_NAME,,UNMAPPED,360,"No unique, country-compatible WPI candidate was found."
port2044,El Dekheila,Egypt,EGY,,,,,NO_SIMILAR_NAME,,UNMAPPED,361,"No unique, country-compatible WPI candidate was found."
port2045,Porto de Itaguai,Brazil,BRA,12740,Porto De Suape,Brazil,LOC_WPI_12740,REVIEW_SIMILAR_NAME,0.733333,REVIEW_REQUIRED,362,Candidate is similar but below the automatic confidence threshold.
port2047,Rades (La Goulette),Tunisia,TUN,45420,La Goulette,Tunisia,LOC_WPI_45420,REVIEW_SIMILAR_NAME,0.785714,REVIEW_REQUIRED,363,Candidate is similar but below the automatic confidence threshold.
port2052,Cape Flattery,Australia,AUS,53318,Cape Flattery Harbor,Australia,LOC_WPI_53318,REVIEW_SIMILAR_NAME,0.787879,REVIEW_REQUIRED,364,Candidate is similar but below the automatic confidence threshold.
port2059,Melilla,Spain,ESP,,,,,NO_MEANINGFUL_NAME_TOKEN,,UNMAPPED,365,"No unique, country-compatible WPI candidate was found."
port2061,Mourilyan,Australia,AUS,,,,,NO_SIMILAR_NAME,,UNMAPPED,366,"No unique, country-compatible WPI candidate was found."
port2062,Nanaimo,Canada,CAN,,,,,NO_SIMILAR_NAME,,UNMAPPED,367,"No unique, country-compatible WPI candidate was found."
port2063,Ngqura,South Africa,ZAF,,,,,NO_SIMILAR_NAME,,UNMAPPED,368,"No unique, country-compatible WPI candidate was found."
port2066,Port of Virginia,United States,USA,,,,,NO_SIMILAR_NAME,,UNMAPPED,369,"No unique, country-compatible WPI candidate was found."
port2067,Shuaiba,Kuwait,KWT,,,,,NO_SIMILAR_NAME,,UNMAPPED,370,"No unique, country-compatible WPI candidate was found."
port207,Kolkata (Syama Prasad Mookerje Port),India,IND,,,,,NO_SIMILAR_NAME,,UNMAPPED,371,"No unique, country-compatible WPI candidate was found."
port2070,Wallhamn,Sweden,SWE,,,,,NO_MEANINGFUL_NAME_TOKEN,,UNMAPPED,372,"No unique, country-compatible WPI candidate was found."
port2071,Ust-Danube,Ukraine,UKR,,,,,NO_SIMILAR_NAME,,UNMAPPED,373,"No unique, country-compatible WPI candidate was found."
port2072,Port of Skadovsk,Ukraine,UKR,,,,,NO_SIMILAR_NAME,,UNMAPPED,374,"No unique, country-compatible WPI candidate was found."
port2073,Kismayo,Somalia,SOM,,,,,NO_MEANINGFUL_NAME_TOKEN,,UNMAPPED,375,"No unique, country-compatible WPI candidate was found."
port2074,Jazan,Saudi Arabia,SAU,,,,,NO_MEANINGFUL_NAME_TOKEN,,UNMAPPED,376,"No unique, country-compatible WPI candidate was found."
port2075,Orkney,United Kingdom,GBR,,,,,NO_SIMILAR_NAME,,UNMAPPED,377,"No unique, country-compatible WPI candidate was found."
port2077,Bilhorod-Dnistrovskyi,Ukraine,UKR,,,,,NO_MEANINGFUL_NAME_TOKEN,,UNMAPPED,378,"No unique, country-compatible WPI candidate was found."
port2079,Gizo,Solomon Islands,SLB,,,,,NO_SIMILAR_NAME,,UNMAPPED,379,"No unique, country-compatible WPI candidate was found."
port2080,Ringgi,Solomon Islands,SLB,57005,Ringgi Cove,Solomon Islands,LOC_WPI_57005,REVIEW_SIMILAR_NAME,0.705882,REVIEW_REQUIRED,380,Candidate is similar but below the automatic confidence threshold.
port2081,Savusavu,Fiji,FJI,55560,Savusavu Bay,Fiji,LOC_WPI_55560,REVIEW_SIMILAR_NAME,0.800000,REVIEW_REQUIRED,381,Candidate is similar but below the automatic confidence threshold.
port2082,Nabouwalu,Fiji,FJI,,,,,NO_SIMILAR_NAME,,UNMAPPED,382,"No unique, country-compatible WPI candidate was found."
port2083,Lughughi,Solomon Islands,SLB,,,,,NO_SIMILAR_NAME,,UNMAPPED,383,"No unique, country-compatible WPI candidate was found."
port2084,Rennell Island,Solomon Islands,SLB,,,,,NO_SIMILAR_NAME,,UNMAPPED,384,"No unique, country-compatible WPI candidate was found."
port2085,Cat Lai (Saigon New Port),Vietnam,VNM,,,,,NO_SIMILAR_NAME,,UNMAPPED,385,"No unique, country-compatible WPI candidate was found."
port2086,Cherbourg,France,FRA,,,,,NO_SIMILAR_NAME,,UNMAPPED,386,"No unique, country-compatible WPI candidate was found."
port2089,Kirkcaldy,United Kingdom,GBR,,,,,NO_MEANINGFUL_NAME_TOKEN,,UNMAPPED,387,"No unique, country-compatible WPI candidate was found."
port2092,Romano,Albania,ALB,,,,,NO_SIMILAR_NAME,,UNMAPPED,388,"No unique, country-compatible WPI candidate was found."
port2093,Rosales,Argentina,ARG,,,,,NO_SIMILAR_NAME,,UNMAPPED,389,"No unique, country-compatible WPI candidate was found."
port2094,Punta Loyola,Argentina,ARG,,,,,NO_SIMILAR_NAME,,UNMAPPED,390,"No unique, country-compatible WPI candidate was found."
port2095,Del Guazu,Argentina,ARG,,,,,NO_SIMILAR_NAME,,UNMAPPED,391,"No unique, country-compatible WPI candidate was found."
port2098,Guamare,Brazil,BRA,,,,,NO_SIMILAR_NAME,,UNMAPPED,392,"No unique, country-compatible WPI candidate was found."
port21,Ras Lanuf (Al Burayqah),Libya,LBY,,,,,NO_SIMILAR_NAME,,UNMAPPED,393,"No unique, country-compatible WPI candidate was found."
port2100,Limboh,Cameroon,CMR,,,,,NO_SIMILAR_NAME,,UNMAPPED,394,"No unique, country-compatible WPI candidate was found."
port2101,Point Tupper,Canada,CAN,,,,,NO_SIMILAR_NAME,,UNMAPPED,395,"No unique, country-compatible WPI candidate was found."
port2107,Guayacan,Chile,CHL,,,,,NO_SIMILAR_NAME,,UNMAPPED,396,"No unique, country-compatible WPI candidate was found."
port2109,Mokha,Yemen,YEM,,,,,NO_SIMILAR_NAME,,UNMAPPED,397,"No unique, country-compatible WPI candidate was found."
port2110,Pulandian,China,CHN,,,,,NO_SIMILAR_NAME,,UNMAPPED,398,"No unique, country-compatible WPI candidate was found."
port2111,Qushan Island,China,CHN,,,,,NO_SIMILAR_NAME,,UNMAPPED,399,"No unique, country-compatible WPI candidate was found."
port2113,Gulei,China,CHN,,,,,NO_SIMILAR_NAME,,UNMAPPED,400,"No unique, country-compatible WPI candidate was found."
port2114,Guangao,China,CHN,,,,,NO_MEANINGFUL_NAME_TOKEN,,UNMAPPED,401,"No unique, country-compatible WPI candidate was found."
port2115,Luanjiakou,China,CHN,,,,,NO_SIMILAR_NAME,,UNMAPPED,402,"No unique, country-compatible WPI candidate was found."
port2116,Dafeng,China,CHN,,,,,NO_SIMILAR_NAME,,UNMAPPED,403,"No unique, country-compatible WPI candidate was found."
port2118,Luoyuan,China,CHN,,,,,NO_SIMILAR_NAME,,UNMAPPED,404,"No unique, country-compatible WPI candidate was found."
port2121,Punta Morales,Costa Rica,CRI,,,,,NO_SIMILAR_NAME,,UNMAPPED,405,"No unique, country-compatible WPI candidate was found."
port2125,Stigsnaes,Denmark,DNK,,,,,NO_MEANINGFUL_NAME_TOKEN,,UNMAPPED,406,"No unique, country-compatible WPI candidate was found."
port2127,Barahona,Dominican Republic,DOM,,,,,NO_SIMILAR_NAME,,UNMAPPED,407,"No unique, country-compatible WPI candidate was found."
port2128,Puerto Viejo,Dominican Republic,DOM,11060,Puerto Viejo De Azua,Dominican Republic,LOC_WPI_11060,REVIEW_SIMILAR_NAME,0.750000,REVIEW_REQUIRED,408,Candidate is similar but below the automatic confidence threshold.
port2129,Sidi Kerir,Egypt,EGY,45172,Sidi Kerir (Kurayr),Egypt,LOC_WPI_45172,REVIEW_SIMILAR_NAME,0.740741,REVIEW_REQUIRED,409,Candidate is similar but below the automatic confidence threshold.
port213,Dung Quat,Vietnam,VNM,,,,,NO_SIMILAR_NAME,,UNMAPPED,410,"No unique, country-compatible WPI candidate was found."
port2131,Zeit Bay,Egypt,EGY,,,,,NO_SIMILAR_NAME,,UNMAPPED,411,"No unique, country-compatible WPI candidate was found."
port2136,Berre,France,FRA,,,,,NO_SIMILAR_NAME,,UNMAPPED,412,"No unique, country-compatible WPI candidate was found."
port2137,Antifer,France,FRA,,,,,NO_MEANINGFUL_NAME_TOKEN,,UNMAPPED,413,"No unique, country-compatible WPI candidate was found."
port2138,Gamba,Gabon,GAB,,,,,NO_SIMILAR_NAME,,UNMAPPED,414,"No unique, country-compatible WPI candidate was found."
port2139,Supsa,Georgia,GEO,,,,,NO_SIMILAR_NAME,,UNMAPPED,415,"No unique, country-compatible WPI candidate was found."
port2140,Stade,Germany,DEU,,,,,NO_SIMILAR_NAME,,UNMAPPED,416,"No unique, country-compatible WPI candidate was found."
port2141,Pachi,Greece,GRC,,,,,NO_SIMILAR_NAME,,UNMAPPED,417,"No unique, country-compatible WPI candidate was found."
port2142,Lavrion,Greece,GRC,,,,,NO_MEANINGFUL_NAME_TOKEN,,UNMAPPED,418,"No unique, country-compatible WPI candidate was found."
port2143,Chalkis,Greece,GRC,,,,,NO_SIMILAR_NAME,,UNMAPPED,419,"No unique, country-compatible WPI candidate was found."
port2145,Atherinolakos,Greece,GRC,,,,,NO_SIMILAR_NAME,,UNMAPPED,420,"No unique, country-compatible WPI candidate was found."
port2146,Psakhna,Greece,GRC,,,,,NO_SIMILAR_NAME,,UNMAPPED,421,"No unique, country-compatible WPI candidate was found."
port2147,San Nicolas,Greece,GRC,13650,San Nicolas,Argentina,LOC_WPI_13650,REVIEW_NAME_COUNTRY_ALIAS,,REVIEW_REQUIRED,422,"Port name matches, but country labels are not in the approved alias groups."
port2148,Hvalfjordur,Iceland,ISL,,,,,NO_MEANINGFUL_NAME_TOKEN,,UNMAPPED,423,"No unique, country-compatible WPI candidate was found."
port2150,Vizhinjam,India,IND,,,,,NO_SIMILAR_NAME,,UNMAPPED,424,"No unique, country-compatible WPI candidate was found."
port2153,Karimun,Indonesia,IDN,,,,,NO_SIMILAR_NAME,,UNMAPPED,425,"No unique, country-compatible WPI candidate was found."
port2155,Sungai Pakning,Indonesia,IDN,,,,,NO_MEANINGFUL_NAME_TOKEN,,UNMAPPED,426,"No unique, country-compatible WPI candidate was found."
port2156,Padang,Indonesia,IDN,,,,,NO_MEANINGFUL_NAME_TOKEN,,UNMAPPED,427,"No unique, country-compatible WPI candidate was found."
port2161,Kijing,Indonesia,IDN,,,,,NO_MEANINGFUL_NAME_TOKEN,,UNMAPPED,428,"No unique, country-compatible WPI candidate was found."
port2162,Amurang,Indonesia,IDN,,,,,NO_SIMILAR_NAME,,UNMAPPED,429,"No unique, country-compatible WPI candidate was found."
port2164,Kharg Island,Iran,IRN,,,,,NO_SIMILAR_NAME,,UNMAPPED,430,"No unique, country-compatible WPI candidate was found."
port2165,Lavan,Iran,IRN,,,,,NO_SIMILAR_NAME,,UNMAPPED,431,"No unique, country-compatible WPI candidate was found."
port2168,Falconara,Italy,ITA,,,,,NO_SIMILAR_NAME,,UNMAPPED,432,"No unique, country-compatible WPI candidate was found."
port2173,Henza Island,Japan,JPN,,,,,NO_SIMILAR_NAME,,UNMAPPED,433,"No unique, country-compatible WPI candidate was found."
port2176,Kanokawa,Japan,JPN,61655,Kanokawa Ko,Japan,LOC_WPI_61655,REVIEW_SIMILAR_NAME,0.842105,REVIEW_REQUIRED,434,Candidate is similar but below the automatic confidence threshold.
port2177,Nakagusukuwan,Japan,JPN,,,,,NO_MEANINGFUL_NAME_TOKEN,,UNMAPPED,435,"No unique, country-compatible WPI candidate was found."
port2178,Mutsure,Japan,JPN,,,,,NO_SIMILAR_NAME,,UNMAPPED,436,"No unique, country-compatible WPI candidate was found."
port2179,Chofu,Japan,JPN,,,,,NO_SIMILAR_NAME,,UNMAPPED,437,"No unique, country-compatible WPI candidate was found."
port2180,Kinwan,Japan,JPN,,,,,NO_MEANINGFUL_NAME_TOKEN,,UNMAPPED,438,"No unique, country-compatible WPI candidate was found."
port2181,Saiki,Japan,JPN,62175,Saiki Ko,Japan,LOC_WPI_62175,REVIEW_SIMILAR_NAME,0.769231,REVIEW_REQUIRED,439,Candidate is similar but below the automatic confidence threshold.
port2182,Owase,Japan,JPN,61515,Owase Ko,Japan,LOC_WPI_61515,REVIEW_SIMILAR_NAME,0.769231,REVIEW_REQUIRED,440,Candidate is similar but below the automatic confidence threshold.
port2183,Okpo (Geoje),Korea,KOR,,,,,NO_SIMILAR_NAME,,UNMAPPED,441,"No unique, country-compatible WPI candidate was found."
port2185,Jinhae,Korea,KOR,,,,,NO_SIMILAR_NAME,,UNMAPPED,442,"No unique, country-compatible WPI candidate was found."
port2186,Chekka,Lebanon,LBN,,,,,NO_SIMILAR_NAME,,UNMAPPED,443,"No unique, country-compatible WPI candidate was found."
port2187,Aamchit,Lebanon,LBN,,,,,NO_SIMILAR_NAME,,UNMAPPED,444,"No unique, country-compatible WPI candidate was found."
port2188,Derna,Libya,LBY,,,,,NO_MEANINGFUL_NAME_TOKEN,,UNMAPPED,445,"No unique, country-compatible WPI candidate was found."
port2189,Pengerang,Malaysia,MYS,,,,,NO_SIMILAR_NAME,,UNMAPPED,446,"No unique, country-compatible WPI candidate was found."
port2190,Kimanis,Malaysia,MYS,,,,,NO_SIMILAR_NAME,,UNMAPPED,447,"No unique, country-compatible WPI candidate was found."
port2191,Kunak,Malaysia,MYS,,,,,NO_SIMILAR_NAME,,UNMAPPED,448,"No unique, country-compatible WPI candidate was found."
port2192,Tawau,Malaysia,MYS,,,,,NO_MEANINGFUL_NAME_TOKEN,,UNMAPPED,449,"No unique, country-compatible WPI candidate was found."
port2193,Bijela,Montenegro,MNE,,,,,NO_SIMILAR_NAME,,UNMAPPED,450,"No unique, country-compatible WPI candidate was found."
port2194,Tan Tan,Morocco,MAR,,,,,NO_SIMILAR_NAME,,UNMAPPED,451,"No unique, country-compatible WPI candidate was found."
port2195,Baie De Prony,New Caledonia,NCL,,,,,NO_SIMILAR_NAME,,UNMAPPED,452,"No unique, country-compatible WPI candidate was found."
port2200,Taboguilla,Panama,PAN,,,,,NO_SIMILAR_NAME,,UNMAPPED,453,"No unique, country-compatible WPI candidate was found."
port2202,Pisco (General San Martin),Peru,PER,,,,,NO_SIMILAR_NAME,,UNMAPPED,454,"No unique, country-compatible WPI candidate was found."
port2203,La Pampilla,Peru,PER,,,,,NO_SIMILAR_NAME,,UNMAPPED,455,"No unique, country-compatible WPI candidate was found."
port2204,Eten,Peru,PER,,,,,NO_SIMILAR_NAME,,UNMAPPED,456,"No unique, country-compatible WPI candidate was found."
port2205,Mollendo,Peru,PER,,,,,NO_SIMILAR_NAME,,UNMAPPED,457,"No unique, country-compatible WPI candidate was found."
port2206,Supe,Peru,PER,,,,,NO_SIMILAR_NAME,,UNMAPPED,458,"No unique, country-compatible WPI candidate was found."
port2208,Amlan,Philippines,PHL,,,,,NO_SIMILAR_NAME,,UNMAPPED,459,"No unique, country-compatible WPI candidate was found."
port2209,Calaca,Philippines,PHL,,,,,NO_MEANINGFUL_NAME_TOKEN,,UNMAPPED,460,"No unique, country-compatible WPI candidate was found."
port2210,Balayan,Philippines,PHL,,,,,NO_MEANINGFUL_NAME_TOKEN,,UNMAPPED,461,"No unique, country-compatible WPI candidate was found."
port2211,Porto Santo,Portugal,PRT,,,,,NO_SIMILAR_NAME,,UNMAPPED,462,"No unique, country-compatible WPI candidate was found."
port2212,Ponce,Puerto Rico,PRI,,,,,NO_SIMILAR_NAME,,UNMAPPED,463,"No unique, country-compatible WPI candidate was found."
port2215,Sabetta,Russian Federation,RUS,,,,,NO_SIMILAR_NAME,,UNMAPPED,464,"No unique, country-compatible WPI candidate was found."
port2216,Petropavlovsk-Kamchatskiy,Russian Federation,RUS,,,,,NO_SIMILAR_NAME,,UNMAPPED,465,"No unique, country-compatible WPI candidate was found."
port2218,Shuqaiq,Saudi Arabia,SAU,,,,,NO_SIMILAR_NAME,,UNMAPPED,466,"No unique, country-compatible WPI candidate was found."
port2224,Galle,Sri Lanka,LKA,,,,,NO_SIMILAR_NAME,,UNMAPPED,467,"No unique, country-compatible WPI candidate was found."
port2225,Bashayer,Sudan,SDN,,,,,NO_SIMILAR_NAME,,UNMAPPED,468,"No unique, country-compatible WPI candidate was found."
port2227,Tartous,Syria,SYR,,,,,NO_MEANINGFUL_NAME_TOKEN,,UNMAPPED,469,"No unique, country-compatible WPI candidate was found."
port2229,Anping,Taiwan Province of China,TWN,,,,,NO_SIMILAR_NAME,,UNMAPPED,470,"No unique, country-compatible WPI candidate was found."
port223,Moa,Cuba,CUB,,,,,NO_SIMILAR_NAME,,UNMAPPED,471,"No unique, country-compatible WPI candidate was found."
port2230,Suao,Taiwan Province of China,TWN,,,,,NO_MEANINGFUL_NAME_TOKEN,,UNMAPPED,472,"No unique, country-compatible WPI candidate was found."
port2235,Zirku Island,United Arab Emirates,ARE,,,,,NO_SIMILAR_NAME,,UNMAPPED,473,"No unique, country-compatible WPI candidate was found."
port2236,Jebel Dhanna,United Arab Emirates,ARE,,,,,NO_SIMILAR_NAME,,UNMAPPED,474,"No unique, country-compatible WPI candidate was found."
port2237,Das Island,United Arab Emirates,ARE,,,,,NO_SIMILAR_NAME,,UNMAPPED,475,"No unique, country-compatible WPI candidate was found."
port2238,Hound Point,United Kingdom,GBR,31972,Hound Point Terminal,United Kingdom,LOC_WPI_31972,REVIEW_SIMILAR_NAME,0.709677,REVIEW_REQUIRED,476,Candidate is similar but below the automatic confidence threshold.
port2239,Flotta,United Kingdom,GBR,,,,,NO_SIMILAR_NAME,,UNMAPPED,477,"No unique, country-compatible WPI candidate was found."
port2240,Douglas,United Kingdom,GBR,33610,Douglas,Isle of Man,LOC_WPI_33610,REVIEW_NAME_COUNTRY_ALIAS,,REVIEW_REQUIRED,478,"Port name matches, but country labels are not in the approved alias groups."
port2243,Loch Striven,United Kingdom,GBR,,,,,NO_SIMILAR_NAME,,UNMAPPED,479,"No unique, country-compatible WPI candidate was found."
port2245,Ras Isa Terminal,Yemen,YEM,48155,Ras Isa Marine Terminal,Yemen,LOC_WPI_48155,REVIEW_SIMILAR_NAME,0.820513,REVIEW_REQUIRED,480,Candidate is similar but below the automatic confidence threshold.
port2247,Delaware,United States,USA,,,,,NO_SIMILAR_NAME,,UNMAPPED,481,"No unique, country-compatible WPI candidate was found."
port2248,Rodeo,United States,USA,,,,,NO_SIMILAR_NAME,,UNMAPPED,482,"No unique, country-compatible WPI candidate was found."
port2255,Manchester,United States,USA,34700,Manchester,United Kingdom,LOC_WPI_34700,REVIEW_NAME_COUNTRY_ALIAS,,REVIEW_REQUIRED,483,"Port name matches, but country labels are not in the approved alias groups."
port2257,Punta Pereira,Uruguay,URY,,,,,NO_SIMILAR_NAME,,UNMAPPED,484,"No unique, country-compatible WPI candidate was found."
port226,Chabahar,Iran,IRN,,,,,NO_MEANINGFUL_NAME_TOKEN,,UNMAPPED,485,"No unique, country-compatible WPI candidate was found."
port2262,Van Phong,Vietnam,VNM,57680,Hai Phong,Vietnam,LOC_WPI_57680,REVIEW_SIMILAR_NAME,0.777778,REVIEW_REQUIRED,486,Candidate is similar but below the automatic confidence threshold.
port2263,Ash Shihr,Yemen,YEM,,,,,NO_SIMILAR_NAME,,UNMAPPED,487,"No unique, country-compatible WPI candidate was found."
port2266,Fairless Hills,United States,USA,,,,,NO_SIMILAR_NAME,,UNMAPPED,488,"No unique, country-compatible WPI candidate was found."
port227,Suzhou (Changshu),China,CHN,,,,,NO_SIMILAR_NAME,,UNMAPPED,489,"No unique, country-compatible WPI candidate was found."
port2271,Garacad,Somalia,SOM,,,,,NO_SIMILAR_NAME,,UNMAPPED,490,"No unique, country-compatible WPI candidate was found."
port2273,Fernandina,United States,USA,8560,Fernandina Beach,United States,LOC_WPI_8560,REVIEW_SIMILAR_NAME,0.769231,REVIEW_REQUIRED,491,Candidate is similar but below the automatic confidence threshold.
port2274,Madero,Mexico,MEX,,,,,NO_SIMILAR_NAME,,UNMAPPED,492,"No unique, country-compatible WPI candidate was found."
port2275,Deseado,Argentina,ARG,,,,,NO_SIMILAR_NAME,,UNMAPPED,493,"No unique, country-compatible WPI candidate was found."
port2276,San Antonio Este,Argentina,ARG,,,,,NO_SIMILAR_NAME,,UNMAPPED,494,"No unique, country-compatible WPI candidate was found."
port2277,Chacabuco,Chile,CHL,14197,Puerto Chacabuco,Chile,LOC_WPI_14197,REVIEW_SIMILAR_NAME,0.720000,REVIEW_REQUIRED,495,Candidate is similar but below the automatic confidence threshold.
port2278,San Andres,Colombia,COL,9768,San Andres Island,Colombia,LOC_WPI_9768,REVIEW_SIMILAR_NAME,0.740741,REVIEW_REQUIRED,496,Candidate is similar but below the automatic confidence threshold.
port2279,Cumarebo,Venezuela,VEN,,,,,NO_SIMILAR_NAME,,UNMAPPED,497,"No unique, country-compatible WPI candidate was found."
port2280,Guaranao,Venezuela,VEN,,,,,NO_MEANINGFUL_NAME_TOKEN,,UNMAPPED,498,"No unique, country-compatible WPI candidate was found."
port2283,Moerdijk,The Netherlands,NLD,,,,,NO_SIMILAR_NAME,,UNMAPPED,499,"No unique, country-compatible WPI candidate was found."
port2284,Jeju,Korea,KOR,,,,,NO_SIMILAR_NAME,,UNMAPPED,500,"No unique, country-compatible WPI candidate was found."
port2285,Seogwipo,Korea,KOR,,,,,NO_SIMILAR_NAME,,UNMAPPED,501,"No unique, country-compatible WPI candidate was found."
port2286,Wando,Korea,KOR,,,,,NO_SIMILAR_NAME,,UNMAPPED,502,"No unique, country-compatible WPI candidate was found."
port2287,Zhongshan,China,CHN,,,,,NO_MEANINGFUL_NAME_TOKEN,,UNMAPPED,503,"No unique, country-compatible WPI candidate was found."
port2289,Abashiri,Japan,JPN,61120,Abashiri Ko,Japan,LOC_WPI_61120,REVIEW_SIMILAR_NAME,0.842105,REVIEW_REQUIRED,504,Candidate is similar but below the automatic confidence threshold.
port2290,Aburatsu,Japan,JPN,,,,,NO_MEANINGFUL_NAME_TOKEN,,UNMAPPED,505,"No unique, country-compatible WPI candidate was found."
port2291,Al Hoceima,Morocco,MAR,45720,Port D Al Hoceima,Morocco,LOC_WPI_45720,REVIEW_SIMILAR_NAME,0.740741,REVIEW_REQUIRED,506,Candidate is similar but below the automatic confidence threshold.
port2293,Biak,Indonesia,IDN,,,,,NO_SIMILAR_NAME,,UNMAPPED,507,"No unique, country-compatible WPI candidate was found."
port2294,Bunati,Indonesia,IDN,,,,,NO_SIMILAR_NAME,,UNMAPPED,508,"No unique, country-compatible WPI candidate was found."
port2295,Cesme,Türkiye,TUR,,,,,NO_SIMILAR_NAME,,UNMAPPED,509,"No unique, country-compatible WPI candidate was found."
port2296,Fukue,Japan,JPN,,,,,NO_MEANINGFUL_NAME_TOKEN,,UNMAPPED,510,"No unique, country-compatible WPI candidate was found."
port2297,Funagawa,Japan,JPN,,,,,NO_MEANINGFUL_NAME_TOKEN,,UNMAPPED,511,"No unique, country-compatible WPI candidate was found."
port2298,Gonoura,Japan,JPN,,,,,NO_MEANINGFUL_NAME_TOKEN,,UNMAPPED,512,"No unique, country-compatible WPI candidate was found."
port23,Alexandria,Egypt,EGY,8240,Alexandria,United States,LOC_WPI_8240,REVIEW_NAME_COUNTRY_ALIAS,,REVIEW_REQUIRED,513,"Port name matches, but country labels are not in the approved alias groups."
port2300,PLTU Nagan Raya,Indonesia,IDN,,,,,NO_SIMILAR_NAME,,UNMAPPED,514,"No unique, country-compatible WPI candidate was found."
port2301,Hidaka,Japan,JPN,,,,,NO_SIMILAR_NAME,,UNMAPPED,515,"No unique, country-compatible WPI candidate was found."
port2302,Hirara,Japan,JPN,62510,Hirara Ko,Japan,LOC_WPI_62510,REVIEW_SIMILAR_NAME,0.800000,REVIEW_REQUIRED,516,Candidate is similar but below the automatic confidence threshold.
port2306,Jetty Coalindo,Indonesia,IDN,,,,,NO_SIMILAR_NAME,,UNMAPPED,517,"No unique, country-compatible WPI candidate was found."
port2307,Sakarya (Karasu),Türkiye,TUR,,,,,NO_SIMILAR_NAME,,UNMAPPED,518,"No unique, country-compatible WPI candidate was found."
port2308,Sendai,Japan,JPN,,,,,NO_SIMILAR_NAME,,UNMAPPED,519,"No unique, country-compatible WPI candidate was found."
port2310,Xishengxu,China,CHN,,,,,NO_SIMILAR_NAME,,UNMAPPED,520,"No unique, country-compatible WPI candidate was found."
port2311,Kuji,Japan,JPN,,,,,NO_SIMILAR_NAME,,UNMAPPED,521,"No unique, country-compatible WPI candidate was found."
port2312,Kumamoto,Japan,JPN,,,,,NO_SIMILAR_NAME,,UNMAPPED,522,"No unique, country-compatible WPI candidate was found."
port2313,La Libertad,El Salvador,SLV,15290,La Libertad,Ecuador,LOC_WPI_15290,REVIEW_NAME_COUNTRY_ALIAS,,REVIEW_REQUIRED,523,"Port name matches, but country labels are not in the approved alias groups."
port2314,Miike,Japan,JPN,62290,Miike Ko,Japan,LOC_WPI_62290,REVIEW_SIMILAR_NAME,0.769231,REVIEW_REQUIRED,524,Candidate is similar but below the automatic confidence threshold.
port2315,"Misumi, Kumamoto",Japan,JPN,62280,Misumi Ko,Japan,LOC_WPI_62280,REVIEW_SIMILAR_NAME,0.750000,REVIEW_REQUIRED,525,Candidate is similar but below the automatic confidence threshold.
port2316,"Misumi, Shimane",Japan,JPN,,,,,NO_MEANINGFUL_NAME_TOKEN,,UNMAPPED,526,"No unique, country-compatible WPI candidate was found."
port2318,Miyazaki,Japan,JPN,,,,,NO_MEANINGFUL_NAME_TOKEN,,UNMAPPED,527,"No unique, country-compatible WPI candidate was found."
port2319,Monbetsu,Japan,JPN,,,,,NO_MEANINGFUL_NAME_TOKEN,,UNMAPPED,528,"No unique, country-compatible WPI candidate was found."
port2320,Mutsu-Ogawara,Japan,JPN,,,,,NO_SIMILAR_NAME,,UNMAPPED,529,"No unique, country-compatible WPI candidate was found."
port2321,Nakatsu,Japan,JPN,,,,,NO_MEANINGFUL_NAME_TOKEN,,UNMAPPED,530,"No unique, country-compatible WPI candidate was found."
port2322,Naze,Japan,JPN,,,,,NO_SIMILAR_NAME,,UNMAPPED,531,"No unique, country-compatible WPI candidate was found."
port2323,Nemuro,Japan,JPN,61130,Nemuro Ko,Japan,LOC_WPI_61130,REVIEW_SIMILAR_NAME,0.800000,REVIEW_REQUIRED,532,Candidate is similar but below the automatic confidence threshold.
port2324,Nishinoomote,Japan,JPN,,,,,NO_SIMILAR_NAME,,UNMAPPED,533,"No unique, country-compatible WPI candidate was found."
port2325,North Abaco,The Bahamas,BHS,,,,,NO_SIMILAR_NAME,,UNMAPPED,534,"No unique, country-compatible WPI candidate was found."
port2326,Ogi,Japan,JPN,,,,,NO_SIMILAR_NAME,,UNMAPPED,535,"No unique, country-compatible WPI candidate was found."
port2327,Okayama,Japan,JPN,,,,,NO_MEANINGFUL_NAME_TOKEN,,UNMAPPED,536,"No unique, country-compatible WPI candidate was found."
port2328,Tuzla (Pendik),Türkiye,TUR,,,,,NO_SIMILAR_NAME,,UNMAPPED,537,"No unique, country-compatible WPI candidate was found."
port2329,Plaquemines,United States,USA,,,,,NO_SIMILAR_NAME,,UNMAPPED,538,"No unique, country-compatible WPI candidate was found."
port233,Charlotte,United States Virgin Islands,VIR,11310,Charlotte Amalie,U.S. Virgin Islands,LOC_WPI_11310,REVIEW_SIMILAR_NAME,0.720000,REVIEW_REQUIRED,539,Candidate is similar but below the automatic confidence threshold.
port2330,Port Rhoades,Jamaica,JAM,,,,,NO_SIMILAR_NAME,,UNMAPPED,540,"No unique, country-compatible WPI candidate was found."
port2331,Porto Sul,Brazil,BRA,,,,,NO_MEANINGFUL_NAME_TOKEN,,UNMAPPED,541,"No unique, country-compatible WPI candidate was found."
port2333,Rugao,China,CHN,,,,,NO_SIMILAR_NAME,,UNMAPPED,542,"No unique, country-compatible WPI candidate was found."
port2334,Ryotsu,Japan,JPN,,,,,NO_MEANINGFUL_NAME_TOKEN,,UNMAPPED,543,"No unique, country-compatible WPI candidate was found."
port2335,Safi Atlantique,Morocco,MAR,,,,,NO_SIMILAR_NAME,,UNMAPPED,544,"No unique, country-compatible WPI candidate was found."
port2336,Saigo,Japan,JPN,,,,,NO_SIMILAR_NAME,,UNMAPPED,545,"No unique, country-compatible WPI candidate was found."
port2339,Sukumowan,Japan,JPN,,,,,NO_SIMILAR_NAME,,UNMAPPED,546,"No unique, country-compatible WPI candidate was found."
port234,Chatham,United Kingdom,GBR,19480,Chatham,United States,LOC_WPI_19480,REVIEW_NAME_COUNTRY_ALIAS,,REVIEW_REQUIRED,547,"Port name matches, but country labels are not in the approved alias groups."
port2340,Taixing,China,CHN,,,,,NO_MEANINGFUL_NAME_TOKEN,,UNMAPPED,548,"No unique, country-compatible WPI candidate was found."
port2342,Tottori,Japan,JPN,,,,,NO_SIMILAR_NAME,,UNMAPPED,549,"No unique, country-compatible WPI candidate was found."
port2343,Toyo,Japan,JPN,,,,,NO_SIMILAR_NAME,,UNMAPPED,550,"No unique, country-compatible WPI candidate was found."
port2344,Tuna,India,IND,,,,,NO_SIMILAR_NAME,,UNMAPPED,551,"No unique, country-compatible WPI candidate was found."
port2345,Unten,Japan,JPN,,,,,NO_SIMILAR_NAME,,UNMAPPED,552,"No unique, country-compatible WPI candidate was found."
port2346,Wahana Jetty,Indonesia,IDN,,,,,NO_SIMILAR_NAME,,UNMAPPED,553,"No unique, country-compatible WPI candidate was found."
port2348,Xieqiao,China,CHN,,,,,NO_SIMILAR_NAME,,UNMAPPED,554,"No unique, country-compatible WPI candidate was found."
port2350,Yihua,China,CHN,,,,,NO_SIMILAR_NAME,,UNMAPPED,555,"No unique, country-compatible WPI candidate was found."
port2352,Zhenjiang New Area,China,CHN,,,,,NO_SIMILAR_NAME,,UNMAPPED,556,"No unique, country-compatible WPI candidate was found."
port2353,Areia Branca,Brazil,BRA,,,,,NO_SIMILAR_NAME,,UNMAPPED,557,"No unique, country-compatible WPI candidate was found."
port2354,Carinhoso,Brazil,BRA,,,,,NO_SIMILAR_NAME,,UNMAPPED,558,"No unique, country-compatible WPI candidate was found."
port2355,Coari,Brazil,BRA,,,,,NO_SIMILAR_NAME,,UNMAPPED,559,"No unique, country-compatible WPI candidate was found."
port2357,Correa,Brazil,BRA,,,,,NO_SIMILAR_NAME,,UNMAPPED,560,"No unique, country-compatible WPI candidate was found."
port2358,Estaleiro Jurong,Brazil,BRA,,,,,NO_SIMILAR_NAME,,UNMAPPED,561,"No unique, country-compatible WPI candidate was found."
port2359,Itahum,Brazil,BRA,,,,,NO_SIMILAR_NAME,,UNMAPPED,562,"No unique, country-compatible WPI candidate was found."
port2360,Itaituba,Brazil,BRA,,,,,NO_MEANINGFUL_NAME_TOKEN,,UNMAPPED,563,"No unique, country-compatible WPI candidate was found."
port2361,Juruti,Brazil,BRA,,,,,NO_SIMILAR_NAME,,UNMAPPED,564,"No unique, country-compatible WPI candidate was found."
port2362,Munguba,Brazil,BRA,,,,,NO_SIMILAR_NAME,,UNMAPPED,565,"No unique, country-compatible WPI candidate was found."
port2363,Murtinho,Brazil,BRA,,,,,NO_SIMILAR_NAME,,UNMAPPED,566,"No unique, country-compatible WPI candidate was found."
port2364,Norte Capixaba,Brazil,BRA,,,,,NO_SIMILAR_NAME,,UNMAPPED,567,"No unique, country-compatible WPI candidate was found."
port2365,Osorio,Brazil,BRA,,,,,NO_SIMILAR_NAME,,UNMAPPED,568,"No unique, country-compatible WPI candidate was found."
port2367,Paracuru,Brazil,BRA,,,,,NO_SIMILAR_NAME,,UNMAPPED,569,"No unique, country-compatible WPI candidate was found."
port2368,Ponta Ubu,Brazil,BRA,,,,,NO_SIMILAR_NAME,,UNMAPPED,570,"No unique, country-compatible WPI candidate was found."
port2369,Porto Velho,Brazil,BRA,,,,,NO_MEANINGFUL_NAME_TOKEN,,UNMAPPED,571,"No unique, country-compatible WPI candidate was found."
port2370,Portuário Novo Remanso,Brazil,BRA,,,,,NO_SIMILAR_NAME,,UNMAPPED,572,"No unique, country-compatible WPI candidate was found."
port2371,Santana,Brazil,BRA,12485,Porto Santana,Brazil,LOC_WPI_12485,REVIEW_SIMILAR_NAME,0.700000,REVIEW_REQUIRED,573,Candidate is similar but below the automatic confidence threshold.
port2373,Trombetas,Brazil,BRA,,,,,NO_SIMILAR_NAME,,UNMAPPED,574,"No unique, country-compatible WPI candidate was found."
port2375,Boryeong LNG Terminal,Korea,KOR,,,,,NO_SIMILAR_NAME,,UNMAPPED,575,"No unique, country-compatible WPI candidate was found."
port2376,Chugoku Yanai LNG Terminal,Japan,JPN,,,,,NO_SIMILAR_NAME,,UNMAPPED,576,"No unique, country-compatible WPI candidate was found."
port2377,Costa Azul LNG Terminal,Mexico,MEX,,,,,NO_SIMILAR_NAME,,UNMAPPED,577,"No unique, country-compatible WPI candidate was found."
port2378,Dhabol LNG Terminal,India,IND,,,,,NO_SIMILAR_NAME,,UNMAPPED,578,"No unique, country-compatible WPI candidate was found."
port2379,Dominion Cove Point,United States,USA,,,,,NO_SIMILAR_NAME,,UNMAPPED,579,"No unique, country-compatible WPI candidate was found."
port238,Keelung,Taiwan Province of China,TWN,,,,,NO_SIMILAR_NAME,,UNMAPPED,580,"No unique, country-compatible WPI candidate was found."
port2380,Donggi Senoro LNG Terminal,Indonesia,IDN,,,,,NO_SIMILAR_NAME,,UNMAPPED,581,"No unique, country-compatible WPI candidate was found."
port2381,Dongguan LNG Terminal,China,CHN,,,,,NO_SIMILAR_NAME,,UNMAPPED,582,"No unique, country-compatible WPI candidate was found."
port2382,Escobar LNG Terminal,Argentina,ARG,,,,,NO_SIMILAR_NAME,,UNMAPPED,583,"No unique, country-compatible WPI candidate was found."
port2383,Guangdong Dapeng LNG Terminal,China,CHN,,,,,NO_SIMILAR_NAME,,UNMAPPED,584,"No unique, country-compatible WPI candidate was found."
port2384,Pagbilao LNG Terminal,Philippines,PHL,,,,,NO_SIMILAR_NAME,,UNMAPPED,585,"No unique, country-compatible WPI candidate was found."
port2385,Peru LNG Terminal,Peru,PER,,,,,NO_SIMILAR_NAME,,UNMAPPED,586,"No unique, country-compatible WPI candidate was found."
port2386,Revithoussa LNG Terminal,Greece,GRC,,,,,NO_SIMILAR_NAME,,UNMAPPED,587,"No unique, country-compatible WPI candidate was found."
port2387,Rudong Jiangsu LNG Terminal,China,CHN,,,,,NO_SIMILAR_NAME,,UNMAPPED,588,"No unique, country-compatible WPI candidate was found."
port2389,Samalaju,Malaysia,MYS,,,,,NO_SIMILAR_NAME,,UNMAPPED,589,"No unique, country-compatible WPI candidate was found."
port239,Chiba,Japan,JPN,61375,Chiba Ko,Japan,LOC_WPI_61375,REVIEW_SIMILAR_NAME,0.769231,REVIEW_REQUIRED,590,Candidate is similar but below the automatic confidence threshold.
port2390,Samcheok LNG Terminal,Korea,KOR,,,,,NO_SIMILAR_NAME,,UNMAPPED,591,"No unique, country-compatible WPI candidate was found."
port2391,Tongyeong LNG Terminal,Korea,KOR,,,,,NO_SIMILAR_NAME,,UNMAPPED,592,"No unique, country-compatible WPI candidate was found."
port2392,Yemen LNG Terminal,Yemen,YEM,,,,,NO_SIMILAR_NAME,,UNMAPPED,593,"No unique, country-compatible WPI candidate was found."
port2393,Yuedong LNG Terminal,China,CHN,,,,,NO_SIMILAR_NAME,,UNMAPPED,594,"No unique, country-compatible WPI candidate was found."
port2394,Yung-An LNG Terminal,Taiwan Province of China,TWN,,,,,NO_SIMILAR_NAME,,UNMAPPED,595,"No unique, country-compatible WPI candidate was found."
port2395,Bacolod,Philippines,PHL,,,,,NO_SIMILAR_NAME,,UNMAPPED,596,"No unique, country-compatible WPI candidate was found."
port2398,Fusa,Norway,NOR,,,,,NO_SIMILAR_NAME,,UNMAPPED,597,"No unique, country-compatible WPI candidate was found."
port2399,Futong,Indonesia,IDN,,,,,NO_SIMILAR_NAME,,UNMAPPED,598,"No unique, country-compatible WPI candidate was found."
port24,Jubail,Saudi Arabia,SAU,,,,,NO_SIMILAR_NAME,,UNMAPPED,599,"No unique, country-compatible WPI candidate was found."
port2401,Guangzhou (Huangpu),China,CHN,,,,,NO_SIMILAR_NAME,,UNMAPPED,600,"No unique, country-compatible WPI candidate was found."
port2403,Lekki,Nigeria,NGA,,,,,NO_SIMILAR_NAME,,UNMAPPED,601,"No unique, country-compatible WPI candidate was found."
port2405,Nghi Son,Vietnam,VNM,,,,,NO_SIMILAR_NAME,,UNMAPPED,602,"No unique, country-compatible WPI candidate was found."
port2409,Borkum,Germany,DEU,,,,,NO_SIMILAR_NAME,,UNMAPPED,603,"No unique, country-compatible WPI candidate was found."
port2410,El Sauzal,Mexico,MEX,,,,,NO_SIMILAR_NAME,,UNMAPPED,604,"No unique, country-compatible WPI candidate was found."
port2412,Gonghyeonjin,Korea,KOR,,,,,NO_SIMILAR_NAME,,UNMAPPED,605,"No unique, country-compatible WPI candidate was found."
port2413,Gushan,China,CHN,,,,,NO_MEANINGFUL_NAME_TOKEN,,UNMAPPED,606,"No unique, country-compatible WPI candidate was found."
port2414,Haiyan,China,CHN,,,,,NO_SIMILAR_NAME,,UNMAPPED,607,"No unique, country-compatible WPI candidate was found."
port2415,Huangdun,China,CHN,,,,,NO_MEANINGFUL_NAME_TOKEN,,UNMAPPED,608,"No unique, country-compatible WPI candidate was found."
port2417,King Island,Australia,AUS,,,,,NO_SIMILAR_NAME,,UNMAPPED,609,"No unique, country-compatible WPI candidate was found."
port2419,Morelos,Mexico,MEX,,,,,NO_SIMILAR_NAME,,UNMAPPED,610,"No unique, country-compatible WPI candidate was found."
port2421,Taizhou (Damaiyu),China,CHN,,,,,NO_SIMILAR_NAME,,UNMAPPED,611,"No unique, country-compatible WPI candidate was found."
port2422,Taizhou (Jiantiao),China,CHN,,,,,NO_SIMILAR_NAME,,UNMAPPED,612,"No unique, country-compatible WPI candidate was found."
port2423,Taizhou (Wenling),China,CHN,,,,,NO_SIMILAR_NAME,,UNMAPPED,613,"No unique, country-compatible WPI candidate was found."
port2424,Toumen,China,CHN,,,,,NO_SIMILAR_NAME,,UNMAPPED,614,"No unique, country-compatible WPI candidate was found."
port2425,Wischhafen,Germany,DEU,,,,,NO_SIMILAR_NAME,,UNMAPPED,615,"No unique, country-compatible WPI candidate was found."
port2426,Yueqing,China,CHN,,,,,NO_SIMILAR_NAME,,UNMAPPED,616,"No unique, country-compatible WPI candidate was found."
port2427,Dapilon,Guinea,GIN,,,,,NO_SIMILAR_NAME,,UNMAPPED,617,"No unique, country-compatible WPI candidate was found."
port2428,Katougouma,Guinea,GIN,,,,,NO_SIMILAR_NAME,,UNMAPPED,618,"No unique, country-compatible WPI candidate was found."
port2429,Taressa,Guinea,GIN,,,,,NO_SIMILAR_NAME,,UNMAPPED,619,"No unique, country-compatible WPI candidate was found."
port2430,Alang,India,IND,,,,,NO_SIMILAR_NAME,,UNMAPPED,620,"No unique, country-compatible WPI candidate was found."
port2431,Anadyr,Russian Federation,RUS,,,,,NO_SIMILAR_NAME,,UNMAPPED,621,"No unique, country-compatible WPI candidate was found."
port2432,Awajikoryunotsubasa,Japan,JPN,,,,,NO_SIMILAR_NAME,,UNMAPPED,622,"No unique, country-compatible WPI candidate was found."
port2433,BOPEC terminal,"Bonaire,  Saint Eustatius and Saba",BES,,,,,NO_SIMILAR_NAME,,UNMAPPED,623,"No unique, country-compatible WPI candidate was found."
port2435,Bronka,Russian Federation,RUS,,,,,NO_SIMILAR_NAME,,UNMAPPED,624,"No unique, country-compatible WPI candidate was found."
port2436,Chemainus,Canada,CAN,,,,,NO_SIMILAR_NAME,,UNMAPPED,625,"No unique, country-compatible WPI candidate was found."
port2439,Egvekinot,Russian Federation,RUS,,,,,NO_SIMILAR_NAME,,UNMAPPED,626,"No unique, country-compatible WPI candidate was found."
port2442,Fort Bay,"Bonaire,  Saint Eustatius and Saba",BES,,,,,NO_SIMILAR_NAME,,UNMAPPED,627,"No unique, country-compatible WPI candidate was found."
port2443,Jiuzhou,China,CHN,,,,,NO_MEANINGFUL_NAME_TOKEN,,UNMAPPED,628,"No unique, country-compatible WPI candidate was found."
port2450,Macapa,Brazil,BRA,,,,,NO_MEANINGFUL_NAME_TOKEN,,UNMAPPED,629,"No unique, country-compatible WPI candidate was found."
port2451,Magadan,Russian Federation,RUS,,,,,NO_SIMILAR_NAME,,UNMAPPED,630,"No unique, country-compatible WPI candidate was found."
port2453,Morebaya,Guinea,GIN,,,,,NO_SIMILAR_NAME,,UNMAPPED,631,"No unique, country-compatible WPI candidate was found."
port2454,Newhaven,United Kingdom,GBR,,,,,NO_SIMILAR_NAME,,UNMAPPED,632,"No unique, country-compatible WPI candidate was found."
port2455,Okgye,Korea,KOR,,,,,NO_SIMILAR_NAME,,UNMAPPED,633,"No unique, country-compatible WPI candidate was found."
port2461,Pulau Bunyu,Indonesia,IDN,50060,Pulau Sambu,Indonesia,LOC_WPI_50060,REVIEW_SIMILAR_NAME,0.727273,REVIEW_REQUIRED,634,Candidate is similar but below the automatic confidence threshold.
port2464,Saraylar,Türkiye,TUR,,,,,NO_SIMILAR_NAME,,UNMAPPED,635,"No unique, country-compatible WPI candidate was found."
port2465,Scrabster,United Kingdom,GBR,32780,Scrabster Harbor,United Kingdom,LOC_WPI_32780,REVIEW_SIMILAR_NAME,0.720000,REVIEW_REQUIRED,636,Candidate is similar but below the automatic confidence threshold.
port2466,Sebastopol,Ukraine,UKR,,,,,NO_MEANINGFUL_NAME_TOKEN,,UNMAPPED,637,"No unique, country-compatible WPI candidate was found."
port2469,Squamish,Canada,CAN,,,,,NO_SIMILAR_NAME,,UNMAPPED,638,"No unique, country-compatible WPI candidate was found."
port2474,Tual,Indonesia,IDN,,,,,NO_SIMILAR_NAME,,UNMAPPED,639,"No unique, country-compatible WPI candidate was found."
port2475,Weitou,China,CHN,,,,,NO_SIMILAR_NAME,,UNMAPPED,640,"No unique, country-compatible WPI candidate was found."
port2478,Bahregan,Iran,IRN,,,,,NO_SIMILAR_NAME,,UNMAPPED,641,"No unique, country-compatible WPI candidate was found."
port2479,Basrah Oil Terminal,Iraq,IRQ,,,,,NO_MEANINGFUL_NAME_TOKEN,,UNMAPPED,642,"No unique, country-compatible WPI candidate was found."
port2480,Calcasieu Pass LNG Terminal,United States,USA,,,,,NO_SIMILAR_NAME,,UNMAPPED,643,"No unique, country-compatible WPI candidate was found."
port2481,Chhara LNG Terminal,India,IND,,,,,NO_SIMILAR_NAME,,UNMAPPED,644,"No unique, country-compatible WPI candidate was found."
port2482,Egyptian LNG Terminal,Egypt,EGY,,,,,NO_MEANINGFUL_NAME_TOKEN,,UNMAPPED,645,"No unique, country-compatible WPI candidate was found."
port2483,Guangzhou Nansha LNG Terminal,China,CHN,,,,,NO_SIMILAR_NAME,,UNMAPPED,646,"No unique, country-compatible WPI candidate was found."
port2484,Gulf of Saros FSRU,Türkiye,TUR,,,,,NO_SIMILAR_NAME,,UNMAPPED,647,"No unique, country-compatible WPI candidate was found."
port2485,Huizhou LNG Terminal,China,CHN,,,,,NO_SIMILAR_NAME,,UNMAPPED,648,"No unique, country-compatible WPI candidate was found."
port2487,Kiyanly LNG Terminal,Turkmenistan,TKM,,,,,NO_SIMILAR_NAME,,UNMAPPED,649,"No unique, country-compatible WPI candidate was found."
port2488,Kollsnes LNG Terminal,Norway,NOR,,,,,NO_SIMILAR_NAME,,UNMAPPED,650,"No unique, country-compatible WPI candidate was found."
port2489,Krk,Croatia,HRV,,,,,NO_SIMILAR_NAME,,UNMAPPED,651,"No unique, country-compatible WPI candidate was found."
port2490,LNG Canada Terminal,Canada,CAN,,,,,NO_SIMILAR_NAME,,UNMAPPED,652,"No unique, country-compatible WPI candidate was found."
port2491,Liuheng LNG Terminal,China,CHN,,,,,NO_SIMILAR_NAME,,UNMAPPED,653,"No unique, country-compatible WPI candidate was found."
port2492,Lysekil LNG Terminal,Sweden,SWE,,,,,NO_SIMILAR_NAME,,UNMAPPED,654,"No unique, country-compatible WPI candidate was found."
port2493,Mina Al Zour,Kuwait,KWT,48356,Mina Az Zawr,Kuwait,LOC_WPI_48356,REVIEW_SIMILAR_NAME,0.750000,REVIEW_REQUIRED,655,Candidate is similar but below the automatic confidence threshold.
port2494,Mosjoen LNG Terminal,Norway,NOR,,,,,NO_SIMILAR_NAME,,UNMAPPED,656,"No unique, country-compatible WPI candidate was found."
port2495,Mowi LNG Terminal,United Kingdom,GBR,,,,,NO_SIMILAR_NAME,,UNMAPPED,657,"No unique, country-compatible WPI candidate was found."
port2496,Nagasaki LNG Terminal,Japan,JPN,,,,,NO_SIMILAR_NAME,,UNMAPPED,658,"No unique, country-compatible WPI candidate was found."
port2497,Nakagusuku LNG Terminal,Japan,JPN,,,,,NO_SIMILAR_NAME,,UNMAPPED,659,"No unique, country-compatible WPI candidate was found."
port2498,Paldiski FSRU,Estonia,EST,,,,,NO_SIMILAR_NAME,,UNMAPPED,660,"No unique, country-compatible WPI candidate was found."
port2499,Portovaya LNG Terminal,Russian Federation,RUS,,,,,NO_SIMILAR_NAME,,UNMAPPED,661,"No unique, country-compatible WPI candidate was found."
port25,Shuwaikh,Kuwait,KWT,,,,,NO_SIMILAR_NAME,,UNMAPPED,662,"No unique, country-compatible WPI candidate was found."
port2500,Qidong,China,CHN,,,,,NO_SIMILAR_NAME,,UNMAPPED,663,"No unique, country-compatible WPI candidate was found."
port2501,Snurrevarden,Norway,NOR,,,,,NO_SIMILAR_NAME,,UNMAPPED,664,"No unique, country-compatible WPI candidate was found."
port2502,Taoyuan LNG Terminal,Taiwan Province of China,TWN,,,,,NO_SIMILAR_NAME,,UNMAPPED,665,"No unique, country-compatible WPI candidate was found."
port2503,Utrenny LNG terminal,Russian Federation,RUS,,,,,NO_SIMILAR_NAME,,UNMAPPED,666,"No unique, country-compatible WPI candidate was found."
port2504,Wenzhou Huagang,China,CHN,,,,,NO_SIMILAR_NAME,,UNMAPPED,667,"No unique, country-compatible WPI candidate was found."
port2505,Wenzhou LNG Terminal,China,CHN,,,,,NO_SIMILAR_NAME,,UNMAPPED,668,"No unique, country-compatible WPI candidate was found."
port2506,Woodfibre LNG Terminal,Canada,CAN,,,,,NO_SIMILAR_NAME,,UNMAPPED,669,"No unique, country-compatible WPI candidate was found."
port2507,Yancheng,China,CHN,,,,,NO_MEANINGFUL_NAME_TOKEN,,UNMAPPED,670,"No unique, country-compatible WPI candidate was found."
port2508,Zhangzhou LNG Terminal,China,CHN,,,,,NO_SIMILAR_NAME,,UNMAPPED,671,"No unique, country-compatible WPI candidate was found."
port255,Yap,Micronesia,FSM,,,,,NO_SIMILAR_NAME,,UNMAPPED,672,"No unique, country-compatible WPI candidate was found."
port256,Whiffen Head,Canada,CAN,,,,,NO_SIMILAR_NAME,,UNMAPPED,673,"No unique, country-compatible WPI candidate was found."
port26,Latakia,Syria,SYR,,,,,NO_SIMILAR_NAME,,UNMAPPED,674,"No unique, country-compatible WPI candidate was found."
port260,Constantza,Romania,ROU,,,,,NO_MEANINGFUL_NAME_TOKEN,,UNMAPPED,675,"No unique, country-compatible WPI candidate was found."
port27,Mukalla,Yemen,YEM,48210,Al Mukalla,Yemen,LOC_WPI_48210,REVIEW_SIMILAR_NAME,0.823529,REVIEW_REQUIRED,676,Candidate is similar but below the automatic confidence threshold.
port270,Daesan,Korea,KOR,,,,,NO_MEANINGFUL_NAME_TOKEN,,UNMAPPED,677,"No unique, country-compatible WPI candidate was found."
port287,Derince (Izmit-Kocaeli),Türkiye,TUR,,,,,NO_SIMILAR_NAME,,UNMAPPED,678,"No unique, country-compatible WPI candidate was found."
port289,Dhaka,Bangladesh,BGD,,,,,NO_SIMILAR_NAME,,UNMAPPED,679,"No unique, country-compatible WPI candidate was found."
port29,Aalborg,Denmark,DNK,,,,,NO_MEANINGFUL_NAME_TOKEN,,UNMAPPED,680,"No unique, country-compatible WPI candidate was found."
port290,Dhamra Port,India,IND,,,,,NO_MEANINGFUL_NAME_TOKEN,,UNMAPPED,681,"No unique, country-compatible WPI candidate was found."
port291,Vassiliko,Cyprus,CYP,,,,,NO_SIMILAR_NAME,,UNMAPPED,682,"No unique, country-compatible WPI candidate was found."
port301,Dover,United Kingdom,GBR,54830,Dover,Australia,LOC_WPI_54830,REVIEW_NAME_COUNTRY_ALIAS,,REVIEW_REQUIRED,683,"Port name matches, but country labels are not in the approved alias groups."
port304,Duba (Port of Neom),Saudi Arabia,SAU,,,,,NO_SIMILAR_NAME,,UNMAPPED,684,"No unique, country-compatible WPI candidate was found."
port306,Dubai,United Arab Emirates,ARE,,,,,NO_MEANINGFUL_NAME_TOKEN,,UNMAPPED,685,"No unique, country-compatible WPI candidate was found."
port310,Dunkirk,France,FRA,3440,Dunkirk,United States,LOC_WPI_3440,REVIEW_NAME_COUNTRY_ALIAS,,REVIEW_REQUIRED,686,"Port name matches, but country labels are not in the approved alias groups."
port321,Al Adabiyah,Egypt,EGY,,,,,NO_MEANINGFUL_NAME_TOKEN,,UNMAPPED,687,"No unique, country-compatible WPI candidate was found."
port322,Eleusis,Greece,GRC,,,,,NO_SIMILAR_NAME,,UNMAPPED,688,"No unique, country-compatible WPI candidate was found."
port332,Gibraltar,Gibraltar,GIB,,,,,NO_SIMILAR_NAME,,UNMAPPED,689,"No unique, country-compatible WPI candidate was found."
port333,Everett (US-WA),United States,USA,17790,Everett,United States,LOC_WPI_17790,REVIEW_SIMILAR_NAME,0.700000,REVIEW_REQUIRED,690,Candidate is similar but below the automatic confidence threshold.
port339,Fangcheng,China,CHN,,,,,NO_MEANINGFUL_NAME_TOKEN,,UNMAPPED,691,"No unique, country-compatible WPI candidate was found."
port340,Ehoala,Madagascar,MDG,,,,,NO_SIMILAR_NAME,,UNMAPPED,692,"No unique, country-compatible WPI candidate was found."
port342,Fawley,United Kingdom,GBR,,,,,NO_SIMILAR_NAME,,UNMAPPED,693,"No unique, country-compatible WPI candidate was found."
port348,Flekkefjord,Norway,NOR,,,,,NO_MEANINGFUL_NAME_TOKEN,,UNMAPPED,694,"No unique, country-compatible WPI candidate was found."
port349,Florø,Norway,NOR,,,,,NO_MEANINGFUL_NAME_TOKEN,,UNMAPPED,695,"No unique, country-compatible WPI candidate was found."
port352,Fourchon,United States,USA,,,,,NO_SIMILAR_NAME,,UNMAPPED,696,"No unique, country-compatible WPI candidate was found."
port358,Freeport (US-FL),United States,USA,9250,Freeport,United States,LOC_WPI_9250,REVIEW_SIMILAR_NAME,0.727273,REVIEW_REQUIRED,697,Candidate is similar but below the automatic confidence threshold.
port362,Fujairah,United Arab Emirates,ARE,,,,,NO_MEANINGFUL_NAME_TOKEN,,UNMAPPED,698,"No unique, country-compatible WPI candidate was found."
port366,Funafuti,Tuvalu,TUV,55617,Funafuti Atoll,Tuvalu,LOC_WPI_55617,REVIEW_SIMILAR_NAME,0.727273,REVIEW_REQUIRED,699,Candidate is similar but below the automatic confidence threshold.
port367,"Funchal, Madeira",Portugal,PRT,,,,,NO_SIMILAR_NAME,,UNMAPPED,700,"No unique, country-compatible WPI candidate was found."
port37,Alotau,Papua New Guinea,PNG,,,,,NO_MEANINGFUL_NAME_TOKEN,,UNMAPPED,701,"No unique, country-compatible WPI candidate was found."
port376,Garston,United Kingdom,GBR,,,,,NO_MEANINGFUL_NAME_TOKEN,,UNMAPPED,702,"No unique, country-compatible WPI candidate was found."
port378,Vysotsk,Russian Federation,RUS,28310,Gavan Vysotsk,Russia,LOC_WPI_28310,REVIEW_SIMILAR_NAME,0.700000,REVIEW_REQUIRED,703,Candidate is similar but below the automatic confidence threshold.
port388,Georgetown,The Bahamas,BHS,,,,,AMBIGUOUS_NAME_COUNTRY,,REVIEW_REQUIRED,704,Port name matches multiple WPI records with different countries.
port39,Alvika,Norway,NOR,,,,,NO_MEANINGFUL_NAME_TOKEN,,UNMAPPED,705,"No unique, country-compatible WPI candidate was found."
port401,Golcuk,Türkiye,TUR,,,,,NO_SIMILAR_NAME,,UNMAPPED,706,"No unique, country-compatible WPI candidate was found."
port403,Gomen,New Caledonia,NCL,,,,,NO_SIMILAR_NAME,,UNMAPPED,707,"No unique, country-compatible WPI candidate was found."
port406,Gorgon LNG,Australia,AUS,,,,,NO_SIMILAR_NAME,,UNMAPPED,708,"No unique, country-compatible WPI candidate was found."
port410,Gourd Shanzui,China,CHN,,,,,NO_SIMILAR_NAME,,UNMAPPED,709,"No unique, country-compatible WPI candidate was found."
port419,Grenaa,Denmark,DNK,30290,Grenaa Havn,Denmark,LOC_WPI_30290,REVIEW_SIMILAR_NAME,0.705882,REVIEW_REQUIRED,710,Candidate is similar but below the automatic confidence threshold.
port42,"Ambon, Molucas",Indonesia,IDN,,,,,NO_SIMILAR_NAME,,UNMAPPED,711,"No unique, country-compatible WPI candidate was found."
port423,Guangdong Yangjiang Port,China,CHN,,,,,NO_SIMILAR_NAME,,UNMAPPED,712,"No unique, country-compatible WPI candidate was found."
port424,Guangxi Beibu Gulf Port,China,CHN,,,,,NO_SIMILAR_NAME,,UNMAPPED,713,"No unique, country-compatible WPI candidate was found."
port425,Guangzhou (Nansha),China,CHN,57830,Guangzhou,China,LOC_WPI_57830,REVIEW_SIMILAR_NAME,0.720000,REVIEW_REQUIRED,714,Candidate is similar but below the automatic confidence threshold.
port43,Amirabad Port,Iran,IRN,,,,,NO_SIMILAR_NAME,,UNMAPPED,715,"No unique, country-compatible WPI candidate was found."
port430,Gustavia,Saint-Barthélemy,BLM,11380,Gustavia,Guadeloupe,LOC_WPI_11380,REVIEW_NAME_COUNTRY_ALIAS,,REVIEW_REQUIRED,716,"Port name matches, but country labels are not in the approved alias groups."
port432,Gwangyang (Kwangyang),Korea,KOR,60376,Gwangyang Hang,South Korea,LOC_WPI_60376,REVIEW_SIMILAR_NAME,0.787879,REVIEW_REQUIRED,717,Candidate is similar but below the automatic confidence threshold.
port433,Hachinohe,Japan,JPN,61280,Hachinohe Ko,Japan,LOC_WPI_61280,REVIEW_SIMILAR_NAME,0.857143,REVIEW_REQUIRED,718,Candidate is similar but below the automatic confidence threshold.
port436,Haifeng power,China,CHN,,,,,NO_SIMILAR_NAME,,UNMAPPED,719,"No unique, country-compatible WPI candidate was found."
port440,Hakodate,Japan,JPN,61190,Hakodate Ko,Japan,LOC_WPI_61190,REVIEW_SIMILAR_NAME,0.842105,REVIEW_REQUIRED,720,Candidate is similar but below the automatic confidence threshold.
port442,Haldia,India,IND,49555,Haldia Port,India,LOC_WPI_49555,REVIEW_SIMILAR_NAME,0.705882,REVIEW_REQUIRED,721,Candidate is similar but below the automatic confidence threshold.
port445,Hamada,Japan,JPN,61730,Hamada Ko,Japan,LOC_WPI_61730,REVIEW_SIMILAR_NAME,0.800000,REVIEW_REQUIRED,722,Candidate is similar but below the automatic confidence threshold.
port448,Fredrikshamn,Finland,FIN,,,,,NO_SIMILAR_NAME,,UNMAPPED,723,"No unique, country-compatible WPI candidate was found."
port452,Hannan,Japan,JPN,61935,Hannan Ko,Japan,LOC_WPI_61935,REVIEW_SIMILAR_NAME,0.800000,REVIEW_REQUIRED,724,Candidate is similar but below the automatic confidence threshold.
port453,Harbor Yeweiju,China,CHN,,,,,NO_SIMILAR_NAME,,UNMAPPED,725,"No unique, country-compatible WPI candidate was found."
port456,Haroysundet,Norway,NOR,,,,,NO_MEANINGFUL_NAME_TOKEN,,UNMAPPED,726,"No unique, country-compatible WPI candidate was found."
port461,Hera port,Timor-Leste,TLS,,,,,NO_SIMILAR_NAME,,UNMAPPED,727,"No unique, country-compatible WPI candidate was found."
port463,Higashiharima,Japan,JPN,,,,,NO_MEANINGFUL_NAME_TOKEN,,UNMAPPED,728,"No unique, country-compatible WPI candidate was found."
port471,Hofu,Japan,JPN,,,,,NO_SIMILAR_NAME,,UNMAPPED,729,"No unique, country-compatible WPI candidate was found."
port480,Hososhima,Japan,JPN,62190,Hososhima Ko,Japan,LOC_WPI_62190,REVIEW_SIMILAR_NAME,0.857143,REVIEW_REQUIRED,730,Candidate is similar but below the automatic confidence threshold.
port481,Houston (US-TX),United States,USA,9240,Houston,United States,LOC_WPI_9240,REVIEW_SIMILAR_NAME,0.700000,REVIEW_REQUIRED,731,Candidate is similar but below the automatic confidence threshold.
port482,Hualien,Taiwan Province of China,TWN,,,,,NO_MEANINGFUL_NAME_TOKEN,,UNMAPPED,732,"No unique, country-compatible WPI candidate was found."
port489,Chornomorsk,Ukraine,UKR,,,,,NO_MEANINGFUL_NAME_TOKEN,,UNMAPPED,733,"No unique, country-compatible WPI candidate was found."
port490,Imabari,Japan,JPN,,,,,NO_MEANINGFUL_NAME_TOKEN,,UNMAPPED,734,"No unique, country-compatible WPI candidate was found."
port491,Imatra,Finland,FIN,,,,,NO_SIMILAR_NAME,,UNMAPPED,735,"No unique, country-compatible WPI candidate was found."
port494,Incheon,Korea,KOR,,,,,NO_MEANINGFUL_NAME_TOKEN,,UNMAPPED,736,"No unique, country-compatible WPI candidate was found."
port496,Indonesia Morowali Industrial Park,Indonesia,IDN,,,,,NO_SIMILAR_NAME,,UNMAPPED,737,"No unique, country-compatible WPI candidate was found."
port5,Abu Dhabi,United Arab Emirates,ARE,48278,Abu Zaby,United Arab Emirates,LOC_WPI_48278,REVIEW_SIMILAR_NAME,0.705882,REVIEW_REQUIRED,738,Candidate is similar but below the automatic confidence threshold.
port500,Heraklion,Greece,GRC,,,,,NO_MEANINGFUL_NAME_TOKEN,,UNMAPPED,739,"No unique, country-compatible WPI candidate was found."
port501,Ishikariwan-Shinko,Japan,JPN,,,,,NO_SIMILAR_NAME,,UNMAPPED,740,"No unique, country-compatible WPI candidate was found."
port508,Iwakuni,Japan,JPN,61662,Iwakuni Ko,Japan,LOC_WPI_61662,REVIEW_SIMILAR_NAME,0.823529,REVIEW_REQUIRED,741,Candidate is similar but below the automatic confidence threshold.
port509,Izhevskoye,Russian Federation,RUS,,,,,NO_SIMILAR_NAME,,UNMAPPED,742,"No unique, country-compatible WPI candidate was found."
port51,Caucedo,Dominican Republic,DOM,,,,,NO_SIMILAR_NAME,,UNMAPPED,743,"No unique, country-compatible WPI candidate was found."
port511,Jaigad Port,India,IND,,,,,NO_SIMILAR_NAME,,UNMAPPED,744,"No unique, country-compatible WPI candidate was found."
port514,Tanjung Priok,Indonesia,IDN,,,,,NO_SIMILAR_NAME,,UNMAPPED,745,"No unique, country-compatible WPI candidate was found."
port515,Jakobstad,Finland,FIN,,,,,NO_SIMILAR_NAME,,UNMAPPED,746,"No unique, country-compatible WPI candidate was found."
port518,Jeddah,Saudi Arabia,SAU,,,,,NO_MEANINGFUL_NAME_TOKEN,,UNMAPPED,747,"No unique, country-compatible WPI candidate was found."
port519,Shoaiba,Saudi Arabia,SAU,,,,,NO_SIMILAR_NAME,,UNMAPPED,748,"No unique, country-compatible WPI candidate was found."
port52,Anguilla,Anguilla,AIA,,,,,NO_SIMILAR_NAME,,UNMAPPED,749,"No unique, country-compatible WPI candidate was found."
port520,"Jimenez, Ozamis",Philippines,PHL,,,,,NO_SIMILAR_NAME,,UNMAPPED,750,"No unique, country-compatible WPI candidate was found."
port521,Jinzhou,China,CHN,,,,,NO_MEANINGFUL_NAME_TOKEN,,UNMAPPED,751,"No unique, country-compatible WPI candidate was found."
port522,Joensuu,Finland,FIN,,,,,NO_SIMILAR_NAME,,UNMAPPED,752,"No unique, country-compatible WPI candidate was found."
port525,Joutseno,Finland,FIN,,,,,NO_SIMILAR_NAME,,UNMAPPED,753,"No unique, country-compatible WPI candidate was found."
port526,Juaymah,Saudi Arabia,SAU,,,,,NO_SIMILAR_NAME,,UNMAPPED,754,"No unique, country-compatible WPI candidate was found."
port528,Kagoshima,Japan,JPN,62220,Kagoshima Ko,Japan,LOC_WPI_62220,REVIEW_SIMILAR_NAME,0.857143,REVIEW_REQUIRED,755,Candidate is similar but below the automatic confidence threshold.
port529,Kakinada,India,IND,49470,Kakinada Bay,India,LOC_WPI_49470,REVIEW_SIMILAR_NAME,0.800000,REVIEW_REQUIRED,756,Candidate is similar but below the automatic confidence threshold.
port533,Kamaishi,Japan,JPN,61310,Kamaishi Ko,Japan,LOC_WPI_61310,REVIEW_SIMILAR_NAME,0.842105,REVIEW_REQUIRED,757,Candidate is similar but below the automatic confidence threshold.
port54,Port Akdeniz,Türkiye,TUR,,,,,NO_SIMILAR_NAME,,UNMAPPED,758,"No unique, country-compatible WPI candidate was found."
port541,Kaohsiung,Taiwan Province of China,TWN,,,,,NO_MEANINGFUL_NAME_TOKEN,,UNMAPPED,759,"No unique, country-compatible WPI candidate was found."
port544,Karaikal,India,IND,49370,Karaikal Port,India,LOC_WPI_49370,REVIEW_SIMILAR_NAME,0.761905,REVIEW_REQUIRED,760,Candidate is similar but below the automatic confidence threshold.
port547,Kårstø,Norway,NOR,,,,,NO_MEANINGFUL_NAME_TOKEN,,UNMAPPED,761,"No unique, country-compatible WPI candidate was found."
port548,Kashima-Ibaraki,Japan,JPN,61357,Kashima Ko,Japan,LOC_WPI_61357,REVIEW_SIMILAR_NAME,0.720000,REVIEW_REQUIRED,762,Candidate is similar but below the automatic confidence threshold.
port55,Antsiranana (Diego Suarez),Madagascar,MDG,,,,,NO_SIMILAR_NAME,,UNMAPPED,763,"No unique, country-compatible WPI candidate was found."
port551,Kaukas,Finland,FIN,,,,,NO_SIMILAR_NAME,,UNMAPPED,764,"No unique, country-compatible WPI candidate was found."
port554,Kavkaz,Russian Federation,RUS,,,,,NO_SIMILAR_NAME,,UNMAPPED,765,"No unique, country-compatible WPI candidate was found."
port555,Kawasaki,Japan,JPN,61385,Kawasaki Ko,Japan,LOC_WPI_61385,REVIEW_SIMILAR_NAME,0.842105,REVIEW_REQUIRED,766,Candidate is similar but below the automatic confidence threshold.
port567,Kikuma,Japan,JPN,62060,Kikuma Ko,Japan,LOC_WPI_62060,REVIEW_SIMILAR_NAME,0.800000,REVIEW_REQUIRED,767,Candidate is similar but below the automatic confidence threshold.
port57,Antwerp,Belgium,BEL,,,,,NO_MEANINGFUL_NAME_TOKEN,,UNMAPPED,768,"No unique, country-compatible WPI candidate was found."
port570,Yanbu (King Fahd Port),Saudi Arabia,SAU,48121,King Fahd Port,Saudi Arabia,LOC_WPI_48121,REVIEW_SIMILAR_NAME,0.823529,REVIEW_REQUIRED,769,Candidate is similar but below the automatic confidence threshold.
port573,Hull,United Kingdom,GBR,2530,Hull,Canada,LOC_WPI_2530,REVIEW_NAME_COUNTRY_ALIAS,,REVIEW_REQUIRED,770,"Port name matches, but country labels are not in the approved alias groups."
port575,Kinuura,Japan,JPN,61470,Kinuura Ko,Japan,LOC_WPI_61470,REVIEW_SIMILAR_NAME,0.823529,REVIEW_REQUIRED,771,Candidate is similar but below the automatic confidence threshold.
port576,Kiritimati,Kiribati,KIR,,,,,NO_SIMILAR_NAME,,UNMAPPED,772,"No unique, country-compatible WPI candidate was found."
port578,Kisarazu,Japan,JPN,61372,Kisarazu Ko,Japan,LOC_WPI_61372,REVIEW_SIMILAR_NAME,0.842105,REVIEW_REQUIRED,773,Candidate is similar but below the automatic confidence threshold.
port58,Bandar-e Anzali,Iran,IRN,48475,Bandar-E Pars Terminal,Iran,LOC_WPI_48475,REVIEW_SIMILAR_NAME,0.702703,REVIEW_REQUIRED,774,Candidate is similar but below the automatic confidence threshold.
port582,København,Denmark,DNK,,,,,NO_MEANINGFUL_NAME_TOKEN,,UNMAPPED,775,"No unique, country-compatible WPI candidate was found."
port583,Cochin (Kochi),India,IND,,,,,NO_SIMILAR_NAME,,UNMAPPED,776,"No unique, country-compatible WPI candidate was found."
port584,Kochi,Japan,JPN,61970,Kochi Ko,Japan,LOC_WPI_61970,REVIEW_SIMILAR_NAME,0.769231,REVIEW_REQUIRED,777,Candidate is similar but below the automatic confidence threshold.
port585,Køge,Denmark,DNK,,,,,NO_MEANINGFUL_NAME_TOKEN,,UNMAPPED,778,"No unique, country-compatible WPI candidate was found."
port59,Aomori,Japan,JPN,,,,,NO_MEANINGFUL_NAME_TOKEN,,UNMAPPED,779,"No unique, country-compatible WPI candidate was found."
port590,Kondopoga,Russian Federation,RUS,,,,,NO_SIMILAR_NAME,,UNMAPPED,780,"No unique, country-compatible WPI candidate was found."
port591,Koolan,Australia,AUS,,,,,NO_SIMILAR_NAME,,UNMAPPED,781,"No unique, country-compatible WPI candidate was found."
port599,Krishnapatnam Port,India,IND,49455,Krishnapatnam,India,LOC_WPI_49455,REVIEW_SIMILAR_NAME,0.838710,REVIEW_REQUIRED,782,Candidate is similar but below the automatic confidence threshold.
port603,Kuantan,Malaysia,MYS,,,,,NO_SIMILAR_NAME,,UNMAPPED,783,"No unique, country-compatible WPI candidate was found."
port606,Kulevi Oil Terminal,Georgia,GEO,,,,,NO_SIMILAR_NAME,,UNMAPPED,784,"No unique, country-compatible WPI candidate was found."
port608,Gunsan,Korea,KOR,,,,,NO_MEANINGFUL_NAME_TOKEN,,UNMAPPED,785,"No unique, country-compatible WPI candidate was found."
port611,Kushiro,Japan,JPN,61160,Kushiro Ko,Japan,LOC_WPI_61160,REVIEW_SIMILAR_NAME,0.823529,REVIEW_REQUIRED,786,Candidate is similar but below the automatic confidence threshold.
port612,Ebeye,Marshall Islands,MHL,,,,,NO_SIMILAR_NAME,,UNMAPPED,787,"No unique, country-compatible WPI candidate was found."
port614,LNG Tangguh,Indonesia,IDN,,,,,NO_SIMILAR_NAME,,UNMAPPED,788,"No unique, country-compatible WPI candidate was found."
port625,Lafarge,Indonesia,IDN,,,,,NO_SIMILAR_NAME,,UNMAPPED,789,"No unique, country-compatible WPI candidate was found."
port63,Arawak,Barbados,BRB,,,,,NO_SIMILAR_NAME,,UNMAPPED,790,"No unique, country-compatible WPI candidate was found."
port632,Lanqiao Port,China,CHN,,,,,NO_SIMILAR_NAME,,UNMAPPED,791,"No unique, country-compatible WPI candidate was found."
port635,Las Palmas (de Gran Canaria),Spain,ESP,,,,,NO_SIMILAR_NAME,,UNMAPPED,792,"No unique, country-compatible WPI candidate was found."
port636,Lautoka,Fiji,FJI,,,,,NO_SIMILAR_NAME,,UNMAPPED,793,"No unique, country-compatible WPI candidate was found."
port638,Saint-Brieuc,France,FRA,,,,,NO_SIMILAR_NAME,,UNMAPPED,794,"No unique, country-compatible WPI candidate was found."
port640,Kosrae,Micronesia,FSM,,,,,NO_SIMILAR_NAME,,UNMAPPED,795,"No unique, country-compatible WPI candidate was found."
port65,Ardal,Norway,NOR,,,,,NO_MEANINGFUL_NAME_TOKEN,,UNMAPPED,796,"No unique, country-compatible WPI candidate was found."
port659,London Gateway,United Kingdom,GBR,,,,,NO_SIMILAR_NAME,,UNMAPPED,797,"No unique, country-compatible WPI candidate was found."
port662,Longyan Port,China,CHN,,,,,NO_SIMILAR_NAME,,UNMAPPED,798,"No unique, country-compatible WPI candidate was found."
port664,Los Angeles-Long Beach,United States,USA,,,,,NO_SIMILAR_NAME,,UNMAPPED,799,"No unique, country-compatible WPI candidate was found."
port67,Aarhus,Denmark,DNK,,,,,NO_MEANINGFUL_NAME_TOKEN,,UNMAPPED,800,"No unique, country-compatible WPI candidate was found."
port671,Lumut,Brunei Darussalam,BRN,,,,,AMBIGUOUS_NAME_COUNTRY,,REVIEW_REQUIRED,801,Port name matches multiple WPI records with different countries.
port68,Arkhangelsk,Russian Federation,RUS,,,,,NO_MEANINGFUL_NAME_TOKEN,,UNMAPPED,802,"No unique, country-compatible WPI candidate was found."
port680,Majunga,Madagascar,MDG,,,,,NO_MEANINGFUL_NAME_TOKEN,,UNMAPPED,803,"No unique, country-compatible WPI candidate was found."
port682,Maizuru,Japan,JPN,61800,Maizuru Ko,Japan,LOC_WPI_61800,REVIEW_SIMILAR_NAME,0.823529,REVIEW_REQUIRED,804,Candidate is similar but below the automatic confidence threshold.
port683,Majuro,Marshall Islands,MHL,,,,,NO_SIMILAR_NAME,,UNMAPPED,805,"No unique, country-compatible WPI candidate was found."
port684,Makhachkala,Russian Federation,RUS,,,,,NO_SIMILAR_NAME,,UNMAPPED,806,"No unique, country-compatible WPI candidate was found."
port687,Malau,Fiji,FJI,,,,,NO_MEANINGFUL_NAME_TOKEN,,UNMAPPED,807,"No unique, country-compatible WPI candidate was found."
port688,Malakal,Palau,PLW,,,,,NO_SIMILAR_NAME,,UNMAPPED,808,"No unique, country-compatible WPI candidate was found."
port691,Malongo,Angola,AGO,,,,,NO_SIMILAR_NAME,,UNMAPPED,809,"No unique, country-compatible WPI candidate was found."
port692,Måløy,Norway,NOR,,,,,NO_MEANINGFUL_NAME_TOKEN,,UNMAPPED,810,"No unique, country-compatible WPI candidate was found."
port700,Manzanillo,Panama,PAN,,,,,AMBIGUOUS_NAME_COUNTRY,,REVIEW_REQUIRED,811,Port name matches multiple WPI records with different countries.
port708,Markenes,Norway,NOR,,,,,NO_MEANINGFUL_NAME_TOKEN,,UNMAPPED,812,"No unique, country-compatible WPI candidate was found."
port709,Mormugao,India,IND,,,,,NO_MEANINGFUL_NAME_TOKEN,,UNMAPPED,813,"No unique, country-compatible WPI candidate was found."
port710,Mellitah,Libya,LBY,,,,,NO_SIMILAR_NAME,,UNMAPPED,814,"No unique, country-compatible WPI candidate was found."
port714,Marugame,Japan,JPN,62100,Marugame Ko,Japan,LOC_WPI_62100,REVIEW_SIMILAR_NAME,0.842105,REVIEW_REQUIRED,815,Candidate is similar but below the automatic confidence threshold.
port72,Sharjah,United Arab Emirates,ARE,,,,,NO_SIMILAR_NAME,,UNMAPPED,816,"No unique, country-compatible WPI candidate was found."
port724,Mbulo,Solomon Islands,SLB,,,,,NO_SIMILAR_NAME,,UNMAPPED,817,"No unique, country-compatible WPI candidate was found."
port726,Medway,United Kingdom,GBR,,,,,NO_SIMILAR_NAME,,UNMAPPED,818,"No unique, country-compatible WPI candidate was found."
port727,Medway City,United Kingdom,GBR,,,,,NO_SIMILAR_NAME,,UNMAPPED,819,"No unique, country-compatible WPI candidate was found."
port733,Sfax,Tunisia,TUN,,,,,NO_SIMILAR_NAME,,UNMAPPED,820,"No unique, country-compatible WPI candidate was found."
port734,Marsa Tobruk,Libya,LBY,,,,,NO_MEANINGFUL_NAME_TOKEN,,UNMAPPED,821,"No unique, country-compatible WPI candidate was found."
port74,Ashkelon,Israel,ISR,,,,,NO_MEANINGFUL_NAME_TOKEN,,UNMAPPED,822,"No unique, country-compatible WPI candidate was found."
port744,Jebel Ali,United Arab Emirates,ARE,,,,,NO_SIMILAR_NAME,,UNMAPPED,823,"No unique, country-compatible WPI candidate was found."
port745,Port Sultan Qaboos,Oman,OMN,,,,,NO_SIMILAR_NAME,,UNMAPPED,824,"No unique, country-compatible WPI candidate was found."
port746,Salalah,Oman,OMN,,,,,NO_SIMILAR_NAME,,UNMAPPED,825,"No unique, country-compatible WPI candidate was found."
port748,Tripoli,Libya,LBY,,,,,NO_SIMILAR_NAME,,UNMAPPED,826,"No unique, country-compatible WPI candidate was found."
port749,Mishima,Japan,JPN,,,,,NO_MEANINGFUL_NAME_TOKEN,,UNMAPPED,827,"No unique, country-compatible WPI candidate was found."
port75,Asprópirgos,Greece,GRC,,,,,NO_SIMILAR_NAME,,UNMAPPED,828,"No unique, country-compatible WPI candidate was found."
port750,Misrata,Libya,LBY,,,,,NO_MEANINGFUL_NAME_TOKEN,,UNMAPPED,829,"No unique, country-compatible WPI candidate was found."
port751,Massawa,Eritrea,ERI,,,,,NO_SIMILAR_NAME,,UNMAPPED,830,"No unique, country-compatible WPI candidate was found."
port752,Mizushima,Japan,JPN,61595,Mizushima Ko,Japan,LOC_WPI_61595,REVIEW_SIMILAR_NAME,0.857143,REVIEW_REQUIRED,831,Candidate is similar but below the automatic confidence threshold.
port755,Chuuk,Micronesia,FSM,,,,,NO_SIMILAR_NAME,,UNMAPPED,832,"No unique, country-compatible WPI candidate was found."
port76,Astrakhan Port,Russian Federation,RUS,,,,,NO_SIMILAR_NAME,,UNMAPPED,833,"No unique, country-compatible WPI candidate was found."
port77,Atapupu,Indonesia,IDN,,,,,NO_SIMILAR_NAME,,UNMAPPED,834,"No unique, country-compatible WPI candidate was found."
port770,Moss,Sweden,SWE,,,,,AMBIGUOUS_NAME_COUNTRY,,REVIEW_REQUIRED,835,Port name matches multiple WPI records with different countries.
port773,Mutsamudu,Comoros,COM,,,,,NO_MEANINGFUL_NAME_TOKEN,,UNMAPPED,836,"No unique, country-compatible WPI candidate was found."
port774,Muara,Brunei Darussalam,BRN,,,,,NO_SIMILAR_NAME,,UNMAPPED,837,"No unique, country-compatible WPI candidate was found."
port776,Mumbai,India,IND,,,,,NO_SIMILAR_NAME,,UNMAPPED,838,"No unique, country-compatible WPI candidate was found."
port778,Mogadishu,Somalia,SOM,,,,,NO_SIMILAR_NAME,,UNMAPPED,839,"No unique, country-compatible WPI candidate was found."
port780,Muroran,Japan,JPN,61170,Muroran Ko,Japan,LOC_WPI_61170,REVIEW_SIMILAR_NAME,0.823529,REVIEW_REQUIRED,840,Candidate is similar but below the automatic confidence threshold.
port782,Mykolaiv,Ukraine,UKR,,,,,NO_MEANINGFUL_NAME_TOKEN,,UNMAPPED,841,"No unique, country-compatible WPI candidate was found."
port786,Nagoya,Japan,JPN,61480,Nagoya Ko,Japan,LOC_WPI_61480,REVIEW_SIMILAR_NAME,0.800000,REVIEW_REQUIRED,842,Candidate is similar but below the automatic confidence threshold.
port790,Nanao,Japan,JPN,61840,Nanao Ko,Japan,LOC_WPI_61840,REVIEW_SIMILAR_NAME,0.769231,REVIEW_REQUIRED,843,Candidate is similar but below the automatic confidence threshold.
port793,Naoetsu,Japan,JPN,61865,Naoetsu Ko,Japan,LOC_WPI_61865,REVIEW_SIMILAR_NAME,0.823529,REVIEW_REQUIRED,844,Candidate is similar but below the automatic confidence threshold.
port802,Ndora,Solomon Islands,SLB,,,,,NO_SIMILAR_NAME,,UNMAPPED,845,"No unique, country-compatible WPI candidate was found."
port805,Nemrut Bay,Türkiye,TUR,44752,Nemrut Limani Bay,Turkey,LOC_WPI_44752,REVIEW_SIMILAR_NAME,0.740741,REVIEW_REQUIRED,846,Candidate is similar but below the automatic confidence threshold.
port806,Népoui,New Caledonia,NCL,,,,,NO_SIMILAR_NAME,,UNMAPPED,847,"No unique, country-compatible WPI candidate was found."
port815,New York-New Jersey,United States,USA,,,,,NO_SIMILAR_NAME,,UNMAPPED,848,"No unique, country-compatible WPI candidate was found."
port821,Nicholls Town,The Bahamas,BHS,,,,,NO_SIMILAR_NAME,,UNMAPPED,849,"No unique, country-compatible WPI candidate was found."
port822,Niigata,Japan,JPN,61870,Niigata Ko,Japan,LOC_WPI_61870,REVIEW_SIMILAR_NAME,0.823529,REVIEW_REQUIRED,850,Candidate is similar but below the automatic confidence threshold.
port828,El Sokhna,Egypt,EGY,,,,,NO_SIMILAR_NAME,,UNMAPPED,851,"No unique, country-compatible WPI candidate was found."
port829,Noshiro,Japan,JPN,61277,Noshiro Ko,Japan,LOC_WPI_61277,REVIEW_SIMILAR_NAME,0.823529,REVIEW_REQUIRED,852,Candidate is similar but below the automatic confidence threshold.
port834,Nowshahr Port,Iran,IRN,,,,,NO_SIMILAR_NAME,,UNMAPPED,853,"No unique, country-compatible WPI candidate was found."
port843,Odessa,Ukraine,UKR,,,,,NO_MEANINGFUL_NAME_TOKEN,,UNMAPPED,854,"No unique, country-compatible WPI candidate was found."
port845,Agioi Oil Terminal,Greece,GRC,,,,,NO_MEANINGFUL_NAME_TOKEN,,UNMAPPED,855,"No unique, country-compatible WPI candidate was found."
port846,Oita,Japan,JPN,62160,Oita Ko,Japan,LOC_WPI_62160,REVIEW_SIMILAR_NAME,0.727273,REVIEW_REQUIRED,856,Candidate is similar but below the automatic confidence threshold.
port847,Okaram,Turkmenistan,TKM,,,,,NO_SIMILAR_NAME,,UNMAPPED,857,"No unique, country-compatible WPI candidate was found."
port850,Onahama,Japan,JPN,61355,Onahama Ko,Japan,LOC_WPI_61355,REVIEW_SIMILAR_NAME,0.823529,REVIEW_REQUIRED,858,Candidate is similar but below the automatic confidence threshold.
port86,La Habana,Cuba,CUB,,,,,NO_SIMILAR_NAME,,UNMAPPED,859,"No unique, country-compatible WPI candidate was found."
port866,Otaru,Japan,JPN,61230,Otaru Ko,Japan,LOC_WPI_61230,REVIEW_SIMILAR_NAME,0.769231,REVIEW_REQUIRED,860,Candidate is similar but below the automatic confidence threshold.
port869,PLTU Semen Tonasa,Indonesia,IDN,,,,,NO_SIMILAR_NAME,,UNMAPPED,861,"No unique, country-compatible WPI candidate was found."
port870,Paagoumène,New Caledonia,NCL,,,,,NO_SIMILAR_NAME,,UNMAPPED,862,"No unique, country-compatible WPI candidate was found."
port871,Oranjestad-Barcadera,Aruba,ABW,,,,,NO_SIMILAR_NAME,,UNMAPPED,863,"No unique, country-compatible WPI candidate was found."
port874,Paldiski,Estonia,EST,,,,,NO_SIMILAR_NAME,,UNMAPPED,864,"No unique, country-compatible WPI candidate was found."
port877,Palmeira,Cabo Verde,CPV,,,,,NO_SIMILAR_NAME,,UNMAPPED,865,"No unique, country-compatible WPI candidate was found."
port88,Matarani,Peru,PER,,,,,NO_SIMILAR_NAME,,UNMAPPED,866,"No unique, country-compatible WPI candidate was found."
port889,Patras,Greece,GRC,,,,,NO_MEANINGFUL_NAME_TOKEN,,UNMAPPED,867,"No unique, country-compatible WPI candidate was found."
port890,Payra,Bangladesh,BGD,,,,,NO_SIMILAR_NAME,,UNMAPPED,868,"No unique, country-compatible WPI candidate was found."
port891,Sandakan,Malaysia,MYS,,,,,NO_SIMILAR_NAME,,UNMAPPED,869,"No unique, country-compatible WPI candidate was found."
port893,Pelabuhan Tanjung Wangi,Indonesia,IDN,,,,,NO_SIMILAR_NAME,,UNMAPPED,870,"No unique, country-compatible WPI candidate was found."
port894,PelabuhanRatuCoalPowerPlant,Indonesia,IDN,,,,,NO_SIMILAR_NAME,,UNMAPPED,871,"No unique, country-compatible WPI candidate was found."
port898,Pepillo Salcedo (Manzanillo),Dominican Republic,DOM,10960,Pepillo Salcedo,Dominican Republic,LOC_WPI_10960,REVIEW_SIMILAR_NAME,0.731707,REVIEW_REQUIRED,872,Candidate is similar but below the automatic confidence threshold.
port903,Cai Mep,Vietnam,VNM,,,,,NO_SIMILAR_NAME,,UNMAPPED,873,"No unique, country-compatible WPI candidate was found."
port907,Pipavav Port,India,IND,,,,,NO_SIMILAR_NAME,,UNMAPPED,874,"No unique, country-compatible WPI candidate was found."
port908,Piraeus,Greece,GRC,,,,,NO_MEANINGFUL_NAME_TOKEN,,UNMAPPED,875,"No unique, country-compatible WPI candidate was found."
port91,San Nicolas,Peru,PER,13650,San Nicolas,Argentina,LOC_WPI_13650,REVIEW_NAME_COUNTRY_ALIAS,,REVIEW_REQUIRED,876,"Port name matches, but country labels are not in the approved alias groups."
port910,Guayanilla,Puerto Rico,PRI,,,,,NO_MEANINGFUL_NAME_TOKEN,,UNMAPPED,877,"No unique, country-compatible WPI candidate was found."
port913,Plymouth,Montserrat,MSR,,,,,AMBIGUOUS_NAME_COUNTRY,,REVIEW_REQUIRED,878,Port name matches multiple WPI records with different countries.
port917,Point Lisas,Trinidad and Tobago,TTO,11725,Point Lisas Port,Trinidad and Tobago,LOC_WPI_11725,REVIEW_SIMILAR_NAME,0.814815,REVIEW_REQUIRED,879,Candidate is similar but below the automatic confidence threshold.
port919,Point Noire,Republic of Congo,COG,,,,,NO_SIMILAR_NAME,,UNMAPPED,880,"No unique, country-compatible WPI candidate was found."
port92,San Vicente,Chile,CHL,14415,Bahia San Vicente,Chile,LOC_WPI_14415,REVIEW_SIMILAR_NAME,0.785714,REVIEW_REQUIRED,881,Candidate is similar but below the automatic confidence threshold.
port920,"Richmond, CA",United States,USA,8320,Richmond,United States,LOC_WPI_8320,REVIEW_SIMILAR_NAME,0.842105,REVIEW_REQUIRED,882,Candidate is similar but below the automatic confidence threshold.
port926,Poole,United Kingdom,GBR,,,,,NO_MEANINGFUL_NAME_TOKEN,,UNMAPPED,883,"No unique, country-compatible WPI candidate was found."
port927,Pohnpei,Micronesia,FSM,,,,,NO_SIMILAR_NAME,,UNMAPPED,884,"No unique, country-compatible WPI candidate was found."
port931,Port Angeles,Canada,CAN,17120,Port Angeles,United States,LOC_WPI_17120,REVIEW_NAME_COUNTRY_ALIAS,,REVIEW_REQUIRED,885,"Port name matches, but country labels are not in the approved alias groups."
port935,Channel-Port aux Basques,Canada,CAN,1795,Port Aux Basques,Canada,LOC_WPI_1795,REVIEW_SIMILAR_NAME,0.800000,REVIEW_REQUIRED,886,Candidate is similar but below the automatic confidence threshold.
port936,Bayside Charlotte,Canada,CAN,,,,,NO_SIMILAR_NAME,,UNMAPPED,887,"No unique, country-compatible WPI candidate was found."
port939,Ajaccio,France,FRA,,,,,NO_SIMILAR_NAME,,UNMAPPED,888,"No unique, country-compatible WPI candidate was found."
port940,Bell Bay,Australia,AUS,,,,,NO_SIMILAR_NAME,,UNMAPPED,889,"No unique, country-compatible WPI candidate was found."
port942,Caen,France,FRA,,,,,NO_SIMILAR_NAME,,UNMAPPED,890,"No unique, country-compatible WPI candidate was found."
port943,Port De Kribi,Cameroon,CMR,,,,,NO_SIMILAR_NAME,,UNMAPPED,891,"No unique, country-compatible WPI candidate was found."
port95,Marigot,Saint Martin,MAF,,,,,NO_SIMILAR_NAME,,UNMAPPED,892,"No unique, country-compatible WPI candidate was found."
port958,Port Jerome,France,FRA,,,,,NO_SIMILAR_NAME,,UNMAPPED,893,"No unique, country-compatible WPI candidate was found."
port961,Kyaukpyu,Myanmar,MMR,,,,,NO_SIMILAR_NAME,,UNMAPPED,894,"No unique, country-compatible WPI candidate was found."
port966,Lyttelton,New Zealand,NZL,55320,Port Lyttelton,New Zealand,LOC_WPI_55320,REVIEW_SIMILAR_NAME,0.782609,REVIEW_REQUIRED,895,Candidate is similar but below the automatic confidence threshold.
port969,Skikda (Port Methanier),Algeria,DZA,45515,Port Methanier,Algeria,LOC_WPI_45515,REVIEW_SIMILAR_NAME,0.800000,REVIEW_REQUIRED,896,Candidate is similar but below the automatic confidence threshold.
port972,Noro,Solomon Islands,SLB,,,,,NO_SIMILAR_NAME,,UNMAPPED,897,"No unique, country-compatible WPI candidate was found."
port978,Taman,Russian Federation,RUS,,,,,NO_SIMILAR_NAME,,UNMAPPED,898,"No unique, country-compatible WPI candidate was found."
port979,Port Vale Knights,Cabo Verde,CPV,,,,,NO_SIMILAR_NAME,,UNMAPPED,899,"No unique, country-compatible WPI candidate was found."
port982,Port de Longoni,Mayotte,MYT,,,,,NO_SIMILAR_NAME,,UNMAPPED,900,"No unique, country-compatible WPI candidate was found."
port983,Can Tho,Vietnam,VNM,,,,,NO_SIMILAR_NAME,,UNMAPPED,901,"No unique, country-compatible WPI candidate was found."
port985,Le Havre,France,FRA,,,,,NO_SIMILAR_NAME,,UNMAPPED,902,"No unique, country-compatible WPI candidate was found."
port986,Rouen,France,FRA,,,,,NO_SIMILAR_NAME,,UNMAPPED,903,"No unique, country-compatible WPI candidate was found."
port993,"Portland, OR",United States,USA,,,,,AMBIGUOUS_SIMILAR_NAME,,UNMAPPED,904,"No unique, country-compatible WPI candidate was found."
port995,"Portland, ME",United States,USA,,,,,AMBIGUOUS_SIMILAR_NAME,,UNMAPPED,905,"No unique, country-compatible WPI candidate was found."
port996,Portmouth,United States,USA,,,,,NO_MEANINGFUL_NAME_TOKEN,,UNMAPPED,906,"No unique, country-compatible WPI candidate was found."
port999,Leixoes,Portugal,PRT,,,,,NO_SIMILAR_NAME,,UNMAPPED,907,"No unique, country-compatible WPI candidate was found."
