source_port_id,source_port_name,source_country,source_iso3,wpi_number,wpi_name,wpi_country,canonical_location_id,match_method,similarity_score,mapping_status,review_sequence,review_reason
fso0,Brazil - Offshore Oil Terminal 1,Brazil,BRA,,,,,NO_SIMILAR_NAME,,UNMAPPED,1,"No unique, country-compatible WPI candidate was found."
fso1,Brazil - Offshore Oil Terminal 10,Brazil,BRA,,,,,NO_SIMILAR_NAME,,UNMAPPED,2,"No unique, country-compatible WPI candidate was found."
fso10,Brazil - Offshore Oil Terminal 19,Brazil,BRA,,,,,NO_SIMILAR_NAME,,UNMAPPED,3,"No unique, country-compatible WPI candidate was found."
fso100,Indonesia - Offshore Oil Terminal 9,Indonesia,IDN,,,,,NO_SIMILAR_NAME,,UNMAPPED,4,"No unique, country-compatible WPI candidate was found."
fso101,Israel - Offshore Oil Terminal 1,Israel,ISR,,,,,NO_SIMILAR_NAME,,UNMAPPED,5,"No unique, country-compatible WPI candidate was found."
fso102,Italy - Offshore Oil Terminal 1,Italy,ITA,,,,,NO_SIMILAR_NAME,,UNMAPPED,6,"No unique, country-compatible WPI candidate was found."
fso103,Italy - Offshore Oil Terminal 2,Italy,ITA,,,,,NO_SIMILAR_NAME,,UNMAPPED,7,"No unique, country-compatible WPI candidate was found."
fso104,Jamaica - Offshore Oil Terminal 1,Jamaica,JAM,,,,,NO_SIMILAR_NAME,,UNMAPPED,8,"No unique, country-compatible WPI candidate was found."
fso105,Libya - Offshore Oil Terminal 1,Libya,LBY,,,,,NO_SIMILAR_NAME,,UNMAPPED,9,"No unique, country-compatible WPI candidate was found."
fso106,Malaysia - Offshore Oil Terminal 1,Malaysia,MYS,,,,,NO_SIMILAR_NAME,,UNMAPPED,10,"No unique, country-compatible WPI candidate was found."
fso107,Malaysia - Offshore Oil Terminal 10,Malaysia,MYS,,,,,NO_SIMILAR_NAME,,UNMAPPED,11,"No unique, country-compatible WPI candidate was found."
fso108,Malaysia - Offshore Oil Terminal 11,Malaysia,MYS,,,,,NO_SIMILAR_NAME,,UNMAPPED,12,"No unique, country-compatible WPI candidate was found."
fso109,Malaysia - Offshore Oil Terminal 12,Malaysia,MYS,,,,,NO_SIMILAR_NAME,,UNMAPPED,13,"No unique, country-compatible WPI candidate was found."
fso11,Brazil - Offshore Oil Terminal 2,Brazil,BRA,,,,,NO_SIMILAR_NAME,,UNMAPPED,14,"No unique, country-compatible WPI candidate was found."
fso110,Malaysia - Offshore Oil Terminal 13,Malaysia,MYS,,,,,NO_SIMILAR_NAME,,UNMAPPED,15,"No unique, country-compatible WPI candidate was found."
fso111,Malaysia - Offshore Oil Terminal 14,Malaysia,MYS,,,,,NO_SIMILAR_NAME,,UNMAPPED,16,"No unique, country-compatible WPI candidate was found."
fso112,Malaysia - Offshore Oil Terminal 15,Malaysia,MYS,,,,,NO_SIMILAR_NAME,,UNMAPPED,17,"No unique, country-compatible WPI candidate was found."
fso113,Malaysia - Offshore Oil Terminal 16,Malaysia,MYS,,,,,NO_SIMILAR_NAME,,UNMAPPED,18,"No unique, country-compatible WPI candidate was found."
fso114,Malaysia - Offshore Oil Terminal 17,Malaysia,MYS,,,,,NO_SIMILAR_NAME,,UNMAPPED,19,"No unique, country-compatible WPI candidate was found."
fso115,Malaysia - Offshore Oil Terminal 18,Malaysia,MYS,,,,,NO_SIMILAR_NAME,,UNMAPPED,20,"No unique, country-compatible WPI candidate was found."
fso116,Malaysia - Offshore Oil Terminal 2,Malaysia,MYS,,,,,NO_SIMILAR_NAME,,UNMAPPED,21,"No unique, country-compatible WPI candidate was found."
fso117,Malaysia - Offshore Oil Terminal 3,Malaysia,MYS,,,,,NO_SIMILAR_NAME,,UNMAPPED,22,"No unique, country-compatible WPI candidate was found."
fso118,Malaysia - Offshore Oil Terminal 4,Malaysia,MYS,,,,,NO_SIMILAR_NAME,,UNMAPPED,23,"No unique, country-compatible WPI candidate was found."
fso119,Malaysia - Offshore Oil Terminal 5,Malaysia,MYS,,,,,NO_SIMILAR_NAME,,UNMAPPED,24,"No unique, country-compatible WPI candidate was found."
fso12,Brazil - Offshore Oil Terminal 20,Brazil,BRA,,,,,NO_SIMILAR_NAME,,UNMAPPED,25,"No unique, country-compatible WPI candidate was found."
fso120,Malaysia - Offshore Oil Terminal 6,Malaysia,MYS,,,,,NO_SIMILAR_NAME,,UNMAPPED,26,"No unique, country-compatible WPI candidate was found."
fso121,Malaysia - Offshore Oil Terminal 7,Malaysia,MYS,,,,,NO_SIMILAR_NAME,,UNMAPPED,27,"No unique, country-compatible WPI candidate was found."
fso122,Malaysia - Offshore Oil Terminal 8,Malaysia,MYS,,,,,NO_SIMILAR_NAME,,UNMAPPED,28,"No unique, country-compatible WPI candidate was found."
fso123,Malaysia - Offshore Oil Terminal 9,Malaysia,MYS,,,,,NO_SIMILAR_NAME,,UNMAPPED,29,"No unique, country-compatible WPI candidate was found."
fso124,Mauritania - Offshore Oil Terminal 1,Mauritania,MRT,,,,,NO_SIMILAR_NAME,,UNMAPPED,30,"No unique, country-compatible WPI candidate was found."
fso125,Mexico - Offshore Oil Terminal 1,Mexico,MEX,,,,,NO_SIMILAR_NAME,,UNMAPPED,31,"No unique, country-compatible WPI candidate was found."
fso126,Mozambique - Offshore Oil Terminal 1,Mozambique,MOZ,,,,,NO_SIMILAR_NAME,,UNMAPPED,32,"No unique, country-compatible WPI candidate was found."
fso127,New Zealand - Offshore Oil Terminal 1,New Zealand,NZL,,,,,NO_SIMILAR_NAME,,UNMAPPED,33,"No unique, country-compatible WPI candidate was found."
fso128,Nigeria - Offshore Oil Terminal 1,Nigeria,NGA,46206,Bonny Offshore Terminal,Nigeria,LOC_WPI_46206,REVIEW_SIMILAR_NAME,0.703704,REVIEW_REQUIRED,34,Candidate is similar but below the automatic confidence threshold.
fso129,Nigeria - Offshore Oil Terminal 10,Nigeria,NGA,,,,,NO_SIMILAR_NAME,,UNMAPPED,35,"No unique, country-compatible WPI candidate was found."
fso13,Brazil - Offshore Oil Terminal 21,Brazil,BRA,,,,,NO_SIMILAR_NAME,,UNMAPPED,36,"No unique, country-compatible WPI candidate was found."
fso130,Nigeria - Offshore Oil Terminal 11,Nigeria,NGA,,,,,NO_SIMILAR_NAME,,UNMAPPED,37,"No unique, country-compatible WPI candidate was found."
fso131,Nigeria - Offshore Oil Terminal 12,Nigeria,NGA,,,,,NO_SIMILAR_NAME,,UNMAPPED,38,"No unique, country-compatible WPI candidate was found."
fso132,Nigeria - Offshore Oil Terminal 13,Nigeria,NGA,,,,,NO_SIMILAR_NAME,,UNMAPPED,39,"No unique, country-compatible WPI candidate was found."
fso133,Nigeria - Offshore Oil Terminal 14,Nigeria,NGA,,,,,NO_SIMILAR_NAME,,UNMAPPED,40,"No unique, country-compatible WPI candidate was found."
fso134,Nigeria - Offshore Oil Terminal 15,Nigeria,NGA,,,,,NO_SIMILAR_NAME,,UNMAPPED,41,"No unique, country-compatible WPI candidate was found."
fso135,Nigeria - Offshore Oil Terminal 16,Nigeria,NGA,,,,,NO_SIMILAR_NAME,,UNMAPPED,42,"No unique, country-compatible WPI candidate was found."
fso136,Nigeria - Offshore Oil Terminal 17,Nigeria,NGA,,,,,NO_SIMILAR_NAME,,UNMAPPED,43,"No unique, country-compatible WPI candidate was found."
fso137,Nigeria - Offshore Oil Terminal 18,Nigeria,NGA,,,,,NO_SIMILAR_NAME,,UNMAPPED,44,"No unique, country-compatible WPI candidate was found."
fso138,Nigeria - Offshore Oil Terminal 2,Nigeria,NGA,46206,Bonny Offshore Terminal,Nigeria,LOC_WPI_46206,REVIEW_SIMILAR_NAME,0.703704,REVIEW_REQUIRED,45,Candidate is similar but below the automatic confidence threshold.
fso139,Nigeria - Offshore Oil Terminal 3,Nigeria,NGA,46206,Bonny Offshore Terminal,Nigeria,LOC_WPI_46206,REVIEW_SIMILAR_NAME,0.703704,REVIEW_REQUIRED,46,Candidate is similar but below the automatic confidence threshold.
fso14,Brazil - Offshore Oil Terminal 22,Brazil,BRA,,,,,NO_SIMILAR_NAME,,UNMAPPED,47,"No unique, country-compatible WPI candidate was found."
fso140,Nigeria - Offshore Oil Terminal 4,Nigeria,NGA,46206,Bonny Offshore Terminal,Nigeria,LOC_WPI_46206,REVIEW_SIMILAR_NAME,0.703704,REVIEW_REQUIRED,48,Candidate is similar but below the automatic confidence threshold.
fso141,Nigeria - Offshore Oil Terminal 5,Nigeria,NGA,46206,Bonny Offshore Terminal,Nigeria,LOC_WPI_46206,REVIEW_SIMILAR_NAME,0.703704,REVIEW_REQUIRED,49,Candidate is similar but below the automatic confidence threshold.
fso142,Nigeria - Offshore Oil Terminal 6,Nigeria,NGA,46206,Bonny Offshore Terminal,Nigeria,LOC_WPI_46206,REVIEW_SIMILAR_NAME,0.703704,REVIEW_REQUIRED,50,Candidate is similar but below the automatic confidence threshold.
fso143,Nigeria - Offshore Oil Terminal 7,Nigeria,NGA,46206,Bonny Offshore Terminal,Nigeria,LOC_WPI_46206,REVIEW_SIMILAR_NAME,0.703704,REVIEW_REQUIRED,51,Candidate is similar but below the automatic confidence threshold.
fso144,Nigeria - Offshore Oil Terminal 8,Nigeria,NGA,46206,Bonny Offshore Terminal,Nigeria,LOC_WPI_46206,REVIEW_SIMILAR_NAME,0.703704,REVIEW_REQUIRED,52,Candidate is similar but below the automatic confidence threshold.
fso145,Nigeria - Offshore Oil Terminal 9,Nigeria,NGA,46206,Bonny Offshore Terminal,Nigeria,LOC_WPI_46206,REVIEW_SIMILAR_NAME,0.703704,REVIEW_REQUIRED,53,Candidate is similar but below the automatic confidence threshold.
fso146,Norway - Offshore Oil Terminal 1,Norway,NOR,,,,,NO_SIMILAR_NAME,,UNMAPPED,54,"No unique, country-compatible WPI candidate was found."
fso147,Norway - Offshore Oil Terminal 2,Norway,NOR,,,,,NO_SIMILAR_NAME,,UNMAPPED,55,"No unique, country-compatible WPI candidate was found."
fso148,Norway - Offshore Oil Terminal 3,Norway,NOR,,,,,NO_SIMILAR_NAME,,UNMAPPED,56,"No unique, country-compatible WPI candidate was found."
fso149,Norway - Offshore Oil Terminal 4,Norway,NOR,,,,,NO_SIMILAR_NAME,,UNMAPPED,57,"No unique, country-compatible WPI candidate was found."
fso15,Brazil - Offshore Oil Terminal 23,Brazil,BRA,,,,,NO_SIMILAR_NAME,,UNMAPPED,58,"No unique, country-compatible WPI candidate was found."
fso150,Norway - Offshore Oil Terminal 5,Norway,NOR,,,,,NO_SIMILAR_NAME,,UNMAPPED,59,"No unique, country-compatible WPI candidate was found."
fso151,Oman - Offshore Oil Terminal 1,Oman,OMN,,,,,NO_SIMILAR_NAME,,UNMAPPED,60,"No unique, country-compatible WPI candidate was found."
fso152,Philippines - Offshore Oil Terminal 1,Philippines,PHL,,,,,NO_SIMILAR_NAME,,UNMAPPED,61,"No unique, country-compatible WPI candidate was found."
fso153,Republic of Congo - Offshore Oil Terminal 1,Republic of Congo,COG,,,,,NO_SIMILAR_NAME,,UNMAPPED,62,"No unique, country-compatible WPI candidate was found."
fso154,Republic of Congo - Offshore Oil Terminal 2,Republic of Congo,COG,,,,,NO_SIMILAR_NAME,,UNMAPPED,63,"No unique, country-compatible WPI candidate was found."
fso155,Republic of Congo - Offshore Oil Terminal 3,Republic of Congo,COG,,,,,NO_SIMILAR_NAME,,UNMAPPED,64,"No unique, country-compatible WPI candidate was found."
fso156,Russian Federation - Offshore Oil Terminal 1,Russian Federation,RUS,,,,,NO_SIMILAR_NAME,,UNMAPPED,65,"No unique, country-compatible WPI candidate was found."
fso157,Russian Federation - Offshore Oil Terminal 2,Russian Federation,RUS,,,,,NO_SIMILAR_NAME,,UNMAPPED,66,"No unique, country-compatible WPI candidate was found."
fso158,Saudi Arabia - Offshore Oil Terminal 1,Saudi Arabia,SAU,,,,,NO_SIMILAR_NAME,,UNMAPPED,67,"No unique, country-compatible WPI candidate was found."
fso159,Senegal - Offshore Oil Terminal 1,Senegal,SEN,,,,,NO_SIMILAR_NAME,,UNMAPPED,68,"No unique, country-compatible WPI candidate was found."
fso16,Brazil - Offshore Oil Terminal 24,Brazil,BRA,,,,,NO_SIMILAR_NAME,,UNMAPPED,69,"No unique, country-compatible WPI candidate was found."
fso160,Senegal - Offshore Oil Terminal 2,Senegal,SEN,,,,,NO_SIMILAR_NAME,,UNMAPPED,70,"No unique, country-compatible WPI candidate was found."
fso161,Singapore - Offshore Oil Terminal 1,Singapore,SGP,,,,,NO_SIMILAR_NAME,,UNMAPPED,71,"No unique, country-compatible WPI candidate was found."
fso162,Thailand - Offshore Oil Terminal 1,Thailand,THA,,,,,NO_SIMILAR_NAME,,UNMAPPED,72,"No unique, country-compatible WPI candidate was found."
fso163,Thailand - Offshore Oil Terminal 2,Thailand,THA,,,,,NO_SIMILAR_NAME,,UNMAPPED,73,"No unique, country-compatible WPI candidate was found."
fso164,Thailand - Offshore Oil Terminal 3,Thailand,THA,,,,,NO_SIMILAR_NAME,,UNMAPPED,74,"No unique, country-compatible WPI candidate was found."
fso165,Thailand - Offshore Oil Terminal 4,Thailand,THA,,,,,NO_SIMILAR_NAME,,UNMAPPED,75,"No unique, country-compatible WPI candidate was found."
fso166,Thailand - Offshore Oil Terminal 5,Thailand,THA,,,,,NO_SIMILAR_NAME,,UNMAPPED,76,"No unique, country-compatible WPI candidate was found."
fso167,Timor-Leste - Offshore Oil Terminal 1,Timor-Leste,TLS,,,,,NO_SIMILAR_NAME,,UNMAPPED,77,"No unique, country-compatible WPI candidate was found."
fso168,Tunisia - Offshore Oil Terminal 1,Tunisia,TUN,,,,,NO_SIMILAR_NAME,,UNMAPPED,78,"No unique, country-compatible WPI candidate was found."
fso169,United Kingdom - Offshore Oil Terminal 1,United Kingdom,GBR,,,,,NO_SIMILAR_NAME,,UNMAPPED,79,"No unique, country-compatible WPI candidate was found."
fso17,Brazil - Offshore Oil Terminal 25,Brazil,BRA,,,,,NO_SIMILAR_NAME,,UNMAPPED,80,"No unique, country-compatible WPI candidate was found."
fso170,United Kingdom - Offshore Oil Terminal 2,United Kingdom,GBR,,,,,NO_SIMILAR_NAME,,UNMAPPED,81,"No unique, country-compatible WPI candidate was found."
fso171,United Kingdom - Offshore Oil Terminal 3,United Kingdom,GBR,,,,,NO_SIMILAR_NAME,,UNMAPPED,82,"No unique, country-compatible WPI candidate was found."
fso172,United Kingdom - Offshore Oil Terminal 4,United Kingdom,GBR,,,,,NO_SIMILAR_NAME,,UNMAPPED,83,"No unique, country-compatible WPI candidate was found."
fso173,United Kingdom - Offshore Oil Terminal 5,United Kingdom,GBR,,,,,NO_SIMILAR_NAME,,UNMAPPED,84,"No unique, country-compatible WPI candidate was found."
fso174,United Kingdom - Offshore Oil Terminal 6,United Kingdom,GBR,,,,,NO_SIMILAR_NAME,,UNMAPPED,85,"No unique, country-compatible WPI candidate was found."
fso175,United States - Offshore Oil Terminal 1,United States,USA,,,,,NO_SIMILAR_NAME,,UNMAPPED,86,"No unique, country-compatible WPI candidate was found."
fso176,Venezuela - Offshore Oil Terminal 1,Venezuela,VEN,,,,,NO_SIMILAR_NAME,,UNMAPPED,87,"No unique, country-compatible WPI candidate was found."
fso177,Vietnam - Offshore Oil Terminal 1,Vietnam,VNM,,,,,NO_SIMILAR_NAME,,UNMAPPED,88,"No unique, country-compatible WPI candidate was found."
fso178,Vietnam - Offshore Oil Terminal 2,Vietnam,VNM,,,,,NO_SIMILAR_NAME,,UNMAPPED,89,"No unique, country-compatible WPI candidate was found."
fso179,Vietnam - Offshore Oil Terminal 3,Vietnam,VNM,,,,,NO_SIMILAR_NAME,,UNMAPPED,90,"No unique, country-compatible WPI candidate was found."
fso18,Brazil - Offshore Oil Terminal 26,Brazil,BRA,,,,,NO_SIMILAR_NAME,,UNMAPPED,91,"No unique, country-compatible WPI candidate was found."
fso180,Republic of Congo - Offshore Oil Terminal 4,Republic of Congo,COG,,,,,NO_SIMILAR_NAME,,UNMAPPED,92,"No unique, country-compatible WPI candidate was found."
fso19,Brazil - Offshore Oil Terminal 27,Brazil,BRA,,,,,NO_SIMILAR_NAME,,UNMAPPED,93,"No unique, country-compatible WPI candidate was found."
fso2,Brazil - Offshore Oil Terminal 11,Brazil,BRA,,,,,NO_SIMILAR_NAME,,UNMAPPED,94,"No unique, country-compatible WPI candidate was found."
fso20,Brazil - Offshore Oil Terminal 28,Brazil,BRA,,,,,NO_SIMILAR_NAME,,UNMAPPED,95,"No unique, country-compatible WPI candidate was found."
fso21,Brazil - Offshore Oil Terminal 29,Brazil,BRA,,,,,NO_SIMILAR_NAME,,UNMAPPED,96,"No unique, country-compatible WPI candidate was found."
fso22,Brazil - Offshore Oil Terminal 3,Brazil,BRA,,,,,NO_SIMILAR_NAME,,UNMAPPED,97,"No unique, country-compatible WPI candidate was found."
fso23,Brazil - Offshore Oil Terminal 30,Brazil,BRA,,,,,NO_SIMILAR_NAME,,UNMAPPED,98,"No unique, country-compatible WPI candidate was found."
fso24,Brazil - Offshore Oil Terminal 31,Brazil,BRA,,,,,NO_SIMILAR_NAME,,UNMAPPED,99,"No unique, country-compatible WPI candidate was found."
fso25,Brazil - Offshore Oil Terminal 32,Brazil,BRA,,,,,NO_SIMILAR_NAME,,UNMAPPED,100,"No unique, country-compatible WPI candidate was found."
fso26,Brazil - Offshore Oil Terminal 33,Brazil,BRA,,,,,NO_SIMILAR_NAME,,UNMAPPED,101,"No unique, country-compatible WPI candidate was found."
fso27,Brazil - Offshore Oil Terminal 34,Brazil,BRA,,,,,NO_SIMILAR_NAME,,UNMAPPED,102,"No unique, country-compatible WPI candidate was found."
fso28,Brazil - Offshore Oil Terminal 35,Brazil,BRA,,,,,NO_SIMILAR_NAME,,UNMAPPED,103,"No unique, country-compatible WPI candidate was found."
fso29,Brazil - Offshore Oil Terminal 36,Brazil,BRA,,,,,NO_SIMILAR_NAME,,UNMAPPED,104,"No unique, country-compatible WPI candidate was found."
fso3,Brazil - Offshore Oil Terminal 12,Brazil,BRA,,,,,NO_SIMILAR_NAME,,UNMAPPED,105,"No unique, country-compatible WPI candidate was found."
fso30,Brazil - Offshore Oil Terminal 37,Brazil,BRA,,,,,NO_SIMILAR_NAME,,UNMAPPED,106,"No unique, country-compatible WPI candidate was found."
fso31,Brazil - Offshore Oil Terminal 38,Brazil,BRA,,,,,NO_SIMILAR_NAME,,UNMAPPED,107,"No unique, country-compatible WPI candidate was found."
fso32,Brazil - Offshore Oil Terminal 39,Brazil,BRA,,,,,NO_SIMILAR_NAME,,UNMAPPED,108,"No unique, country-compatible WPI candidate was found."
fso33,Brazil - Offshore Oil Terminal 4,Brazil,BRA,,,,,NO_SIMILAR_NAME,,UNMAPPED,109,"No unique, country-compatible WPI candidate was found."
fso34,Brazil - Offshore Oil Terminal 40,Brazil,BRA,,,,,NO_SIMILAR_NAME,,UNMAPPED,110,"No unique, country-compatible WPI candidate was found."
fso35,Brazil - Offshore Oil Terminal 41,Brazil,BRA,,,,,NO_SIMILAR_NAME,,UNMAPPED,111,"No unique, country-compatible WPI candidate was found."
fso36,Brazil - Offshore Oil Terminal 42,Brazil,BRA,,,,,NO_SIMILAR_NAME,,UNMAPPED,112,"No unique, country-compatible WPI candidate was found."
fso37,Brazil - Offshore Oil Terminal 43,Brazil,BRA,,,,,NO_SIMILAR_NAME,,UNMAPPED,113,"No unique, country-compatible WPI candidate was found."
fso38,Brazil - Offshore Oil Terminal 44,Brazil,BRA,,,,,NO_SIMILAR_NAME,,UNMAPPED,114,"No unique, country-compatible WPI candidate was found."
fso39,Brazil - Offshore Oil Terminal 45,Brazil,BRA,,,,,NO_SIMILAR_NAME,,UNMAPPED,115,"No unique, country-compatible WPI candidate was found."
fso4,Brazil - Offshore Oil Terminal 13,Brazil,BRA,,,,,NO_SIMILAR_NAME,,UNMAPPED,116,"No unique, country-compatible WPI candidate was found."
fso40,Brazil - Offshore Oil Terminal 5,Brazil,BRA,,,,,NO_SIMILAR_NAME,,UNMAPPED,117,"No unique, country-compatible WPI candidate was found."
fso41,Brazil - Offshore Oil Terminal 6,Brazil,BRA,,,,,NO_SIMILAR_NAME,,UNMAPPED,118,"No unique, country-compatible WPI candidate was found."
fso42,Brazil - Offshore Oil Terminal 7,Brazil,BRA,,,,,NO_SIMILAR_NAME,,UNMAPPED,119,"No unique, country-compatible WPI candidate was found."
fso43,Brazil - Offshore Oil Terminal 8,Brazil,BRA,,,,,NO_SIMILAR_NAME,,UNMAPPED,120,"No unique, country-compatible WPI candidate was found."
fso44,Brazil - Offshore Oil Terminal 9,Brazil,BRA,,,,,NO_SIMILAR_NAME,,UNMAPPED,121,"No unique, country-compatible WPI candidate was found."
fso45,Equatorial Guinea - Offshore Oil Terminal 1,Equatorial Guinea,GNQ,,,,,NO_SIMILAR_NAME,,UNMAPPED,122,"No unique, country-compatible WPI candidate was found."
fso46,Equatorial Guinea - Offshore Oil Terminal 2,Equatorial Guinea,GNQ,,,,,NO_SIMILAR_NAME,,UNMAPPED,123,"No unique, country-compatible WPI candidate was found."
fso47,Equatorial Guinea - Offshore Oil Terminal 3,Equatorial Guinea,GNQ,,,,,NO_SIMILAR_NAME,,UNMAPPED,124,"No unique, country-compatible WPI candidate was found."
fso48,Guyana - Offshore Oil Terminal 1,Guyana,GUY,,,,,NO_SIMILAR_NAME,,UNMAPPED,125,"No unique, country-compatible WPI candidate was found."
fso49,Guyana - Offshore Oil Terminal 2,Guyana,GUY,,,,,NO_SIMILAR_NAME,,UNMAPPED,126,"No unique, country-compatible WPI candidate was found."
fso5,Brazil - Offshore Oil Terminal 14,Brazil,BRA,,,,,NO_SIMILAR_NAME,,UNMAPPED,127,"No unique, country-compatible WPI candidate was found."
fso50,Guyana - Offshore Oil Terminal 3,Guyana,GUY,,,,,NO_SIMILAR_NAME,,UNMAPPED,128,"No unique, country-compatible WPI candidate was found."
fso51,Guyana - Offshore Oil Terminal 4,Guyana,GUY,,,,,NO_SIMILAR_NAME,,UNMAPPED,129,"No unique, country-compatible WPI candidate was found."
fso52,Angola - Offshore Oil Terminal 1,Angola,AGO,,,,,NO_SIMILAR_NAME,,UNMAPPED,130,"No unique, country-compatible WPI candidate was found."
fso53,Angola - Offshore Oil Terminal 2,Angola,AGO,,,,,NO_SIMILAR_NAME,,UNMAPPED,131,"No unique, country-compatible WPI candidate was found."
fso54,Angola - Offshore Oil Terminal 3,Angola,AGO,,,,,NO_SIMILAR_NAME,,UNMAPPED,132,"No unique, country-compatible WPI candidate was found."
fso55,Angola - Offshore Oil Terminal 4,Angola,AGO,,,,,NO_SIMILAR_NAME,,UNMAPPED,133,"No unique, country-compatible WPI candidate was found."
fso56,Angola - Offshore Oil Terminal 5,Angola,AGO,,,,,NO_SIMILAR_NAME,,UNMAPPED,134,"No unique, country-compatible WPI candidate was found."
fso57,Angola - Offshore Oil Terminal 6,Angola,AGO,,,,,NO_SIMILAR_NAME,,UNMAPPED,135,"No unique, country-compatible WPI candidate was found."
fso58,Angola - Offshore Oil Terminal 7,Angola,AGO,,,,,NO_SIMILAR_NAME,,UNMAPPED,136,"No unique, country-compatible WPI candidate was found."
fso59,Australia - Offshore Oil Terminal 1,Australia,AUS,,,,,NO_SIMILAR_NAME,,UNMAPPED,137,"No unique, country-compatible WPI candidate was found."
fso6,Brazil - Offshore Oil Terminal 15,Brazil,BRA,,,,,NO_SIMILAR_NAME,,UNMAPPED,138,"No unique, country-compatible WPI candidate was found."
fso60,Australia - Offshore Oil Terminal 2,Australia,AUS,,,,,NO_SIMILAR_NAME,,UNMAPPED,139,"No unique, country-compatible WPI candidate was found."
fso61,Australia - Offshore Oil Terminal 3,Australia,AUS,,,,,NO_SIMILAR_NAME,,UNMAPPED,140,"No unique, country-compatible WPI candidate was found."
fso62,Australia - Offshore Oil Terminal 4,Australia,AUS,,,,,NO_SIMILAR_NAME,,UNMAPPED,141,"No unique, country-compatible WPI candidate was found."
fso63,Australia - Offshore Oil Terminal 5,Australia,AUS,,,,,NO_SIMILAR_NAME,,UNMAPPED,142,"No unique, country-compatible WPI candidate was found."
fso64,Bangladesh - Offshore Oil Terminal 1,Bangladesh,BGD,,,,,NO_SIMILAR_NAME,,UNMAPPED,143,"No unique, country-compatible WPI candidate was found."
fso65,Cameroon - Offshore Oil Terminal 1,Cameroon,CMR,,,,,NO_SIMILAR_NAME,,UNMAPPED,144,"No unique, country-compatible WPI candidate was found."
fso66,Canada - Offshore Oil Terminal 1,Canada,CAN,,,,,NO_SIMILAR_NAME,,UNMAPPED,145,"No unique, country-compatible WPI candidate was found."
fso67,China - Offshore Oil Terminal 1,China,CHN,,,,,NO_SIMILAR_NAME,,UNMAPPED,146,"No unique, country-compatible WPI candidate was found."
fso68,China - Offshore Oil Terminal 2,China,CHN,,,,,NO_SIMILAR_NAME,,UNMAPPED,147,"No unique, country-compatible WPI candidate was found."
fso69,China - Offshore Oil Terminal 3,China,CHN,,,,,NO_SIMILAR_NAME,,UNMAPPED,148,"No unique, country-compatible WPI candidate was found."
fso7,Brazil - Offshore Oil Terminal 16,Brazil,BRA,,,,,NO_SIMILAR_NAME,,UNMAPPED,149,"No unique, country-compatible WPI candidate was found."
fso70,China - Offshore Oil Terminal 4,China,CHN,,,,,NO_SIMILAR_NAME,,UNMAPPED,150,"No unique, country-compatible WPI candidate was found."
fso71,Côte d'Ivoire - Offshore Oil Terminal 1,Côte d'Ivoire,CIV,,,,,NO_SIMILAR_NAME,,UNMAPPED,151,"No unique, country-compatible WPI candidate was found."
fso72,Democratic Republic of the Congo - Offshore Oil Terminal 1,Democratic Republic of the Congo,COD,,,,,NO_SIMILAR_NAME,,UNMAPPED,152,"No unique, country-compatible WPI candidate was found."
fso73,Democratic Republic of the Congo - Offshore Oil Terminal 2,Democratic Republic of the Congo,COD,,,,,NO_SIMILAR_NAME,,UNMAPPED,153,"No unique, country-compatible WPI candidate was found."
fso74,Democratic Republic of the Congo - Offshore Oil Terminal 3,Democratic Republic of the Congo,COD,,,,,NO_SIMILAR_NAME,,UNMAPPED,154,"No unique, country-compatible WPI candidate was found."
fso75,Democratic Republic of the Congo - Offshore Oil Terminal 4,Democratic Republic of the Congo,COD,,,,,NO_SIMILAR_NAME,,UNMAPPED,155,"No unique, country-compatible WPI candidate was found."
fso76,Gabon - Offshore Oil Terminal 1,Gabon,GAB,,,,,NO_SIMILAR_NAME,,UNMAPPED,156,"No unique, country-compatible WPI candidate was found."
fso77,Gabon - Offshore Oil Terminal 2,Gabon,GAB,,,,,NO_SIMILAR_NAME,,UNMAPPED,157,"No unique, country-compatible WPI candidate was found."
fso78,Gabon - Offshore Oil Terminal 3,Gabon,GAB,,,,,NO_SIMILAR_NAME,,UNMAPPED,158,"No unique, country-compatible WPI candidate was found."
fso79,Ghana - Offshore Oil Terminal 1,Ghana,GHA,,,,,NO_SIMILAR_NAME,,UNMAPPED,159,"No unique, country-compatible WPI candidate was found."
fso8,Brazil - Offshore Oil Terminal 17,Brazil,BRA,,,,,NO_SIMILAR_NAME,,UNMAPPED,160,"No unique, country-compatible WPI candidate was found."
fso80,Ghana - Offshore Oil Terminal 2,Ghana,GHA,,,,,NO_SIMILAR_NAME,,UNMAPPED,161,"No unique, country-compatible WPI candidate was found."
fso81,Ghana - Offshore Oil Terminal 3,Ghana,GHA,,,,,NO_SIMILAR_NAME,,UNMAPPED,162,"No unique, country-compatible WPI candidate was found."
fso82,India - Offshore Oil Terminal 1,India,IND,,,,,NO_SIMILAR_NAME,,UNMAPPED,163,"No unique, country-compatible WPI candidate was found."
fso83,India - Offshore Oil Terminal 2,India,IND,,,,,NO_SIMILAR_NAME,,UNMAPPED,164,"No unique, country-compatible WPI candidate was found."
fso84,India - Offshore Oil Terminal 3,India,IND,,,,,NO_SIMILAR_NAME,,UNMAPPED,165,"No unique, country-compatible WPI candidate was found."
fso85,India - Offshore Oil Terminal 4,India,IND,,,,,NO_SIMILAR_NAME,,UNMAPPED,166,"No unique, country-compatible WPI candidate was found."
fso86,Indonesia - Offshore Oil Terminal 1,Indonesia,IDN,,,,,NO_SIMILAR_NAME,,UNMAPPED,167,"No unique, country-compatible WPI candidate was found."
fso87,Indonesia - Offshore Oil Terminal 10,Indonesia,IDN,,,,,NO_SIMILAR_NAME,,UNMAPPED,168,"No unique, country-compatible WPI candidate was found."
fso88,Indonesia - Offshore Oil Terminal 11,Indonesia,IDN,,,,,NO_SIMILAR_NAME,,UNMAPPED,169,"No unique, country-compatible WPI candidate was found."
fso89,Indonesia - Offshore Oil Terminal 12,Indonesia,IDN,,,,,NO_SIMILAR_NAME,,UNMAPPED,170,"No unique, country-compatible WPI candidate was found."
fso9,Brazil - Offshore Oil Terminal 18,Brazil,BRA,,,,,NO_SIMILAR_NAME,,UNMAPPED,171,"No unique, country-compatible WPI candidate was found."
fso90,Indonesia - Offshore Oil Terminal 13,Indonesia,IDN,,,,,NO_SIMILAR_NAME,,UNMAPPED,172,"No unique, country-compatible WPI candidate was found."
fso91,Indonesia - Offshore Oil Terminal 14,Indonesia,IDN,,,,,NO_SIMILAR_NAME,,UNMAPPED,173,"No unique, country-compatible WPI candidate was found."
fso92,Indonesia - Offshore Oil Terminal 15,Indonesia,IDN,,,,,NO_SIMILAR_NAME,,UNMAPPED,174,"No unique, country-compatible WPI candidate was found."
fso93,Indonesia - Offshore Oil Terminal 2,Indonesia,IDN,,,,,NO_SIMILAR_NAME,,UNMAPPED,175,"No unique, country-compatible WPI candidate was found."
fso94,Indonesia - Offshore Oil Terminal 3,Indonesia,IDN,,,,,NO_SIMILAR_NAME,,UNMAPPED,176,"No unique, country-compatible WPI candidate was found."
fso95,Indonesia - Offshore Oil Terminal 4,Indonesia,IDN,,,,,NO_SIMILAR_NAME,,UNMAPPED,177,"No unique, country-compatible WPI candidate was found."
fso96,Indonesia - Offshore Oil Terminal 5,Indonesia,IDN,,,,,NO_SIMILAR_NAME,,UNMAPPED,178,"No unique, country-compatible WPI candidate was found."
fso97,Indonesia - Offshore Oil Terminal 6,Indonesia,IDN,,,,,NO_SIMILAR_NAME,,UNMAPPED,179,"No unique, country-compatible WPI candidate was found."
fso98,Indonesia - Offshore Oil Terminal 7,Indonesia,IDN,,,,,NO_SIMILAR_NAME,,UNMAPPED,180,"No unique, country-compatible WPI candidate was found."
fso99,Indonesia - Offshore Oil Terminal 8,Indonesia,IDN,,,,,NO_SIMILAR_NAME,,UNMAPPED,181,"No unique, country-compatible WPI candidate was found."
port0,Abbot Point,Australia,AUS,53405,Hay Point,Australia,LOC_WPI_53405,REVIEW_SIMILAR_NAME,0.700000,REVIEW_REQUIRED,182,Candidate is similar but below the automatic confidence threshold.
port1,Åbenrå,Denmark,DNK,30100,Abenra,Denmark,LOC_WPI_30100,AUTO_MATCHED_EXACT,1.000000,AUTO_MATCHED,,
port10,Agadir,Morocco,MAR,45802,Agadir,Morocco,LOC_WPI_45802,AUTO_MATCHED_EXACT,1.000000,AUTO_MATCHED,,
port100,Baku Port,Azerbaijan,AZE,,,,,NO_SIMILAR_NAME,,UNMAPPED,183,"No unique, country-compatible WPI candidate was found."
port1000,Porto De Maceio,Brazil,BRA,12750,Porto De Maceio,Brazil,LOC_WPI_12750,AUTO_MATCHED_EXACT,1.000000,AUTO_MATCHED,,
port1001,Fortaleza (Mucuripe),Brazil,BRA,12650,Porto De Mucuripe,Brazil,LOC_WPI_12650,REVIEW_SIMILAR_NAME,0.742857,REVIEW_REQUIRED,184,Candidate is similar but below the automatic confidence threshold.
port1002,Porto De Suape,Brazil,BRA,12740,Porto De Suape,Brazil,LOC_WPI_12740,AUTO_MATCHED_EXACT,1.000000,AUTO_MATCHED,,
port1003,Chioggia,Italy,ITA,,,,,NO_SIMILAR_NAME,,UNMAPPED,185,"No unique, country-compatible WPI candidate was found."
port1004,Ravenna,Italy,ITA,,,,,NO_SIMILAR_NAME,,UNMAPPED,186,"No unique, country-compatible WPI candidate was found."
port1005,Porto Di Lido-Venezia,Italy,ITA,40760,Porto Di Lido-Venezia,Italy,LOC_WPI_40760,AUTO_MATCHED_EXACT,1.000000,AUTO_MATCHED,,
port1006,Malamocco,Italy,ITA,,,,,NO_SIMILAR_NAME,,UNMAPPED,187,"No unique, country-compatible WPI candidate was found."
port1007,Oristano,Italy,ITA,,,,,NO_SIMILAR_NAME,,UNMAPPED,188,"No unique, country-compatible WPI candidate was found."
port1008,Palermo,Italy,ITA,,,,,NO_MEANINGFUL_NAME_TOKEN,,UNMAPPED,189,"No unique, country-compatible WPI candidate was found."
port1009,Porto Grande,Cabo Verde,CPV,45880,Porto Grande,Cabo Verde,LOC_WPI_45880,AUTO_MATCHED_EXACT,1.000000,AUTO_MATCHED,,
port101,Balboa,Panama,PAN,15410,Balboa,Panama,LOC_WPI_15410,AUTO_MATCHED_EXACT,1.000000,AUTO_MATCHED,,
port1010,Pecem,Brazil,BRA,,,,,NO_SIMILAR_NAME,,UNMAPPED,190,"No unique, country-compatible WPI candidate was found."
port1011,Porto Torres,Italy,ITA,39310,Porto Torres,Italy,LOC_WPI_39310,AUTO_MATCHED_EXACT,1.000000,AUTO_MATCHED,,
port1012,Portocel,Brazil,BRA,12820,Portocel,Brazil,LOC_WPI_12820,AUTO_MATCHED_EXACT,1.000000,AUTO_MATCHED,,
port1013,Piombino,Italy,ITA,,,,,NO_SIMILAR_NAME,,UNMAPPED,191,"No unique, country-compatible WPI candidate was found."
port1014,Portsmouth Harbour,United Kingdom,GBR,35600,Portsmouth Harbour,United Kingdom,LOC_WPI_35600,AUTO_MATCHED_EXACT,1.000000,AUTO_MATCHED,,
port1015,Skoldvik,Finland,FIN,,,,,NO_SIMILAR_NAME,,UNMAPPED,192,"No unique, country-compatible WPI candidate was found."
port1016,Poti,Georgia,GEO,,,,,NO_SIMILAR_NAME,,UNMAPPED,193,"No unique, country-compatible WPI candidate was found."
port1017,Pozzuoli,Italy,ITA,39940,Pozzuoli,Italy,LOC_WPI_39940,AUTO_MATCHED_EXACT,1.000000,AUTO_MATCHED,,
port1018,Praia da Vitoria,Portugal,PRT,38095,Praia De Vitoria,Portugal,LOC_WPI_38095,AUTO_MATCHED_FUZZY,0.937500,AUTO_MATCHED,,
port1019,Presque Isle,United States,USA,5290,Presque Isle,United States,LOC_WPI_5290,AUTO_MATCHED_EXACT,1.000000,AUTO_MATCHED,,
port102,Balikpapan,Indonesia,IDN,51840,Balikpapan,Indonesia,LOC_WPI_51840,AUTO_MATCHED_EXACT,1.000000,AUTO_MATCHED,,
port1020,Primorsk,Russian Federation,RUS,28360,Primorsk,Russia,LOC_WPI_28360,AUTO_MATCHED_COUNTRY_ALIAS,1.000000,AUTO_MATCHED,,Country labels were matched through an approved alias group.
port1021,Prince Rupert,Canada,CAN,18950,Prince Rupert,Canada,LOC_WPI_18950,AUTO_MATCHED_EXACT,1.000000,AUTO_MATCHED,,
port1022,Probolinggo,Indonesia,IDN,51180,Probolinggo,Indonesia,LOC_WPI_51180,AUTO_MATCHED_EXACT,1.000000,AUTO_MATCHED,,
port1023,Progreso,Mexico,MEX,9510,Progreso,Mexico,LOC_WPI_9510,AUTO_MATCHED_EXACT,1.000000,AUTO_MATCHED,,
port1024,Providence,United States,USA,7420,Providence,United States,LOC_WPI_7420,AUTO_MATCHED_EXACT,1.000000,AUTO_MATCHED,,
port1025,Providenciales,Turks and Caicos Islands,TCA,10030,Providenciales,Turks and Caicos Islands,LOC_WPI_10030,AUTO_MATCHED_EXACT,1.000000,AUTO_MATCHED,,
port1026,Bayovar,Peru,PER,,,,,NO_SIMILAR_NAME,,UNMAPPED,194,"No unique, country-compatible WPI candidate was found."
port1027,Puerto Bolivar,Colombia,COL,11946,Puerto Bolivar,Colombia,LOC_WPI_11946,AUTO_MATCHED_EXACT,1.000000,AUTO_MATCHED,,
port1028,Puerto Bolivar,Ecuador,ECU,15250,Puerto Bolivar,Ecuador,LOC_WPI_15250,AUTO_MATCHED_EXACT,1.000000,AUTO_MATCHED,,
port1029,Puerto Cabello,Venezuela,VEN,12120,Puerto Cabello,Venezuela,LOC_WPI_12120,AUTO_MATCHED_EXACT,1.000000,AUTO_MATCHED,,
port103,Baltimore,United States,USA,8210,Baltimore,United States,LOC_WPI_8210,AUTO_MATCHED_EXACT,1.000000,AUTO_MATCHED,,
port1030,Puerto Cabezas,Nicaragua,NIC,9760,Puerto Cabezas,Nicaragua,LOC_WPI_9760,AUTO_MATCHED_EXACT,1.000000,AUTO_MATCHED,,
port1031,Puerto Caldera,Chile,CHL,14630,Puerto Caldera,Chile,LOC_WPI_14630,AUTO_MATCHED_EXACT,1.000000,AUTO_MATCHED,,
port1032,Puerto Caldera,Costa Rica,CRI,15500,Puerto Caldera,Costa Rica,LOC_WPI_15500,AUTO_MATCHED_EXACT,1.000000,AUTO_MATCHED,,
port1033,Puerto Castilla,Honduras,HND,9690,Puerto Castilla,Honduras,LOC_WPI_9690,AUTO_MATCHED_EXACT,1.000000,AUTO_MATCHED,,
port1034,Puerto Chanaral,Chile,CHL,14640,Puerto Chanaral,Chile,LOC_WPI_14640,AUTO_MATCHED_EXACT,1.000000,AUTO_MATCHED,,
port1035,Colon,Panama,PAN,13730,Colon,Argentina,LOC_WPI_13730,REVIEW_NAME_COUNTRY_ALIAS,,REVIEW_REQUIRED,195,"Port name matches, but country labels are not in the approved alias groups."
port1036,Puerto Cortes,Honduras,HND,9650,Puerto Cortes,Honduras,LOC_WPI_9650,AUTO_MATCHED_EXACT,1.000000,AUTO_MATCHED,,
port1037,Puerto Cristobal,Panama,PAN,9860,Puerto Cristobal,Panama,LOC_WPI_9860,AUTO_MATCHED_EXACT,1.000000,AUTO_MATCHED,,
port1038,Bilbao,Spain,ESP,,,,,NO_SIMILAR_NAME,,UNMAPPED,196,"No unique, country-compatible WPI candidate was found."
port1039,Carboneras,Spain,ESP,,,,,NO_SIMILAR_NAME,,UNMAPPED,197,"No unique, country-compatible WPI candidate was found."
port104,Baltiysk,Russian Federation,RUS,28680,Baltiysk,Russia,LOC_WPI_28680,AUTO_MATCHED_COUNTRY_ALIAS,1.000000,AUTO_MATCHED,,Country labels were matched through an approved alias group.
port1040,Chimbote,Peru,PER,,,,,NO_SIMILAR_NAME,,UNMAPPED,198,"No unique, country-compatible WPI candidate was found."
port1041,Garrucha,Spain,ESP,,,,,NO_SIMILAR_NAME,,UNMAPPED,199,"No unique, country-compatible WPI candidate was found."
port1042,Haina,Dominican Republic,DOM,,,,,NO_SIMILAR_NAME,,UNMAPPED,200,"No unique, country-compatible WPI candidate was found."
port1043,San Lorenzo (Henecan),Honduras,HND,,,,,NO_SIMILAR_NAME,,UNMAPPED,201,"No unique, country-compatible WPI candidate was found."
port1044,Pasajes,Spain,ESP,,,,,NO_SIMILAR_NAME,,UNMAPPED,202,"No unique, country-compatible WPI candidate was found."
port1045,Callao,Peru,PER,,,,,NO_SIMILAR_NAME,,UNMAPPED,203,"No unique, country-compatible WPI candidate was found."
port1046,Puerto Del Rosario,Spain,ESP,38180,Puerto Del Rosario,Spain,LOC_WPI_38180,AUTO_MATCHED_EXACT,1.000000,AUTO_MATCHED,,
port1047,Ilo,Peru,PER,,,,,NO_SIMILAR_NAME,,UNMAPPED,204,"No unique, country-compatible WPI candidate was found."
port1048,Bahia Blanca,Argentina,ARG,13815,Bahia Blanca,Argentina,LOC_WPI_13815,AUTO_MATCHED_EXACT,1.000000,AUTO_MATCHED,,
port1049,Puerto La Cruz,Venezuela,VEN,12185,Puerto La Cruz,Venezuela,LOC_WPI_12185,AUTO_MATCHED_EXACT,1.000000,AUTO_MATCHED,,
port105,Bandar-E Pars Terminal,Iran,IRN,48475,Bandar-E Pars Terminal,Iran,LOC_WPI_48475,AUTO_MATCHED_EXACT,1.000000,AUTO_MATCHED,,
port1050,Puerto Madryn,Argentina,ARG,13900,Puerto Madryn,Argentina,LOC_WPI_13900,AUTO_MATCHED_EXACT,1.000000,AUTO_MATCHED,,
port1051,Puerto Miranda,Venezuela,VEN,12035,Puerto Miranda,Venezuela,LOC_WPI_12035,AUTO_MATCHED_EXACT,1.000000,AUTO_MATCHED,,
port1052,Puerto Moin,Costa Rica,CRI,9805,Puerto Moin,Costa Rica,LOC_WPI_9805,AUTO_MATCHED_EXACT,1.000000,AUTO_MATCHED,,
port1053,Puerto Montt,Chile,CHL,14270,Puerto Montt,Chile,LOC_WPI_14270,AUTO_MATCHED_EXACT,1.000000,AUTO_MATCHED,,
port1054,Puerto Nuevo,Colombia,COL,,,,,NO_SIMILAR_NAME,,UNMAPPED,205,"No unique, country-compatible WPI candidate was found."
port1055,Puerto Plata,Dominican Republic,DOM,10980,Puerto Plata,Dominican Republic,LOC_WPI_10980,AUTO_MATCHED_EXACT,1.000000,AUTO_MATCHED,,
port1056,Puerto Princesa,Philippines,PHL,59270,Puerto Princesa,Philippines,LOC_WPI_59270,AUTO_MATCHED_EXACT,1.000000,AUTO_MATCHED,,
port1057,Puerto Quetzal,Guatemala,GTM,15660,Puerto Quetzal,Guatemala,LOC_WPI_15660,AUTO_MATCHED_EXACT,1.000000,AUTO_MATCHED,,
port1058,Puerto San Antonio,Chile,CHL,14470,Puerto San Antonio,Chile,LOC_WPI_14470,AUTO_MATCHED_EXACT,1.000000,AUTO_MATCHED,,
port1059,San Martin,Argentina,ARG,13600,Puerto San Martin,Argentina,LOC_WPI_13600,REVIEW_SIMILAR_NAME,0.740741,REVIEW_REQUIRED,206,Candidate is similar but below the automatic confidence threshold.
port106,Bandar Shahid Rajaee,Iran,IRN,48495,Bandar-E Shahid Reajie,Iran,LOC_WPI_48495,REVIEW_SIMILAR_NAME,0.857143,REVIEW_REQUIRED,207,Candidate is similar but below the automatic confidence threshold.
port1060,Puerto Yabucoa,Puerto Rico,PRI,11205,Puerto Yabucoa,Puerto Rico,LOC_WPI_11205,AUTO_MATCHED_EXACT,1.000000,AUTO_MATCHED,,
port1061,Pulau Baai,Indonesia,IDN,50441,Pulau Baai,Indonesia,LOC_WPI_50441,AUTO_MATCHED_EXACT,1.000000,AUTO_MATCHED,,
port1062,Penang,Malaysia,MYS,,,,,NO_SIMILAR_NAME,,UNMAPPED,208,"No unique, country-compatible WPI candidate was found."
port1063,Punta Cardón,Venezuela,VEN,12050,Punta Cardon,Venezuela,LOC_WPI_12050,AUTO_MATCHED_EXACT,1.000000,AUTO_MATCHED,,
port1064,Punta Lobitos,Peru,PER,15200,Caleta Lobitos,Peru,LOC_WPI_15200,REVIEW_SIMILAR_NAME,0.740741,REVIEW_REQUIRED,209,Candidate is similar but below the automatic confidence threshold.
port1065,Busan,Korea,KOR,60390,Busan,South Korea,LOC_WPI_60390,AUTO_MATCHED_COUNTRY_ALIAS,1.000000,AUTO_MATCHED,,Country labels were matched through an approved alias group.
port1066,Put Put,Papua New Guinea,PNG,,,,,NO_SIMILAR_NAME,,UNMAPPED,210,"No unique, country-compatible WPI candidate was found."
port1067,Pyeongtaek,Korea,KOR,60325,Pyeongtaek Hang,South Korea,LOC_WPI_60325,REVIEW_SIMILAR_NAME,0.800000,REVIEW_REQUIRED,211,Candidate is similar but below the automatic confidence threshold.
port1068,Qalhat LNG Terminal,Oman,OMN,48240,Qalhat Lng Terminal,Oman,LOC_WPI_48240,AUTO_MATCHED_EXACT,1.000000,AUTO_MATCHED,,
port1069,Qingdao Port,China,CHN,,,,,NO_SIMILAR_NAME,,UNMAPPED,212,"No unique, country-compatible WPI candidate was found."
port107,Bandar Abbas,Iran,IRN,48520,Bandar Abbas,Iran,LOC_WPI_48520,AUTO_MATCHED_EXACT,1.000000,AUTO_MATCHED,,
port1070,Dongjiakou,China,CHN,,,,,NO_SIMILAR_NAME,,UNMAPPED,213,"No unique, country-compatible WPI candidate was found."
port1071,Qinzhou,China,CHN,57820,Qinzhou,China,LOC_WPI_57820,AUTO_MATCHED_EXACT,1.000000,AUTO_MATCHED,,
port1072,Qinhuangdao,China,CHN,60200,Qinhuangdao,China,LOC_WPI_60200,AUTO_MATCHED_EXACT,1.000000,AUTO_MATCHED,,
port1073,Qiwei,China,CHN,,,,,NO_SIMILAR_NAME,,UNMAPPED,214,"No unique, country-compatible WPI candidate was found."
port1074,Quanzhou,China,CHN,57874,Quanzhou,China,LOC_WPI_57874,AUTO_MATCHED_EXACT,1.000000,AUTO_MATCHED,,
port1075,Quebec,Canada,CAN,2180,Quebec,Canada,LOC_WPI_2180,AUTO_MATCHED_EXACT,1.000000,AUTO_MATCHED,,
port1077,Quequén,Argentina,ARG,13790,Quequen,Argentina,LOC_WPI_13790,AUTO_MATCHED_EXACT,1.000000,AUTO_MATCHED,,
port1078,Quy Nhon,Vietnam,VNM,57640,Qui Nhon,Vietnam,LOC_WPI_57640,AUTO_MATCHED_FUZZY,0.875000,AUTO_MATCHED,,
port1079,Raahe,Finland,FIN,27530,Raahe,Finland,LOC_WPI_27530,AUTO_MATCHED_EXACT,1.000000,AUTO_MATCHED,,
port108,Bandar Khomeini,Iran,IRN,48460,Bandar Khomeyni,Iran,LOC_WPI_48460,AUTO_MATCHED_FUZZY,0.933333,AUTO_MATCHED,,
port1080,Rabaul,Papua New Guinea,PNG,56810,Rabaul,Papua New Guinea,LOC_WPI_56810,AUTO_MATCHED_EXACT,1.000000,AUTO_MATCHED,,
port1081,Rabigh,Saudi Arabia,SAU,48130,Rabigh,Saudi Arabia,LOC_WPI_48130,AUTO_MATCHED_EXACT,1.000000,AUTO_MATCHED,,
port1082,Rada De Arica,Chile,CHL,14800,Rada De Arica,Chile,LOC_WPI_14800,AUTO_MATCHED_EXACT,1.000000,AUTO_MATCHED,,
port1083,Vado Ligure,Italy,ITA,,,,,NO_SIMILAR_NAME,,UNMAPPED,215,"No unique, country-compatible WPI candidate was found."
port1084,Brest,France,FRA,,,,,NO_SIMILAR_NAME,,UNMAPPED,216,"No unique, country-compatible WPI candidate was found."
port1085,Randers,Denmark,DNK,30330,Randers,Denmark,LOC_WPI_30330,AUTO_MATCHED_EXACT,1.000000,AUTO_MATCHED,,
port1086,Yangon,Myanmar,MMR,,,,,NO_MEANINGFUL_NAME_TOKEN,,UNMAPPED,217,"No unique, country-compatible WPI candidate was found."
port1088,Ras Al Mishab,Saudi Arabia,SAU,48348,Ras Al Mishab,Saudi Arabia,LOC_WPI_48348,AUTO_MATCHED_EXACT,1.000000,AUTO_MATCHED,,
port1089,Ras Al Khafji,Saudi Arabia,SAU,48349,Ras Al Khafji,Saudi Arabia,LOC_WPI_48349,AUTO_MATCHED_EXACT,1.000000,AUTO_MATCHED,,
port109,Bandirma,Türkiye,TUR,44650,Bandirma,Turkey,LOC_WPI_44650,AUTO_MATCHED_COUNTRY_ALIAS,1.000000,AUTO_MATCHED,,Country labels were matched through an approved alias group.
port1090,Ras Laffan,Qatar,QAT,48297,Ras Laffan,Qatar,LOC_WPI_48297,AUTO_MATCHED_EXACT,1.000000,AUTO_MATCHED,,
port1091,Ras Tanura,Saudi Arabia,SAU,48340,Ras  Tannurah,Saudi Arabia,LOC_WPI_48340,AUTO_MATCHED_FUZZY,0.909091,AUTO_MATCHED,,
port1092,Rauma,Finland,FIN,27780,Rauma,Finland,LOC_WPI_27780,AUTO_MATCHED_EXACT,1.000000,AUTO_MATCHED,,
port1093,Rayong,Thailand,THA,,,,,NO_SIMILAR_NAME,,UNMAPPED,218,"No unique, country-compatible WPI candidate was found."
port1094,Recife,Brazil,BRA,12730,Recife,Brazil,LOC_WPI_12730,AUTO_MATCHED_EXACT,1.000000,AUTO_MATCHED,,
port1095,Ust-Luga,Russian Federation,RUS,28410,Ust Luga,Russia,LOC_WPI_28410,AUTO_MATCHED_COUNTRY_ALIAS,1.000000,AUTO_MATCHED,,Country labels were matched through an approved alias group.
port1096,Rethymnon,Greece,GRC,,,,,NO_MEANINGFUL_NAME_TOKEN,,UNMAPPED,219,"No unique, country-compatible WPI candidate was found."
port1098,Reykjavík,Iceland,ISL,100,Reykjavik,Iceland,LOC_WPI_100,AUTO_MATCHED_EXACT,1.000000,AUTO_MATCHED,,
port1099,Richards Bay,South Africa,ZAF,46855,Richards Bay,South Africa,LOC_WPI_46855,AUTO_MATCHED_EXACT,1.000000,AUTO_MATCHED,,
port11,Åhus,Sweden,SWE,24300,Ahus,Sweden,LOC_WPI_24300,AUTO_MATCHED_EXACT,1.000000,AUTO_MATCHED,,
port110,Benghazi,Libya,LBY,,,,,NO_MEANINGFUL_NAME_TOKEN,,UNMAPPED,220,"No unique, country-compatible WPI candidate was found."
port1100,Riga,Latvia,LVA,28610,Riga,Latvia,LOC_WPI_28610,AUTO_MATCHED_EXACT,1.000000,AUTO_MATCHED,,
port1101,Rijeka,Croatia,HRV,41010,Rijeka Luka,Croatia,LOC_WPI_41010,REVIEW_SIMILAR_NAME,0.705882,REVIEW_REQUIRED,221,Candidate is similar but below the automatic confidence threshold.
port1102,Rio Bueno,Jamaica,JAM,10630,Rio Bueno,Jamaica,LOC_WPI_10630,AUTO_MATCHED_EXACT,1.000000,AUTO_MATCHED,,
port1103,Rio De Janeiro,Brazil,BRA,12920,Rio De Janeiro,Brazil,LOC_WPI_12920,AUTO_MATCHED_EXACT,1.000000,AUTO_MATCHED,,
port1104,Rio Grande,Brazil,BRA,13060,Rio Grande,Brazil,LOC_WPI_13060,AUTO_MATCHED_EXACT,1.000000,AUTO_MATCHED,,
port1105,Rizhao,China,CHN,60133,Rizhao,China,LOC_WPI_60133,AUTO_MATCHED_EXACT,1.000000,AUTO_MATCHED,,
port1106,Road Harbor,British Virgin Islands,VGB,11350,Road Harbor,British Virgin Islands,LOC_WPI_11350,AUTO_MATCHED_EXACT,1.000000,AUTO_MATCHED,,
port1107,Rørvik,Norway,NOR,,,,,NO_MEANINGFUL_NAME_TOKEN,,UNMAPPED,222,"No unique, country-compatible WPI candidate was found."
port1108,Rosario,Argentina,ARG,13630,Rosario,Argentina,LOC_WPI_13630,AUTO_MATCHED_EXACT,1.000000,AUTO_MATCHED,,
port1109,Rosarito,Mexico,MEX,15995,Rosarito,Mexico,LOC_WPI_15995,AUTO_MATCHED_EXACT,1.000000,AUTO_MATCHED,,
port111,Bangkok,Thailand,THA,57450,Bangkok,Thailand,LOC_WPI_57450,AUTO_MATCHED_EXACT,1.000000,AUTO_MATCHED,,
port1110,Roseau,Dominica,DMA,11520,Roseau,Dominica,LOC_WPI_11520,AUTO_MATCHED_EXACT,1.000000,AUTO_MATCHED,,
port1111,Rostock,Germany,DEU,28860,Rostock,Germany,LOC_WPI_28860,AUTO_MATCHED_EXACT,1.000000,AUTO_MATCHED,,
port1112,Rostov-Na-Donu,Russian Federation,RUS,44070,Rostov-Na-Donu,Russia,LOC_WPI_44070,AUTO_MATCHED_COUNTRY_ALIAS,1.000000,AUTO_MATCHED,,Country labels were matched through an approved alias group.
port1113,Rota,Northern Mariana Islands,MNP,56540,Rota,Northern Mariana Islands,LOC_WPI_56540,AUTO_MATCHED_EXACT,1.000000,AUTO_MATCHED,,
port1114,Rotterdam,The Netherlands,NLD,31140,Rotterdam,Netherlands,LOC_WPI_31140,AUTO_MATCHED_COUNTRY_ALIAS,1.000000,AUTO_MATCHED,,Country labels were matched through an approved alias group.
port1115,Detroit,United States,USA,3620,Detroit,United States,LOC_WPI_3620,AUTO_MATCHED_EXACT,1.000000,AUTO_MATCHED,,
port1116,Rumoi,Japan,JPN,61250,Rumoi Ko,Japan,LOC_WPI_61250,REVIEW_SIMILAR_NAME,0.769231,REVIEW_REQUIRED,223,Candidate is similar but below the automatic confidence threshold.
port1117,Al Ruwais,Qatar,QAT,,,,,NO_SIMILAR_NAME,,UNMAPPED,224,"No unique, country-compatible WPI candidate was found."
port1118,Safi,Morocco,MAR,45797,Safi,Morocco,LOC_WPI_45797,AUTO_MATCHED_EXACT,1.000000,AUTO_MATCHED,,
port1119,Saganoseki,Japan,JPN,62165,Saganoseki Ko,Japan,LOC_WPI_62165,AUTO_MATCHED_FUZZY,0.869565,AUTO_MATCHED,,
port112,Banjarmasin,Indonesia,IDN,51890,Banjarmasin,Indonesia,LOC_WPI_51890,AUTO_MATCHED_EXACT,1.000000,AUTO_MATCHED,,
port1120,Sagunto,Spain,ESP,38490,Sagunto,Spain,LOC_WPI_38490,AUTO_MATCHED_EXACT,1.000000,AUTO_MATCHED,,
port1123,Saint-Laurent-du-Maroni,French Guiana,GUF,,,,,NO_SIMILAR_NAME,,UNMAPPED,225,"No unique, country-compatible WPI candidate was found."
port1124,Saint-Malo,France,FRA,36130,Saint-Malo,France,LOC_WPI_36130,AUTO_MATCHED_EXACT,1.000000,AUTO_MATCHED,,
port1125,Saint-Marc,Haiti,HTI,,,,,NO_SIMILAR_NAME,,UNMAPPED,226,"No unique, country-compatible WPI candidate was found."
port1126,Saipan,Northern Mariana Islands,MNP,56520,Saipan,Northern Mariana Islands,LOC_WPI_56520,AUTO_MATCHED_EXACT,1.000000,AUTO_MATCHED,,
port1127,Sakai,Japan,JPN,,,,,NO_MEANINGFUL_NAME_TOKEN,,UNMAPPED,227,"No unique, country-compatible WPI candidate was found."
port1128,Sakai-Semboku,Japan,JPN,61547,Sakai-Senboku,Japan,LOC_WPI_61547,AUTO_MATCHED_FUZZY,0.923077,AUTO_MATCHED,,
port1129,Sakaide,Japan,JPN,62110,Sakaide Ko,Japan,LOC_WPI_62110,REVIEW_SIMILAR_NAME,0.823529,REVIEW_REQUIRED,228,Candidate is similar but below the automatic confidence threshold.
port113,Banjul,The Gambia,GMB,45825,Banjul,The Gambia,LOC_WPI_45825,AUTO_MATCHED_EXACT,1.000000,AUTO_MATCHED,,
port1130,Sakata,Japan,JPN,,,,,NO_MEANINGFUL_NAME_TOKEN,,UNMAPPED,229,"No unique, country-compatible WPI candidate was found."
port1131,Sal Rei,Cabo Verde,CPV,,,,,NO_SIMILAR_NAME,,UNMAPPED,230,"No unique, country-compatible WPI candidate was found."
port1132,Salaverry,Peru,PER,15050,Salaverry,Peru,LOC_WPI_15050,AUTO_MATCHED_EXACT,1.000000,AUTO_MATCHED,,
port1133,Saldanha Bay,South Africa,ZAF,46750,Saldanha Bay,South Africa,LOC_WPI_46750,AUTO_MATCHED_EXACT,1.000000,AUTO_MATCHED,,
port1135,Salerno,Italy,ITA,40040,Salerno,Italy,LOC_WPI_40040,AUTO_MATCHED_EXACT,1.000000,AUTO_MATCHED,,
port1136,Salina Cruz,Mexico,MEX,15730,Salina Cruz,Mexico,LOC_WPI_15730,AUTO_MATCHED_EXACT,1.000000,AUTO_MATCHED,,
port1137,Samarinda,Indonesia,IDN,51820,Samarinda,Indonesia,LOC_WPI_51820,AUTO_MATCHED_EXACT,1.000000,AUTO_MATCHED,,
port1138,Sampit,Indonesia,IDN,51910,Sampit,Indonesia,LOC_WPI_51910,AUTO_MATCHED_EXACT,1.000000,AUTO_MATCHED,,
port1139,Samsun,Türkiye,TUR,44450,Samsun,Turkey,LOC_WPI_44450,AUTO_MATCHED_COUNTRY_ALIAS,1.000000,AUTO_MATCHED,,Country labels were matched through an approved alias group.
port114,Banten,Indonesia,IDN,50925,Banten,Indonesia,LOC_WPI_50925,AUTO_MATCHED_EXACT,1.000000,AUTO_MATCHED,,
port1140,San Diego,United States,USA,16010,San Diego,United States,LOC_WPI_16010,AUTO_MATCHED_EXACT,1.000000,AUTO_MATCHED,,
port1141,San Francisco,United States,USA,16300,San Francisco,United States,LOC_WPI_16300,AUTO_MATCHED_EXACT,1.000000,AUTO_MATCHED,,
port1142,San Giorgio,Italy,ITA,,,,,NO_SIMILAR_NAME,,UNMAPPED,231,"No unique, country-compatible WPI candidate was found."
port1143,San Juan,Puerto Rico,PRI,11110,San Juan,Puerto Rico,LOC_WPI_11110,AUTO_MATCHED_EXACT,1.000000,AUTO_MATCHED,,
port1144,San Miguel De Cozumel,Mexico,MEX,9550,San Miguel De Cozumel,Mexico,LOC_WPI_9550,AUTO_MATCHED_EXACT,1.000000,AUTO_MATCHED,,
port1145,San Nicolas,Argentina,ARG,13650,San Nicolas,Argentina,LOC_WPI_13650,AUTO_MATCHED_EXACT,1.000000,AUTO_MATCHED,,
port1146,San Pedro,Côte d'Ivoire,CIV,45963,San Pedro,Cote D'Ivoire,LOC_WPI_45963,AUTO_MATCHED_EXACT,1.000000,AUTO_MATCHED,,
port1147,San Pedro De Macoris,Dominican Republic,DOM,11030,San Pedro De Macoris,Dominican Republic,LOC_WPI_11030,AUTO_MATCHED_EXACT,1.000000,AUTO_MATCHED,,
port1148,Sandnessjøen,Norway,NOR,,,,,NO_MEANINGFUL_NAME_TOKEN,,UNMAPPED,232,"No unique, country-compatible WPI candidate was found."
port1149,Sandusky,United States,USA,3530,Sandusky,United States,LOC_WPI_3530,AUTO_MATCHED_EXACT,1.000000,AUTO_MATCHED,,
port115,Bizerte,Tunisia,TUN,,,,,NO_SIMILAR_NAME,,UNMAPPED,233,"No unique, country-compatible WPI candidate was found."
port1150,Saint Petersburg,Russian Federation,RUS,,,,,NO_MEANINGFUL_NAME_TOKEN,,UNMAPPED,234,"No unique, country-compatible WPI candidate was found."
port1151,Sanshandaocun,China,CHN,,,,,NO_SIMILAR_NAME,,UNMAPPED,235,"No unique, country-compatible WPI candidate was found."
port1152,Santa Cruz De La Palma,Spain,ESP,38150,Santa Cruz De La Palma,Spain,LOC_WPI_38150,AUTO_MATCHED_EXACT,1.000000,AUTO_MATCHED,,
port1153,Santa Cruz De Tenerife,Spain,ESP,38160,Santa Cruz De Tenerife,Spain,LOC_WPI_38160,AUTO_MATCHED_EXACT,1.000000,AUTO_MATCHED,,
port1154,Santa Marta,Colombia,COL,11940,Santa Marta,Colombia,LOC_WPI_11940,AUTO_MATCHED_EXACT,1.000000,AUTO_MATCHED,,
port1155,Santander,Spain,ESP,37470,Santander,Spain,LOC_WPI_37470,AUTO_MATCHED_EXACT,1.000000,AUTO_MATCHED,,
port1156,Santiago De Cuba,Cuba,CUB,10370,Santiago De Cuba,Cuba,LOC_WPI_10370,AUTO_MATCHED_EXACT,1.000000,AUTO_MATCHED,,
port1158,Santo Domingo,Dominican Republic,DOM,11040,Santo Domingo,Dominican Republic,LOC_WPI_11040,AUTO_MATCHED_EXACT,1.000000,AUTO_MATCHED,,
port1159,Puerto Barrios,Guatemala,GTM,9620,Puerto Barrios,Guatemala,LOC_WPI_9620,AUTO_MATCHED_EXACT,1.000000,AUTO_MATCHED,,
port116,Bar,Montenegro,MNE,41640,Bar,Montenegro,LOC_WPI_41640,AUTO_MATCHED_EXACT,1.000000,AUTO_MATCHED,,
port1160,Santos,Brazil,BRA,12970,Santos,Brazil,LOC_WPI_12970,AUTO_MATCHED_EXACT,1.000000,AUTO_MATCHED,,
port1161,Sao Francisco,Brazil,BRA,13000,Sao Francisco,Brazil,LOC_WPI_13000,AUTO_MATCHED_EXACT,1.000000,AUTO_MATCHED,,
port1162,São Sebastião,Brazil,BRA,12960,Sao Sebastiao,Brazil,LOC_WPI_12960,AUTO_MATCHED_EXACT,1.000000,AUTO_MATCHED,,
port1163,Sao Tome,São Tomé and Príncipe,STP,46380,Sao Tome,Sao Tome and Principe,LOC_WPI_46380,AUTO_MATCHED_EXACT,1.000000,AUTO_MATCHED,,
port1164,Port of Sabah,Malaysia,MYS,,,,,NO_SIMILAR_NAME,,UNMAPPED,236,"No unique, country-compatible WPI candidate was found."
port1165,Sapele,Nigeria,NGA,46150,Sapele,Nigeria,LOC_WPI_46150,AUTO_MATCHED_EXACT,1.000000,AUTO_MATCHED,,
port1166,Sarnia,Canada,CAN,3700,Sarnia,Canada,LOC_WPI_3700,AUTO_MATCHED_EXACT,1.000000,AUTO_MATCHED,,
port1167,Sarroch Oil Terminal,Italy,ITA,39215,Sarroch Oil Terminal,Italy,LOC_WPI_39215,AUTO_MATCHED_EXACT,1.000000,AUTO_MATCHED,,
port1168,Sassnitz,Germany,DEU,28840,Sassnitz,Germany,LOC_WPI_28840,AUTO_MATCHED_EXACT,1.000000,AUTO_MATCHED,,
port1169,Sauda,Norway,NOR,23460,Sauda,Norway,LOC_WPI_23460,AUTO_MATCHED_EXACT,1.000000,AUTO_MATCHED,,
port117,Barbor's Point,United States,USA,56272,Barber's Point,United States,LOC_WPI_56272,AUTO_MATCHED_FUZZY,0.928571,AUTO_MATCHED,,
port1170,Savannah,United States,USA,8530,Savannah,United States,LOC_WPI_8530,AUTO_MATCHED_EXACT,1.000000,AUTO_MATCHED,,
port1171,Savona,Italy,ITA,39440,Savona,Italy,LOC_WPI_39440,AUTO_MATCHED_EXACT,1.000000,AUTO_MATCHED,,
port1172,Suakin,Sudan,SDN,,,,,NO_SIMILAR_NAME,,UNMAPPED,237,"No unique, country-compatible WPI candidate was found."
port1173,Sayda,Lebanon,LBN,45040,Sayda,Lebanon,LOC_WPI_45040,AUTO_MATCHED_EXACT,1.000000,AUTO_MATCHED,,
port1174,Searsport,United States,USA,6910,Searsport,United States,LOC_WPI_6910,AUTO_MATCHED_EXACT,1.000000,AUTO_MATCHED,,
port1175,Seattle,United States,USA,17730,Seattle,United States,LOC_WPI_17730,AUTO_MATCHED_EXACT,1.000000,AUTO_MATCHED,,
port1176,Seghe,Solomon Islands,SLB,,,,,NO_SIMILAR_NAME,,UNMAPPED,238,"No unique, country-compatible WPI candidate was found."
port1177,Sekondi,Ghana,GHA,46045,Sekondi,Ghana,LOC_WPI_46045,AUTO_MATCHED_EXACT,1.000000,AUTO_MATCHED,,
port1178,Sekupang,Indonesia,IDN,50055,Sekupang,Indonesia,LOC_WPI_50055,AUTO_MATCHED_EXACT,1.000000,AUTO_MATCHED,,
port1179,Semarang,Indonesia,IDN,51040,Semarang,Indonesia,LOC_WPI_51040,AUTO_MATCHED_EXACT,1.000000,AUTO_MATCHED,,
port118,Barcelona,Spain,ESP,38550,Barcelona,Spain,LOC_WPI_38550,AUTO_MATCHED_EXACT,1.000000,AUTO_MATCHED,,
port1180,Sendai-Shiogama,Japan,JPN,61350,Sendai-Shiogama,Japan,LOC_WPI_61350,AUTO_MATCHED_EXACT,1.000000,AUTO_MATCHED,,
port1181,Sept Iles,Canada,CAN,1955,Sept Iles,Canada,LOC_WPI_1955,AUTO_MATCHED_EXACT,1.000000,AUTO_MATCHED,,
port1182,Serangoon Harbor,Singapore,SGP,49995,Serangoon Harbor,Singapore,LOC_WPI_49995,AUTO_MATCHED_EXACT,1.000000,AUTO_MATCHED,,
port1183,Sete,France,FRA,38750,Sete,France,LOC_WPI_38750,AUTO_MATCHED_EXACT,1.000000,AUTO_MATCHED,,
port1184,Setubal,Portugal,PRT,38000,Setubal,Portugal,LOC_WPI_38000,AUTO_MATCHED_EXACT,1.000000,AUTO_MATCHED,,
port1185,Seville,Spain,ESP,,,,,NO_MEANINGFUL_NAME_TOKEN,,UNMAPPED,239,"No unique, country-compatible WPI candidate was found."
port1186,Shala Pristan,Russian Federation,RUS,,,,,NO_SIMILAR_NAME,,UNMAPPED,240,"No unique, country-compatible WPI candidate was found."
port1187,Shantou,China,CHN,,,,,NO_MEANINGFUL_NAME_TOKEN,,UNMAPPED,241,"No unique, country-compatible WPI candidate was found."
port1188,Shanghai,China,CHN,59970,Shanghai,China,LOC_WPI_59970,AUTO_MATCHED_EXACT,1.000000,AUTO_MATCHED,,
port1189,Shekou (Shenzhen),China,CHN,,,,,NO_SIMILAR_NAME,,UNMAPPED,242,"No unique, country-compatible WPI candidate was found."
port119,Bari,Italy,ITA,40530,Bari,Italy,LOC_WPI_40530,AUTO_MATCHED_EXACT,1.000000,AUTO_MATCHED,,
port1190,Shibushi,Japan,JPN,62224,Shibushi Wan,Japan,LOC_WPI_62224,REVIEW_SIMILAR_NAME,0.800000,REVIEW_REQUIRED,243,Candidate is similar but below the automatic confidence threshold.
port1191,Shidao Newport,China,CHN,,,,,NO_SIMILAR_NAME,,UNMAPPED,244,"No unique, country-compatible WPI candidate was found."
port1192,Shijing Longxiang,China,CHN,,,,,NO_SIMILAR_NAME,,UNMAPPED,245,"No unique, country-compatible WPI candidate was found."
port1193,Shimizu,Japan,JPN,61460,Shimizu Ko,Japan,LOC_WPI_61460,REVIEW_SIMILAR_NAME,0.823529,REVIEW_REQUIRED,246,Candidate is similar but below the automatic confidence threshold.
port1194,Shoreham Harbour,United Kingdom,GBR,35630,Shoreham Harbour,United Kingdom,LOC_WPI_35630,AUTO_MATCHED_EXACT,1.000000,AUTO_MATCHED,,
port1195,Shougang Jingtang,China,CHN,60193,Tangshan (Jingtang),China,LOC_WPI_60193,REVIEW_SIMILAR_NAME,0.705882,REVIEW_REQUIRED,247,Candidate is similar but below the automatic confidence threshold.
port1196,Shui Dong,China,CHN,57819,Shui Dong,China,LOC_WPI_57819,AUTO_MATCHED_EXACT,1.000000,AUTO_MATCHED,,
port1197,Laem Chabang,Thailand,THA,57462,Laem Chabang,Thailand,LOC_WPI_57462,AUTO_MATCHED_EXACT,1.000000,AUTO_MATCHED,,
port1198,Sibolga,Indonesia,IDN,50510,Sibolga,Indonesia,LOC_WPI_50510,AUTO_MATCHED_EXACT,1.000000,AUTO_MATCHED,,
port1199,Sikka,India,IND,48613,Sikka,India,LOC_WPI_48613,AUTO_MATCHED_EXACT,1.000000,AUTO_MATCHED,,
port12,Aiyion,Greece,GRC,,,,,NO_MEANINGFUL_NAME_TOKEN,,UNMAPPED,248,"No unique, country-compatible WPI candidate was found."
port120,Barranquilla,Colombia,COL,11930,Barranquilla,Colombia,LOC_WPI_11930,AUTO_MATCHED_EXACT,1.000000,AUTO_MATCHED,,
port1200,Sines,Portugal,PRT,38005,Sines,Portugal,LOC_WPI_38005,AUTO_MATCHED_EXACT,1.000000,AUTO_MATCHED,,
port1201,Singapore,Singapore,SGP,,,,,NO_SIMILAR_NAME,,UNMAPPED,249,"No unique, country-compatible WPI candidate was found."
port1202,Sint Nicolaas Baai,Aruba,ABW,11830,Sint Nicolaas Baai,Aruba,LOC_WPI_11830,AUTO_MATCHED_EXACT,1.000000,AUTO_MATCHED,,
port1203,Sitrah,Bahrain,BHR,48320,Sitrah,Bahrain,LOC_WPI_48320,AUTO_MATCHED_EXACT,1.000000,AUTO_MATCHED,,
port1204,Skagen,Denmark,DNK,30440,Skagen Havn,Denmark,LOC_WPI_30440,REVIEW_SIMILAR_NAME,0.705882,REVIEW_REQUIRED,250,Candidate is similar but below the automatic confidence threshold.
port1205,Skelleftehamn,Sweden,SWE,27080,Skelleftehamn,Sweden,LOC_WPI_27080,AUTO_MATCHED_EXACT,1.000000,AUTO_MATCHED,,
port1206,Skhira,Tunisia,TUN,45380,Skhira,Tunisia,LOC_WPI_45380,AUTO_MATCHED_EXACT,1.000000,AUTO_MATCHED,,
port1207,Skutskär,Sweden,SWE,25550,Skutskar,Sweden,LOC_WPI_25550,AUTO_MATCHED_EXACT,1.000000,AUTO_MATCHED,,
port1208,Slagentangen,Norway,NOR,,,,,NO_MEANINGFUL_NAME_TOKEN,,UNMAPPED,251,"No unique, country-compatible WPI candidate was found."
port1209,Södertälje,Sweden,SWE,25320,Sodertalje,Sweden,LOC_WPI_25320,AUTO_MATCHED_EXACT,1.000000,AUTO_MATCHED,,
port121,Barry,United Kingdom,GBR,34990,Barry,United Kingdom,LOC_WPI_34990,AUTO_MATCHED_EXACT,1.000000,AUTO_MATCHED,,
port1210,Sölvesborg,Sweden,SWE,24310,Solvesborg,Sweden,LOC_WPI_24310,AUTO_MATCHED_EXACT,1.000000,AUTO_MATCHED,,
port1211,Songkhla,Thailand,THA,,,,,NO_SIMILAR_NAME,,UNMAPPED,252,"No unique, country-compatible WPI candidate was found."
port1212,Souda (Chania),Greece,GRC,,,,,NO_SIMILAR_NAME,,UNMAPPED,253,"No unique, country-compatible WPI candidate was found."
port1213,Sousse,Tunisia,TUN,45410,Sousse,Tunisia,LOC_WPI_45410,AUTO_MATCHED_EXACT,1.000000,AUTO_MATCHED,,
port1214,South Louisiana,United States,USA,,,,,NO_SIMILAR_NAME,,UNMAPPED,254,"No unique, country-compatible WPI candidate was found."
port1216,Southampton,United Kingdom,GBR,35580,Southampton,United Kingdom,LOC_WPI_35580,AUTO_MATCHED_EXACT,1.000000,AUTO_MATCHED,,
port1217,Soyo Angola LNG Terminal,Angola,AGO,46545,Soyo Angola Lng Terminal,Angola,LOC_WPI_46545,AUTO_MATCHED_EXACT,1.000000,AUTO_MATCHED,,
port1218,Split,Croatia,HRV,41320,Split,Croatia,LOC_WPI_41320,AUTO_MATCHED_EXACT,1.000000,AUTO_MATCHED,,
port1219,Saint John,Canada,CAN,6550,St John,Canada,LOC_WPI_6550,REVIEW_SIMILAR_NAME,0.823529,REVIEW_REQUIRED,255,Candidate is similar but below the automatic confidence threshold.
port122,Basseterre,St.  Kitts and Nevis,KNA,11400,Basseterre,Saint Kitts and Nevis,LOC_WPI_11400,AUTO_MATCHED_COUNTRY_ALIAS,1.000000,AUTO_MATCHED,,Country labels were matched through an approved alias group.
port1220,Saint John's,Canada,CAN,1670,St John's,Canada,LOC_WPI_1670,REVIEW_SIMILAR_NAME,0.857143,REVIEW_REQUIRED,256,Candidate is similar but below the automatic confidence threshold.
port1221,Port of Saint John's,Antigua and Barbuda,ATG,,,,,NO_SIMILAR_NAME,,UNMAPPED,257,"No unique, country-compatible WPI candidate was found."
port1222,St Nazaire,France,FRA,36850,St Nazaire,France,LOC_WPI_36850,AUTO_MATCHED_EXACT,1.000000,AUTO_MATCHED,,
port1223,Saint George's,Grenada,GRD,11670,St George's,Grenada,LOC_WPI_11670,AUTO_MATCHED_FUZZY,0.880000,AUTO_MATCHED,,
port1224,Stagen,Indonesia,IDN,51870,Stagen,Indonesia,LOC_WPI_51870,AUTO_MATCHED_EXACT,1.000000,AUTO_MATCHED,,
port1225,Stavanger,Norway,NOR,23480,Stavanger,Norway,LOC_WPI_23480,AUTO_MATCHED_EXACT,1.000000,AUTO_MATCHED,,
port1226,Steinkjer,Norway,NOR,23055,Steinkjer,Norway,LOC_WPI_23055,AUTO_MATCHED_EXACT,1.000000,AUTO_MATCHED,,
port1227,Stenungsund,Sweden,SWE,24000,Stenungsund,Sweden,LOC_WPI_24000,AUTO_MATCHED_EXACT,1.000000,AUTO_MATCHED,,
port1228,Stockholm,Sweden,SWE,25380,Stockholm,Sweden,LOC_WPI_25380,AUTO_MATCHED_EXACT,1.000000,AUTO_MATCHED,,
port1229,Stockton,United States,USA,16520,Stockton,United States,LOC_WPI_16520,AUTO_MATCHED_EXACT,1.000000,AUTO_MATCHED,,
port123,Basuo,China,CHN,57768,Basuo,China,LOC_WPI_57768,AUTO_MATCHED_EXACT,1.000000,AUTO_MATCHED,,
port1230,Stora Jatterson,Sweden,SWE,24635,Stora Jatterson,Sweden,LOC_WPI_24635,AUTO_MATCHED_EXACT,1.000000,AUTO_MATCHED,,
port1231,Stura,Norway,NOR,23139,Stura,Norway,LOC_WPI_23139,AUTO_MATCHED_EXACT,1.000000,AUTO_MATCHED,,
port1232,Subic Bay,Philippines,PHL,58395,Subic Bay,Philippines,LOC_WPI_58395,AUTO_MATCHED_EXACT,1.000000,AUTO_MATCHED,,
port1233,Sundaomen Wuz,China,CHN,,,,,NO_SIMILAR_NAME,,UNMAPPED,258,"No unique, country-compatible WPI candidate was found."
port1234,Sunderland,United Kingdom,GBR,31760,Sunderland,United Kingdom,LOC_WPI_31760,AUTO_MATCHED_EXACT,1.000000,AUTO_MATCHED,,
port1235,Sundsvall,Sweden,SWE,25910,Sundsvall,Sweden,LOC_WPI_25910,AUTO_MATCHED_EXACT,1.000000,AUTO_MATCHED,,
port1236,Duluth,United States,USA,5460,Duluth,United States,LOC_WPI_5460,AUTO_MATCHED_EXACT,1.000000,AUTO_MATCHED,,
port1237,Surabaya,Indonesia,IDN,51130,Surabaya,Indonesia,LOC_WPI_51130,AUTO_MATCHED_EXACT,1.000000,AUTO_MATCHED,,
port1238,Surigao City,Philippines,PHL,59340,Surigao City,Philippines,LOC_WPI_59340,AUTO_MATCHED_EXACT,1.000000,AUTO_MATCHED,,
port1239,Susaki,Japan,JPN,61980,Susaki Ko,Japan,LOC_WPI_61980,REVIEW_SIMILAR_NAME,0.800000,REVIEW_REQUIRED,259,Candidate is similar but below the automatic confidence threshold.
port124,Bata,Equatorial Guinea,GNQ,46305,Bata,Equatorial Guinea,LOC_WPI_46305,AUTO_MATCHED_EXACT,1.000000,AUTO_MATCHED,,
port1240,Suva,Fiji,FJI,,,,,NO_SIMILAR_NAME,,UNMAPPED,260,"No unique, country-compatible WPI candidate was found."
port1241,Swanport,United States,USA,,,,,NO_MEANINGFUL_NAME_TOKEN,,UNMAPPED,261,"No unique, country-compatible WPI candidate was found."
port1242,Swinoujscie,Poland,POL,28820,Swinoujscie,Poland,LOC_WPI_28820,AUTO_MATCHED_EXACT,1.000000,AUTO_MATCHED,,
port1243,Sydney,Australia,AUS,53650,Sydney,Australia,LOC_WPI_53650,AUTO_MATCHED_EXACT,1.000000,AUTO_MATCHED,,
port1245,Sydney,United States,USA,,,,,AMBIGUOUS_NAME_COUNTRY,,REVIEW_REQUIRED,262,Port name matches multiple WPI records with different countries.
port1246,Szczecin,Poland,POL,28823,Szczecin,Poland,LOC_WPI_28823,AUTO_MATCHED_EXACT,1.000000,AUTO_MATCHED,,
port1247,Tachibana,Japan,JPN,61965,Tachibana,Japan,LOC_WPI_61965,AUTO_MATCHED_EXACT,1.000000,AUTO_MATCHED,,
port1248,Tacoma,United States,USA,17700,Tacoma,United States,LOC_WPI_17700,AUTO_MATCHED_EXACT,1.000000,AUTO_MATCHED,,
port1249,Taganrog,Russian Federation,RUS,44060,Taganrog,Russia,LOC_WPI_44060,AUTO_MATCHED_COUNTRY_ALIAS,1.000000,AUTO_MATCHED,,Country labels were matched through an approved alias group.
port125,Batangas City,Philippines,PHL,58320,Batangas City,Philippines,LOC_WPI_58320,AUTO_MATCHED_EXACT,1.000000,AUTO_MATCHED,,
port1250,Tagonoura,Japan,JPN,61415,Tagonoura Ko,Japan,LOC_WPI_61415,REVIEW_SIMILAR_NAME,0.857143,REVIEW_REQUIRED,263,Candidate is similar but below the automatic confidence threshold.
port1252,Taichung,Taiwan Province of China,TWN,,,,,NO_MEANINGFUL_NAME_TOKEN,,UNMAPPED,264,"No unique, country-compatible WPI candidate was found."
port1253,Suzhou (Taicang),China,CHN,,,,,NO_SIMILAR_NAME,,UNMAPPED,265,"No unique, country-compatible WPI candidate was found."
port1254,Takamatsu,Japan,JPN,61940,Takamatsu,Japan,LOC_WPI_61940,AUTO_MATCHED_EXACT,1.000000,AUTO_MATCHED,,
port1255,Takoradi,Ghana,GHA,46040,Takoradi,Ghana,LOC_WPI_46040,AUTO_MATCHED_EXACT,1.000000,AUTO_MATCHED,,
port1256,Takuma,Japan,JPN,62077,Takuma,Japan,LOC_WPI_62077,AUTO_MATCHED_EXACT,1.000000,AUTO_MATCHED,,
port1257,Talara,Peru,PER,15190,Talara,Peru,LOC_WPI_15190,AUTO_MATCHED_EXACT,1.000000,AUTO_MATCHED,,
port1258,Tallinn,Estonia,EST,,,,,NO_SIMILAR_NAME,,UNMAPPED,266,"No unique, country-compatible WPI candidate was found."
port1259,Tampa Port,United States,USA,,,,,NO_MEANINGFUL_NAME_TOKEN,,UNMAPPED,267,"No unique, country-compatible WPI candidate was found."
port126,Baton Rouge,United States,USA,8970,Baton Rouge,United States,LOC_WPI_8970,AUTO_MATCHED_EXACT,1.000000,AUTO_MATCHED,,
port1260,Tampico,Mexico,MEX,9360,Tampico,Mexico,LOC_WPI_9360,AUTO_MATCHED_EXACT,1.000000,AUTO_MATCHED,,
port1261,Taipei,Taiwan Province of China,TWN,,,,,NO_SIMILAR_NAME,,UNMAPPED,268,"No unique, country-compatible WPI candidate was found."
port1262,Tanah Merah,Indonesia,IDN,51865,Tanah Merah,Indonesia,LOC_WPI_51865,AUTO_MATCHED_EXACT,1.000000,AUTO_MATCHED,,
port1263,Tananger,Norway,NOR,23487,Tananger,Norway,LOC_WPI_23487,AUTO_MATCHED_EXACT,1.000000,AUTO_MATCHED,,
port1265,Tangier-Mediterranean,Morocco,MAR,45753,Tangier-Mediterranean,Morocco,LOC_WPI_45753,AUTO_MATCHED_EXACT,1.000000,AUTO_MATCHED,,
port1266,Tangshan (Jingtang),China,CHN,60193,Tangshan (Jingtang),China,LOC_WPI_60193,AUTO_MATCHED_EXACT,1.000000,AUTO_MATCHED,,
port1267,Tanjung Benete,Indonesia,IDN,51254,Tanjung Benete,Indonesia,LOC_WPI_51254,AUTO_MATCHED_EXACT,1.000000,AUTO_MATCHED,,
port1268,Tanjung Geren,Indonesia,IDN,50932,Tanjung Gerem,Indonesia,LOC_WPI_50932,AUTO_MATCHED_FUZZY,0.923077,AUTO_MATCHED,,
port1269,Tanjung Pelepas,Malaysia,MYS,51587,Tanjung Pelepas,Malaysia,LOC_WPI_51587,AUTO_MATCHED_EXACT,1.000000,AUTO_MATCHED,,
port127,Batumi,Georgia,GEO,44350,Batumi,Georgia,LOC_WPI_44350,AUTO_MATCHED_EXACT,1.000000,AUTO_MATCHED,,
port1270,Tanjung Sangata,Indonesia,IDN,51803,Tanjung Sangata,Indonesia,LOC_WPI_51803,AUTO_MATCHED_EXACT,1.000000,AUTO_MATCHED,,
port1271,Tanjung Sekong,Indonesia,IDN,50935,Tanjung Sekong,Indonesia,LOC_WPI_50935,AUTO_MATCHED_EXACT,1.000000,AUTO_MATCHED,,
port1272,Tanjung Redeb,Indonesia,IDN,,,,,NO_MEANINGFUL_NAME_TOKEN,,UNMAPPED,269,"No unique, country-compatible WPI candidate was found."
port1273,Tanjunguban,Indonesia,IDN,50030,Tanjunguban,Indonesia,LOC_WPI_50030,AUTO_MATCHED_EXACT,1.000000,AUTO_MATCHED,,
port1274,Tripoli,Lebanon,LBN,,,,,NO_SIMILAR_NAME,,UNMAPPED,270,"No unique, country-compatible WPI candidate was found."
port1275,Taranto,Italy,ITA,40470,Taranto,Italy,LOC_WPI_40470,AUTO_MATCHED_EXACT,1.000000,AUTO_MATCHED,,
port1276,Betio (Tarawa),Kiribati,KIR,,,,,NO_SIMILAR_NAME,,UNMAPPED,271,"No unique, country-compatible WPI candidate was found."
port1277,Tarragona,Spain,ESP,38540,Tarragona,Spain,LOC_WPI_38540,AUTO_MATCHED_EXACT,1.000000,AUTO_MATCHED,,
port1278,Tauranga,New Zealand,NZL,55080,Tauranga,New Zealand,LOC_WPI_55080,AUTO_MATCHED_EXACT,1.000000,AUTO_MATCHED,,
port1279,Teesport,United Kingdom,GBR,31720,Teesport,United Kingdom,LOC_WPI_31720,AUTO_MATCHED_EXACT,1.000000,AUTO_MATCHED,,
port128,Baubau,Indonesia,IDN,52260,Baubau,Indonesia,LOC_WPI_52260,AUTO_MATCHED_EXACT,1.000000,AUTO_MATCHED,,
port1280,Tekirdag,Türkiye,TUR,43390,Tekirdag,Turkey,LOC_WPI_43390,AUTO_MATCHED_COUNTRY_ALIAS,1.000000,AUTO_MATCHED,,Country labels were matched through an approved alias group.
port1281,Teluk Bayur,Indonesia,IDN,50450,Teluk Bayur,Indonesia,LOC_WPI_50450,AUTO_MATCHED_EXACT,1.000000,AUTO_MATCHED,,
port1282,Tema,Ghana,GHA,46070,Tema,Ghana,LOC_WPI_46070,AUTO_MATCHED_EXACT,1.000000,AUTO_MATCHED,,
port1283,Temryuk,Russian Federation,RUS,44140,Temryuk,Russia,LOC_WPI_44140,AUTO_MATCHED_COUNTRY_ALIAS,1.000000,AUTO_MATCHED,,Country labels were matched through an approved alias group.
port1284,Terneuzen,The Netherlands,NLD,31220,Terneuzen,Netherlands,LOC_WPI_31220,AUTO_MATCHED_COUNTRY_ALIAS,1.000000,AUTO_MATCHED,,Country labels were matched through an approved alias group.
port1285,Texas City,United States,USA,9160,Texas City,United States,LOC_WPI_9160,AUTO_MATCHED_EXACT,1.000000,AUTO_MATCHED,,
port1286,Tg Mani,Malaysia,MYS,51584,Tg. Mani,Malaysia,LOC_WPI_51584,AUTO_MATCHED_EXACT,1.000000,AUTO_MATCHED,,
port1287,Tg. Sorong,Indonesia,IDN,53020,Tg. Sorong,Indonesia,LOC_WPI_53020,AUTO_MATCHED_EXACT,1.000000,AUTO_MATCHED,,
port1288,Thathong,Thailand,THA,,,,,NO_SIMILAR_NAME,,UNMAPPED,272,"No unique, country-compatible WPI candidate was found."
port1289,Thamesport,United Kingdom,GBR,31376,Thamesport,United Kingdom,LOC_WPI_31376,AUTO_MATCHED_EXACT,1.000000,AUTO_MATCHED,,
port129,Bautino,Kazakhstan,KAZ,,,,,NO_SIMILAR_NAME,,UNMAPPED,273,"No unique, country-compatible WPI candidate was found."
port1290,Thamshamm,Norway,NOR,23095,Thamshamm,Norway,LOC_WPI_23095,AUTO_MATCHED_EXACT,1.000000,AUTO_MATCHED,,
port1291,Saigon,Vietnam,VNM,,,,,NO_SIMILAR_NAME,,UNMAPPED,274,"No unique, country-compatible WPI candidate was found."
port1293,Thessaloníki,Greece,GRC,42530,Thessaloniki,Greece,LOC_WPI_42530,AUTO_MATCHED_EXACT,1.000000,AUTO_MATCHED,,
port1294,Thevenard,Australia,AUS,54410,Thevenard,Australia,LOC_WPI_54410,AUTO_MATCHED_EXACT,1.000000,AUTO_MATCHED,,
port1295,Thunder Bay,Canada,CAN,5210,Thunder Bay,Canada,LOC_WPI_5210,AUTO_MATCHED_EXACT,1.000000,AUTO_MATCHED,,
port1296,Thyboron,Denmark,DNK,30460,Thyboron,Denmark,LOC_WPI_30460,AUTO_MATCHED_EXACT,1.000000,AUTO_MATCHED,,
port1297,Tianjin Xin Gang,China,CHN,60190,Tianjin Xin Gang,China,LOC_WPI_60190,AUTO_MATCHED_EXACT,1.000000,AUTO_MATCHED,,
port1298,Tilbury,United Kingdom,GBR,31430,Tilbury,United Kingdom,LOC_WPI_31430,AUTO_MATCHED_EXACT,1.000000,AUTO_MATCHED,,
port1299,Timaru,New Zealand,NZL,55350,Timaru,New Zealand,LOC_WPI_55350,AUTO_MATCHED_EXACT,1.000000,AUTO_MATCHED,,
port13,Ajman,United Arab Emirates,ARE,48270,Ajman,United Arab Emirates,LOC_WPI_48270,AUTO_MATCHED_EXACT,1.000000,AUTO_MATCHED,,
port130,Bay City,United States,USA,,,,,AMBIGUOUS_NAME_COUNTRY,,REVIEW_REQUIRED,275,Multiple WPI ports share this normalized name and country.
port1300,Tinian,Northern Mariana Islands,MNP,56530,Tinian,Northern Mariana Islands,LOC_WPI_56530,AUTO_MATCHED_EXACT,1.000000,AUTO_MATCHED,,
port1301,Toamasina,Madagascar,MDG,47540,Toamasina,Madagascar,LOC_WPI_47540,AUTO_MATCHED_EXACT,1.000000,AUTO_MATCHED,,
port1302,Tocopilla,Chile,CHL,14720,Tocopilla,Chile,LOC_WPI_14720,AUTO_MATCHED_EXACT,1.000000,AUTO_MATCHED,,
port1303,Tokachi,Japan,JPN,61175,Tokachi,Japan,LOC_WPI_61175,AUTO_MATCHED_EXACT,1.000000,AUTO_MATCHED,,
port1304,Tokuyama,Japan,JPN,61680,Tokuyama,Japan,LOC_WPI_61680,AUTO_MATCHED_EXACT,1.000000,AUTO_MATCHED,,
port1305,Tokyo,Japan,JPN,61380,Tokyo Ko,Japan,LOC_WPI_61380,REVIEW_SIMILAR_NAME,0.769231,REVIEW_REQUIRED,276,Candidate is similar but below the automatic confidence threshold.
port1306,Toledo,United States,USA,,,,,AMBIGUOUS_NAME_COUNTRY,,REVIEW_REQUIRED,277,Multiple WPI ports share this normalized name and country.
port1307,Tulear (Toliara),Madagascar,MDG,,,,,NO_SIMILAR_NAME,,UNMAPPED,278,"No unique, country-compatible WPI candidate was found."
port1308,Tomakomai,Japan,JPN,61165,Tomakomai Ko,Japan,LOC_WPI_61165,REVIEW_SIMILAR_NAME,0.857143,REVIEW_REQUIRED,279,Candidate is similar but below the automatic confidence threshold.
port1309,Donghae,Korea,KOR,,,,,NO_MEANINGFUL_NAME_TOKEN,,UNMAPPED,280,"No unique, country-compatible WPI candidate was found."
port131,Bayonne,France,FRA,37230,Bayonne,France,LOC_WPI_37230,AUTO_MATCHED_EXACT,1.000000,AUTO_MATCHED,,
port1310,Topolobampo,Mexico,MEX,15830,Topolobampo,Mexico,LOC_WPI_15830,AUTO_MATCHED_EXACT,1.000000,AUTO_MATCHED,,
port1311,Torneå,Finland,FIN,,,,,NO_SIMILAR_NAME,,UNMAPPED,281,"No unique, country-compatible WPI candidate was found."
port1312,Toronto,Canada,CAN,3000,Toronto,Canada,LOC_WPI_3000,AUTO_MATCHED_EXACT,1.000000,AUTO_MATCHED,,
port1313,Toros Gubre,Türkiye,TUR,44801,Toros Gubre,Turkey,LOC_WPI_44801,AUTO_MATCHED_COUNTRY_ALIAS,1.000000,AUTO_MATCHED,,Country labels were matched through an approved alias group.
port1314,Torrevieja,Spain,ESP,38435,Torrevieja,Spain,LOC_WPI_38435,AUTO_MATCHED_EXACT,1.000000,AUTO_MATCHED,,
port1315,Townsville,Australia,AUS,53380,Townsville,Australia,LOC_WPI_53380,AUTO_MATCHED_EXACT,1.000000,AUTO_MATCHED,,
port1316,Trabzon,Türkiye,TUR,44390,Trabzon,Turkey,LOC_WPI_44390,AUTO_MATCHED_COUNTRY_ALIAS,1.000000,AUTO_MATCHED,,Country labels were matched through an approved alias group.
port1317,Trelleborg,Sweden,SWE,24250,Trelleborg,Sweden,LOC_WPI_24250,AUTO_MATCHED_EXACT,1.000000,AUTO_MATCHED,,
port1318,Trieste,Italy,ITA,40820,Trieste,Italy,LOC_WPI_40820,AUTO_MATCHED_EXACT,1.000000,AUTO_MATCHED,,
port1319,Trincomalee,Sri Lanka,LKA,49290,Trincomalee Harbor,Sri Lanka,LOC_WPI_49290,REVIEW_SIMILAR_NAME,0.758621,REVIEW_REQUIRED,282,Candidate is similar but below the automatic confidence threshold.
port132,Beirut,Lebanon,LBN,,,,,NO_SIMILAR_NAME,,UNMAPPED,283,"No unique, country-compatible WPI candidate was found."
port1320,Trois Rivieres,Canada,CAN,2210,Trois Rivieres,Canada,LOC_WPI_2210,AUTO_MATCHED_EXACT,1.000000,AUTO_MATCHED,,
port1321,Tromsø,Norway,NOR,,,,,NO_MEANINGFUL_NAME_TOKEN,,UNMAPPED,284,"No unique, country-compatible WPI candidate was found."
port1322,Trondheim,Norway,NOR,23090,Trondheim,Norway,LOC_WPI_23090,AUTO_MATCHED_EXACT,1.000000,AUTO_MATCHED,,
port1323,Tsingéli,Greece,GRC,42460,Tsingeli,Greece,LOC_WPI_42460,AUTO_MATCHED_EXACT,1.000000,AUTO_MATCHED,,
port1324,Tsukumi,Japan,JPN,62170,Tsukumi Ko,Japan,LOC_WPI_62170,REVIEW_SIMILAR_NAME,0.823529,REVIEW_REQUIRED,285,Candidate is similar but below the automatic confidence threshold.
port1325,Tsuruga,Japan,JPN,61810,Tsuruga Ko,Japan,LOC_WPI_61810,REVIEW_SIMILAR_NAME,0.823529,REVIEW_REQUIRED,286,Candidate is similar but below the automatic confidence threshold.
port1326,Tuapse,Russian Federation,RUS,44230,Tuapse,Russia,LOC_WPI_44230,AUTO_MATCHED_COUNTRY_ALIAS,1.000000,AUTO_MATCHED,,Country labels were matched through an approved alias group.
port1327,Tuban,Indonesia,IDN,51100,Tuban,Indonesia,LOC_WPI_51100,AUTO_MATCHED_EXACT,1.000000,AUTO_MATCHED,,
port1328,Tubarao,Brazil,BRA,12855,Tubarao,Brazil,LOC_WPI_12855,AUTO_MATCHED_EXACT,1.000000,AUTO_MATCHED,,
port1329,Tunis,Tunisia,TUN,45430,Tunis,Tunisia,LOC_WPI_45430,AUTO_MATCHED_EXACT,1.000000,AUTO_MATCHED,,
port133,Bayuquan,China,CHN,60230,Bayuquan,China,LOC_WPI_60230,AUTO_MATCHED_EXACT,1.000000,AUTO_MATCHED,,
port1330,Turkmenbashi Port,Turkmenistan,TKM,,,,,NO_SIMILAR_NAME,,UNMAPPED,287,"No unique, country-compatible WPI candidate was found."
port1331,Tuticorin,India,IND,49320,Tuticorin,India,LOC_WPI_49320,AUTO_MATCHED_EXACT,1.000000,AUTO_MATCHED,,
port1332,Tuxpan,Mexico,MEX,9370,Tuxpan,Mexico,LOC_WPI_9370,AUTO_MATCHED_EXACT,1.000000,AUTO_MATCHED,,
port1333,Two Harbors,United States,USA,5470,Two Harbors,United States,LOC_WPI_5470,AUTO_MATCHED_EXACT,1.000000,AUTO_MATCHED,,
port1334,Tynemouth,United Kingdom,GBR,31765,Tynemouth,United Kingdom,LOC_WPI_31765,AUTO_MATCHED_EXACT,1.000000,AUTO_MATCHED,,
port1335,Ube,Japan,JPN,,,,,NO_SIMILAR_NAME,,UNMAPPED,288,"No unique, country-compatible WPI candidate was found."
port1336,Makassar,Indonesia,IDN,,,,,NO_SIMILAR_NAME,,UNMAPPED,289,"No unique, country-compatible WPI candidate was found."
port1337,Uleelheue,Indonesia,IDN,50600,Uleelheue,Indonesia,LOC_WPI_50600,AUTO_MATCHED_EXACT,1.000000,AUTO_MATCHED,,
port1338,Ulsan,Korea,KOR,60400,Ulsan,South Korea,LOC_WPI_60400,AUTO_MATCHED_COUNTRY_ALIAS,1.000000,AUTO_MATCHED,,Country labels were matched through an approved alias group.
port1339,Umea Hamn,Sweden,SWE,26890,Umea Hamn,Sweden,LOC_WPI_26890,AUTO_MATCHED_EXACT,1.000000,AUTO_MATCHED,,
port134,Beaumont,United States,USA,9140,Beaumont,United States,LOC_WPI_9140,AUTO_MATCHED_EXACT,1.000000,AUTO_MATCHED,,
port1340,Umm al Qaiwain,United Arab Emirates,ARE,48273,Umm Al Qaywayn,United Arab Emirates,LOC_WPI_48273,REVIEW_SIMILAR_NAME,0.857143,REVIEW_REQUIRED,290,Candidate is similar but below the automatic confidence threshold.
port1341,Umm Qasr,Iraq,IRQ,48399,Umm Qasr,Iraq,LOC_WPI_48399,AUTO_MATCHED_EXACT,1.000000,AUTO_MATCHED,,
port1342,Doha-Umm Said,Qatar,QAT,48287,Umm Said,Qatar,LOC_WPI_48287,REVIEW_SIMILAR_NAME,0.761905,REVIEW_REQUIRED,291,Candidate is similar but below the automatic confidence threshold.
port1343,Uno,Japan,JPN,,,,,NO_SIMILAR_NAME,,UNMAPPED,292,"No unique, country-compatible WPI candidate was found."
port1344,Uturoa,French Polynesia,PYF,55800,Uturoa,French Polynesia,LOC_WPI_55800,AUTO_MATCHED_EXACT,1.000000,AUTO_MATCHED,,
port1345,Uwajima,Japan,JPN,62010,Uwajima Ko,Japan,LOC_WPI_62010,REVIEW_SIMILAR_NAME,0.823529,REVIEW_REQUIRED,293,Candidate is similar but below the automatic confidence threshold.
port1346,Vaasa,Finland,FIN,27650,Vaasa,Finland,LOC_WPI_27650,AUTO_MATCHED_EXACT,1.000000,AUTO_MATCHED,,
port1348,Valencia,Spain,ESP,38480,Valencia,Spain,LOC_WPI_38480,AUTO_MATCHED_EXACT,1.000000,AUTO_MATCHED,,
port1349,Valletta,Malta,MLT,,,,,NO_SIMILAR_NAME,,UNMAPPED,294,"No unique, country-compatible WPI candidate was found."
port135,Berdyansk,Ukraine,UKR,44000,Berdyansk,Ukraine,LOC_WPI_44000,AUTO_MATCHED_EXACT,1.000000,AUTO_MATCHED,,
port1350,Vancouver,Canada,CAN,18150,Vancouver,Canada,LOC_WPI_18150,AUTO_MATCHED_EXACT,1.000000,AUTO_MATCHED,,
port1351,Vancouver,United States,USA,16950,Vancouver,United States,LOC_WPI_16950,AUTO_MATCHED_EXACT,1.000000,AUTO_MATCHED,,
port1352,Vanimo,Papua New Guinea,PNG,53282,Vanimo,Papua New Guinea,LOC_WPI_53282,AUTO_MATCHED_EXACT,1.000000,AUTO_MATCHED,,
port1353,Varberg,Sweden,SWE,24030,Varberg,Sweden,LOC_WPI_24030,AUTO_MATCHED_EXACT,1.000000,AUTO_MATCHED,,
port1354,Varkaus,Finland,FIN,,,,,NO_SIMILAR_NAME,,UNMAPPED,295,"No unique, country-compatible WPI candidate was found."
port1355,Varna,Bulgaria,BGR,43510,Varna,Bulgaria,LOC_WPI_43510,AUTO_MATCHED_EXACT,1.000000,AUTO_MATCHED,,
port1356,Västerås,Sweden,SWE,25395,Vasteras,Sweden,LOC_WPI_25395,AUTO_MATCHED_EXACT,1.000000,AUTO_MATCHED,,
port1357,Ventspils,Latvia,LVA,28620,Ventspils,Latvia,LOC_WPI_28620,AUTO_MATCHED_EXACT,1.000000,AUTO_MATCHED,,
port1358,Veracruz,Mexico,MEX,9380,Veracruz,Mexico,LOC_WPI_9380,AUTO_MATCHED_EXACT,1.000000,AUTO_MATCHED,,
port136,Beihai,China,CHN,57750,Beihai,China,LOC_WPI_57750,AUTO_MATCHED_EXACT,1.000000,AUTO_MATCHED,,
port1360,Victoria,Malaysia,MYS,51680,Victoria,Malaysia,LOC_WPI_51680,AUTO_MATCHED_EXACT,1.000000,AUTO_MATCHED,,
port1361,Victoria,Seychelles,SYC,47220,Victoria,Seychelles,LOC_WPI_47220,AUTO_MATCHED_EXACT,1.000000,AUTO_MATCHED,,
port1362,Vieux Fort,St.  Lucia,LCA,11620,Vieux Fort,Saint Lucia,LOC_WPI_11620,AUTO_MATCHED_COUNTRY_ALIAS,1.000000,AUTO_MATCHED,,Country labels were matched through an approved alias group.
port1363,Vigo,Spain,ESP,37900,Vigo,Spain,LOC_WPI_37900,AUTO_MATCHED_EXACT,1.000000,AUTO_MATCHED,,
port1364,Vikanes,Norway,NOR,,,,,NO_SIMILAR_NAME,,UNMAPPED,296,"No unique, country-compatible WPI candidate was found."
port1365,Villagarcia De Arosa,Spain,ESP,37830,Villagarcia De Arosa,Spain,LOC_WPI_37830,AUTO_MATCHED_EXACT,1.000000,AUTO_MATCHED,,
port1366,Villanueva,Philippines,PHL,59725,Villanueva,Philippines,LOC_WPI_59725,AUTO_MATCHED_EXACT,1.000000,AUTO_MATCHED,,
port1367,Visakhapatnam,India,IND,,,,,NO_MEANINGFUL_NAME_TOKEN,,UNMAPPED,297,"No unique, country-compatible WPI candidate was found."
port1368,Vitoria,Brazil,BRA,12850,Vitoria,Brazil,LOC_WPI_12850,AUTO_MATCHED_EXACT,1.000000,AUTO_MATCHED,,
port1369,Vladivostok,Russian Federation,RUS,60610,Vladivostok,Russia,LOC_WPI_60610,AUTO_MATCHED_COUNTRY_ALIAS,1.000000,AUTO_MATCHED,,Country labels were matched through an approved alias group.
port137,Beira,Mozambique,MOZ,46890,Beira,Mozambique,LOC_WPI_46890,AUTO_MATCHED_EXACT,1.000000,AUTO_MATCHED,,
port1370,Vlissingen,The Netherlands,NLD,31210,Vlissingen,Netherlands,LOC_WPI_31210,AUTO_MATCHED_COUNTRY_ALIAS,1.000000,AUTO_MATCHED,,Country labels were matched through an approved alias group.
port1371,Vlora,Albania,ALB,,,,,NO_MEANINGFUL_NAME_TOKEN,,UNMAPPED,298,"No unique, country-compatible WPI candidate was found."
port1372,Voh,New Caledonia,NCL,,,,,NO_SIMILAR_NAME,,UNMAPPED,299,"No unique, country-compatible WPI candidate was found."
port1373,Volos,Greece,GRC,42470,Volos,Greece,LOC_WPI_42470,AUTO_MATCHED_EXACT,1.000000,AUTO_MATCHED,,
port1374,Vostochnyy,Russian Federation,RUS,60725,Vostochnyy,Russia,LOC_WPI_60725,AUTO_MATCHED_COUNTRY_ALIAS,1.000000,AUTO_MATCHED,,Country labels were matched through an approved alias group.
port1375,Vung Tau,Vietnam,VNM,57570,Vung Tau,Vietnam,LOC_WPI_57570,AUTO_MATCHED_EXACT,1.000000,AUTO_MATCHED,,
port1376,Vyborg,Russian Federation,RUS,28300,Vyborg,Russia,LOC_WPI_28300,AUTO_MATCHED_COUNTRY_ALIAS,1.000000,AUTO_MATCHED,,Country labels were matched through an approved alias group.
port1377,Waingapu,Indonesia,IDN,51350,Waingapu,Indonesia,LOC_WPI_51350,AUTO_MATCHED_EXACT,1.000000,AUTO_MATCHED,,
port1378,Kitakyushu (Wakamatsu),Japan,JPN,,,,,NO_SIMILAR_NAME,,UNMAPPED,300,"No unique, country-compatible WPI candidate was found."
port1379,Wakayama-Shimotsu,Japan,JPN,61545,Wakayama-Shimotsu Ko,Japan,LOC_WPI_61545,AUTO_MATCHED_FUZZY,0.918919,AUTO_MATCHED,,
port138,Bejaia,Algeria,DZA,45550,Bejaia,Algeria,LOC_WPI_45550,AUTO_MATCHED_EXACT,1.000000,AUTO_MATCHED,,
port1380,Wallaroo,Australia,AUS,54280,Wallaroo,Australia,LOC_WPI_54280,AUTO_MATCHED_EXACT,1.000000,AUTO_MATCHED,,
port1381,Walvis Bay,Namibia,NAM,46640,Walvis Bay,Namibia,LOC_WPI_46640,AUTO_MATCHED_EXACT,1.000000,AUTO_MATCHED,,
port1382,Warren Point,United Kingdom,GBR,33680,Warren Point,United Kingdom,LOC_WPI_33680,AUTO_MATCHED_EXACT,1.000000,AUTO_MATCHED,,
port1383,Warri,Nigeria,NGA,46170,Warri,Nigeria,LOC_WPI_46170,AUTO_MATCHED_EXACT,1.000000,AUTO_MATCHED,,
port1384,Waterford,Ireland,IRL,34400,Waterford,Ireland,LOC_WPI_34400,AUTO_MATCHED_EXACT,1.000000,AUTO_MATCHED,,
port1385,Weifang Port,China,CHN,,,,,NO_SIMILAR_NAME,,UNMAPPED,301,"No unique, country-compatible WPI candidate was found."
port1386,Weihai,China,CHN,60150,Weihai,China,LOC_WPI_60150,AUTO_MATCHED_EXACT,1.000000,AUTO_MATCHED,,
port1387,Weipa,Australia,AUS,54672,Weipa,Australia,LOC_WPI_54672,AUTO_MATCHED_EXACT,1.000000,AUTO_MATCHED,,
port1388,Wellington,New Zealand,NZL,55150,Wellington,New Zealand,LOC_WPI_55150,AUTO_MATCHED_EXACT,1.000000,AUTO_MATCHED,,
port139,Belawan,Indonesia,IDN,50730,Belawan,Indonesia,LOC_WPI_50730,AUTO_MATCHED_EXACT,1.000000,AUTO_MATCHED,,
port1390,Wenzhou,China,CHN,59910,Wenzhou,China,LOC_WPI_59910,AUTO_MATCHED_EXACT,1.000000,AUTO_MATCHED,,
port1391,Western Port,Australia,AUS,53930,Western Port,Australia,LOC_WPI_53930,AUTO_MATCHED_EXACT,1.000000,AUTO_MATCHED,,
port1392,Wewak Harbor,Papua New Guinea,PNG,56738,Wewak Harbor,Papua New Guinea,LOC_WPI_56738,AUTO_MATCHED_EXACT,1.000000,AUTO_MATCHED,,
port1393,Marsden Point,New Zealand,NZL,,,,,NO_SIMILAR_NAME,,UNMAPPED,302,"No unique, country-compatible WPI candidate was found."
port1395,Whyalla,Australia,AUS,54320,Whyalla,Australia,LOC_WPI_54320,AUTO_MATCHED_EXACT,1.000000,AUTO_MATCHED,,
port1396,Wilhelmshaven,Germany,DEU,30910,Wilhelmshaven,Germany,LOC_WPI_30910,AUTO_MATCHED_EXACT,1.000000,AUTO_MATCHED,,
port1397,Willemstad,Curaçao,CUW,11810,Willemstad,Curacao,LOC_WPI_11810,AUTO_MATCHED_EXACT,1.000000,AUTO_MATCHED,,
port1398,"Wilmington, DE",United States,USA,,,,,AMBIGUOUS_SIMILAR_NAME,,UNMAPPED,303,"No unique, country-compatible WPI candidate was found."
port1399,"Wilmington, NC",United States,USA,,,,,AMBIGUOUS_SIMILAR_NAME,,UNMAPPED,304,"No unique, country-compatible WPI candidate was found."
port14,Akita,Japan,JPN,,,,,NO_MEANINGFUL_NAME_TOKEN,,UNMAPPED,305,"No unique, country-compatible WPI candidate was found."
port140,Belém,Brazil,BRA,12490,Belem,Brazil,LOC_WPI_12490,AUTO_MATCHED_EXACT,1.000000,AUTO_MATCHED,,
port1400,Wisbech,United Kingdom,GBR,31600,Wisbech,United Kingdom,LOC_WPI_31600,AUTO_MATCHED_EXACT,1.000000,AUTO_MATCHED,,
port1401,Wismar,Germany,DEU,28870,Wismar,Germany,LOC_WPI_28870,AUTO_MATCHED_EXACT,1.000000,AUTO_MATCHED,,
port1402,Workington,United Kingdom,GBR,34610,Workington,United Kingdom,LOC_WPI_34610,AUTO_MATCHED_EXACT,1.000000,AUTO_MATCHED,,
port1403,Xiagong,China,CHN,,,,,NO_SIMILAR_NAME,,UNMAPPED,306,"No unique, country-compatible WPI candidate was found."
port1404,Xiamen,China,CHN,57870,Xiamen,China,LOC_WPI_57870,AUTO_MATCHED_EXACT,1.000000,AUTO_MATCHED,,
port1405,Xiuyu,China,CHN,57876,Xiuyu,China,LOC_WPI_57876,AUTO_MATCHED_EXACT,1.000000,AUTO_MATCHED,,
port1406,Yakacik,Türkiye,TUR,44803,Yakacik,Turkey,LOC_WPI_44803,AUTO_MATCHED_COUNTRY_ALIAS,1.000000,AUTO_MATCHED,,Country labels were matched through an approved alias group.
port1407,Yalova,Türkiye,TUR,,,,,NO_SIMILAR_NAME,,UNMAPPED,307,"No unique, country-compatible WPI candidate was found."
port1408,Yanbu (Yanbu city),Saudi Arabia,SAU,,,,,NO_SIMILAR_NAME,,UNMAPPED,308,"No unique, country-compatible WPI candidate was found."
port1409,Yangpu,China,CHN,57817,Yangpu,China,LOC_WPI_57817,AUTO_MATCHED_EXACT,1.000000,AUTO_MATCHED,,
port141,Belfast,United Kingdom,GBR,33770,Belfast,United Kingdom,LOC_WPI_33770,AUTO_MATCHED_EXACT,1.000000,AUTO_MATCHED,,
port1410,Yantai,China,CHN,60160,Yantai,China,LOC_WPI_60160,AUTO_MATCHED_EXACT,1.000000,AUTO_MATCHED,,
port1411,Yatsushiro,Japan,JPN,62255,Yatsushiro Ko,Japan,LOC_WPI_62255,AUTO_MATCHED_FUZZY,0.869565,AUTO_MATCHED,,
port1412,Yawatahama,Japan,JPN,62020,Yawatahama,Japan,LOC_WPI_62020,AUTO_MATCHED_EXACT,1.000000,AUTO_MATCHED,,
port1413,Yeysk,Russian Federation,RUS,44090,Yeysk,Russia,LOC_WPI_44090,AUTO_MATCHED_COUNTRY_ALIAS,1.000000,AUTO_MATCHED,,Country labels were matched through an approved alias group.
port1414,Yantian,China,CHN,57857,Yantian,China,LOC_WPI_57857,AUTO_MATCHED_EXACT,1.000000,AUTO_MATCHED,,
port1415,Yingkou,China,CHN,60220,Yingkou,China,LOC_WPI_60220,AUTO_MATCHED_EXACT,1.000000,AUTO_MATCHED,,
port1416,Yokkaichi,Japan,JPN,61490,Yokkaichi,Japan,LOC_WPI_61490,AUTO_MATCHED_EXACT,1.000000,AUTO_MATCHED,,
port1417,Yokohama,Japan,JPN,61390,Yokohama Ko,Japan,LOC_WPI_61390,REVIEW_SIMILAR_NAME,0.842105,REVIEW_REQUIRED,309,Candidate is similar but below the automatic confidence threshold.
port1418,Yokosuka,Japan,JPN,61400,Yokosuka Ko,Japan,LOC_WPI_61400,REVIEW_SIMILAR_NAME,0.842105,REVIEW_REQUIRED,310,Candidate is similar but below the automatic confidence threshold.
port1419,Pivdennyi,Ukraine,UKR,,,,,NO_SIMILAR_NAME,,UNMAPPED,311,"No unique, country-compatible WPI candidate was found."
port142,Belize City,Belize,BLZ,9590,Belize City,Belize,LOC_WPI_9590,AUTO_MATCHED_EXACT,1.000000,AUTO_MATCHED,,
port1420,Zamboanga,Philippines,PHL,59580,Zamboanga,Philippines,LOC_WPI_59580,AUTO_MATCHED_EXACT,1.000000,AUTO_MATCHED,,
port1421,Zanzibar,Tanzania,TZA,47050,Zanzibar,Tanzania,LOC_WPI_47050,AUTO_MATCHED_EXACT,1.000000,AUTO_MATCHED,,
port1422,Zarate,Argentina,ARG,13700,Zarate,Argentina,LOC_WPI_13700,AUTO_MATCHED_EXACT,1.000000,AUTO_MATCHED,,
port1423,Zarzis,Tunisia,TUN,45365,Zarzis,Tunisia,LOC_WPI_45365,AUTO_MATCHED_EXACT,1.000000,AUTO_MATCHED,,
port1424,Zeebrugge,Belgium,BEL,31280,Zeebrugge,Belgium,LOC_WPI_31280,AUTO_MATCHED_EXACT,1.000000,AUTO_MATCHED,,
port1425,Suzhou (Zhangjiagang),China,CHN,,,,,NO_MEANINGFUL_NAME_TOKEN,,UNMAPPED,312,"No unique, country-compatible WPI candidate was found."
port1426,Zhanjiang,China,CHN,57770,Zhanjiang,China,LOC_WPI_57770,AUTO_MATCHED_EXACT,1.000000,AUTO_MATCHED,,
port1427,Zhapu,China,CHN,59963,Zhapu,China,LOC_WPI_59963,AUTO_MATCHED_EXACT,1.000000,AUTO_MATCHED,,
port1428,Zhouliwang,China,CHN,,,,,NO_SIMILAR_NAME,,UNMAPPED,313,"No unique, country-compatible WPI candidate was found."
port1429,Zhoushan,China,CHN,59960,Zhoushan,China,LOC_WPI_59960,AUTO_MATCHED_EXACT,1.000000,AUTO_MATCHED,,
port143,Bellingham,United States,USA,18050,Bellingham,United States,LOC_WPI_18050,AUTO_MATCHED_EXACT,1.000000,AUTO_MATCHED,,
port1430,Zonguldak,Türkiye,TUR,44490,Zonguldak,Turkey,LOC_WPI_44490,AUTO_MATCHED_COUNTRY_ALIAS,1.000000,AUTO_MATCHED,,Country labels were matched through an approved alias group.
port1431,Palma de Mallorca,Spain,ESP,38630,Palma De Mallorca,Spain,LOC_WPI_38630,AUTO_MATCHED_EXACT,1.000000,AUTO_MATCHED,,
port1432,Punta Arenas,Chile,CHL,14100,Rada Punta Arenas,Chile,LOC_WPI_14100,REVIEW_SIMILAR_NAME,0.827586,REVIEW_REQUIRED,314,Candidate is similar but below the automatic confidence threshold.
port144,Benicia,United States,USA,16470,Benicia,United States,LOC_WPI_16470,AUTO_MATCHED_EXACT,1.000000,AUTO_MATCHED,,
port145,Benoa,Indonesia,IDN,,,,,AMBIGUOUS_NAME_COUNTRY,,REVIEW_REQUIRED,315,Multiple WPI ports share this normalized name and country.
port146,Berbera,Somalia,SOM,47820,Berbera,Somalia,LOC_WPI_47820,AUTO_MATCHED_EXACT,1.000000,AUTO_MATCHED,,
port147,Bergen,Norway,NOR,23160,Bergen,Norway,LOC_WPI_23160,AUTO_MATCHED_EXACT,1.000000,AUTO_MATCHED,,
port148,Big Creek,Belize,BLZ,9598,Big Creek,Belize,LOC_WPI_9598,AUTO_MATCHED_EXACT,1.000000,AUTO_MATCHED,,
port149,Bintulu,Malaysia,MYS,51585,Bintulu Port,Malaysia,LOC_WPI_51585,REVIEW_SIMILAR_NAME,0.736842,REVIEW_REQUIRED,316,Candidate is similar but below the automatic confidence threshold.
port15,Ako,Japan,JPN,,,,,NO_SIMILAR_NAME,,UNMAPPED,317,"No unique, country-compatible WPI candidate was found."
port150,Bissau,Guinea-Bissau,GNB,45838,Bissau,Guinea-Bissau,LOC_WPI_45838,AUTO_MATCHED_EXACT,1.000000,AUTO_MATCHED,,
port151,Bitung,Indonesia,IDN,52065,Bitung,Indonesia,LOC_WPI_52065,AUTO_MATCHED_EXACT,1.000000,AUTO_MATCHED,,
port152,Blanglancang,Indonesia,IDN,50652,Blanglancang,Indonesia,LOC_WPI_50652,AUTO_MATCHED_EXACT,1.000000,AUTO_MATCHED,,
port153,Bluff Harbor,New Zealand,NZL,55400,Bluff Harbor,New Zealand,LOC_WPI_55400,AUTO_MATCHED_EXACT,1.000000,AUTO_MATCHED,,
port154,Huanghua,China,CHN,,,,,NO_MEANINGFUL_NAME_TOKEN,,UNMAPPED,318,"No unique, country-compatible WPI candidate was found."
port155,Bonny,Nigeria,NGA,46205,Bonny,Nigeria,LOC_WPI_46205,AUTO_MATCHED_EXACT,1.000000,AUTO_MATCHED,,
port156,Bontang LNG Terminal,Indonesia,IDN,51811,Bontang Lng Terminal,Indonesia,LOC_WPI_51811,AUTO_MATCHED_EXACT,1.000000,AUTO_MATCHED,,
port157,Bossaso,Somalia,SOM,,,,,NO_MEANINGFUL_NAME_TOKEN,,UNMAPPED,319,"No unique, country-compatible WPI candidate was found."
port158,Bordeaux,France,FRA,37190,Bordeaux,France,LOC_WPI_37190,AUTO_MATCHED_EXACT,1.000000,AUTO_MATCHED,,
port159,Boston,United States,USA,7250,Boston,United States,LOC_WPI_7250,AUTO_MATCHED_EXACT,1.000000,AUTO_MATCHED,,
port16,Aktau Port,Kazakhstan,KAZ,,,,,NO_SIMILAR_NAME,,UNMAPPED,320,"No unique, country-compatible WPI candidate was found."
port160,Boston,United Kingdom,GBR,31630,Boston,United Kingdom,LOC_WPI_31630,AUTO_MATCHED_EXACT,1.000000,AUTO_MATCHED,,
port161,Port Botany,Australia,AUS,,,,,NO_MEANINGFUL_NAME_TOKEN,,UNMAPPED,321,"No unique, country-compatible WPI candidate was found."
port162,Botas,Türkiye,TUR,44870,Botas,Turkey,LOC_WPI_44870,AUTO_MATCHED_COUNTRY_ALIAS,1.000000,AUTO_MATCHED,,Country labels were matched through an approved alias group.
port163,Botas Natural Gas Terminal,Türkiye,TUR,44542,Botas Natural Gas Terminal,Turkey,LOC_WPI_44542,AUTO_MATCHED_COUNTRY_ALIAS,1.000000,AUTO_MATCHED,,Country labels were matched through an approved alias group.
port164,Brades,Montserrat,MSR,,,,,NO_SIMILAR_NAME,,UNMAPPED,322,"No unique, country-compatible WPI candidate was found."
port165,Brake,Germany,DEU,30850,Brake,Germany,LOC_WPI_30850,AUTO_MATCHED_EXACT,1.000000,AUTO_MATCHED,,
port166,Porto do Acu,Brazil,BRA,,,,,AMBIGUOUS_SIMILAR_NAME,,UNMAPPED,323,"No unique, country-compatible WPI candidate was found."
port167,Bremen,Germany,DEU,30900,Bremen,Germany,LOC_WPI_30900,AUTO_MATCHED_EXACT,1.000000,AUTO_MATCHED,,
port168,Bremerhaven,Germany,DEU,30810,Bremerhaven,Germany,LOC_WPI_30810,AUTO_MATCHED_EXACT,1.000000,AUTO_MATCHED,,
port169,Brevik,Norway,NOR,23660,Brevik,Norway,LOC_WPI_23660,AUTO_MATCHED_EXACT,1.000000,AUTO_MATCHED,,
port17,Akureyri,Iceland,ISL,310,Akureyri,Iceland,LOC_WPI_310,AUTO_MATCHED_EXACT,1.000000,AUTO_MATCHED,,
port170,Bridgeport (US-CT),United States,USA,7570,Bridgeport,United States,LOC_WPI_7570,REVIEW_SIMILAR_NAME,0.769231,REVIEW_REQUIRED,324,Candidate is similar but below the automatic confidence threshold.
port171,Bridgetown,Barbados,BRB,11690,Bridgetown,Barbados,LOC_WPI_11690,AUTO_MATCHED_EXACT,1.000000,AUTO_MATCHED,,
port172,Brighton,Trinidad and Tobago,TTO,11760,Brighton,Trinidad and Tobago,LOC_WPI_11760,AUTO_MATCHED_EXACT,1.000000,AUTO_MATCHED,,
port173,Brindisi,Italy,ITA,40500,Brindisi,Italy,LOC_WPI_40500,AUTO_MATCHED_EXACT,1.000000,AUTO_MATCHED,,
port174,Brisbane,Australia,AUS,53490,Brisbane,Australia,LOC_WPI_53490,AUTO_MATCHED_EXACT,1.000000,AUTO_MATCHED,,
port175,Brofjorden,Sweden,SWE,23950,Brofjorden,Sweden,LOC_WPI_23950,AUTO_MATCHED_EXACT,1.000000,AUTO_MATCHED,,
port176,Broome,Australia,AUS,54630,Broome,Australia,LOC_WPI_54630,AUTO_MATCHED_EXACT,1.000000,AUTO_MATCHED,,
port177,Brownsville (US-PA),United States,USA,9340,Brownsville,United States,LOC_WPI_9340,REVIEW_SIMILAR_NAME,0.785714,REVIEW_REQUIRED,325,Candidate is similar but below the automatic confidence threshold.
port178,Bruges,Belgium,BEL,31290,Bruges,Belgium,LOC_WPI_31290,AUTO_MATCHED_EXACT,1.000000,AUTO_MATCHED,,
port179,Brunsbuettel,Germany,DEU,,,,,NO_SIMILAR_NAME,,UNMAPPED,326,"No unique, country-compatible WPI candidate was found."
port18,Hudaydah (Hodeidah),Yemen,YEM,,,,,NO_SIMILAR_NAME,,UNMAPPED,327,"No unique, country-compatible WPI candidate was found."
port180,Brunswick,United States,USA,8550,Brunswick,United States,LOC_WPI_8550,AUTO_MATCHED_EXACT,1.000000,AUTO_MATCHED,,
port181,Buchanan,Liberia,LBR,45950,Buchanan,Liberia,LOC_WPI_45950,AUTO_MATCHED_EXACT,1.000000,AUTO_MATCHED,,
port182,Buco,Philippines,PHL,,,,,NO_MEANINGFUL_NAME_TOKEN,,UNMAPPED,328,"No unique, country-compatible WPI candidate was found."
port183,Buenaventura,Colombia,COL,15370,Buenaventura,Colombia,LOC_WPI_15370,AUTO_MATCHED_EXACT,1.000000,AUTO_MATCHED,,
port184,Buenos Aires,Argentina,ARG,13760,Buenos Aires,Argentina,LOC_WPI_13760,AUTO_MATCHED_EXACT,1.000000,AUTO_MATCHED,,
port185,Buffington,United States,USA,4770,Buffington,United States,LOC_WPI_4770,AUTO_MATCHED_EXACT,1.000000,AUTO_MATCHED,,
port186,Buka,Papua New Guinea,PNG,,,,,NO_SIMILAR_NAME,,UNMAPPED,329,"No unique, country-compatible WPI candidate was found."
port187,Vanino,Russian Federation,RUS,,,,,NO_SIMILAR_NAME,,UNMAPPED,330,"No unique, country-compatible WPI candidate was found."
port189,Bullen Baai,Curaçao,CUW,11820,Bullen Baai,Curacao,LOC_WPI_11820,AUTO_MATCHED_EXACT,1.000000,AUTO_MATCHED,,
port19,Aqaba,Jordan,JOR,,,,,NO_MEANINGFUL_NAME_TOKEN,,UNMAPPED,331,"No unique, country-compatible WPI candidate was found."
port190,Bunbury,Australia,AUS,54500,Bunbury,Australia,LOC_WPI_54500,AUTO_MATCHED_EXACT,1.000000,AUTO_MATCHED,,
port191,Safaga,Egypt,EGY,,,,,NO_MEANINGFUL_NAME_TOKEN,,UNMAPPED,332,"No unique, country-compatible WPI candidate was found."
port192,Port Said,Egypt,EGY,,,,,NO_SIMILAR_NAME,,UNMAPPED,333,"No unique, country-compatible WPI candidate was found."
port193,Burgas,Bulgaria,BGR,43500,Burgas,Bulgaria,LOC_WPI_43500,AUTO_MATCHED_EXACT,1.000000,AUTO_MATCHED,,
port194,Burnie,Australia,AUS,54880,Burnie,Australia,LOC_WPI_54880,AUTO_MATCHED_EXACT,1.000000,AUTO_MATCHED,,
port195,Burns Harbour,United States,USA,,,,,NO_MEANINGFUL_NAME_TOKEN,,UNMAPPED,334,"No unique, country-compatible WPI candidate was found."
port196,Bushehr,Iran,IRN,48470,Bushehr,Iran,LOC_WPI_48470,AUTO_MATCHED_EXACT,1.000000,AUTO_MATCHED,,
port197,Butinge Oil Terminal,Lithuania,LTU,28654,Butinge Oil Terminal,Lithuania,LOC_WPI_28654,AUTO_MATCHED_EXACT,1.000000,AUTO_MATCHED,,
port198,Butuan City,Philippines,PHL,59760,Butuan City,Philippines,LOC_WPI_59760,AUTO_MATCHED_EXACT,1.000000,AUTO_MATCHED,,
port2,Aberdeen,United States,USA,17060,Aberdeen,United States,LOC_WPI_17060,AUTO_MATCHED_EXACT,1.000000,AUTO_MATCHED,,
port20,Al Basrah,Iraq,IRQ,48400,Al Basrah,Iraq,LOC_WPI_48400,AUTO_MATCHED_EXACT,1.000000,AUTO_MATCHED,,
port200,Cabedelo,Brazil,BRA,12710,Cabedelo,Brazil,LOC_WPI_12710,AUTO_MATCHED_EXACT,1.000000,AUTO_MATCHED,,
port2001,Izmail,Ukraine,UKR,,,,,NO_MEANINGFUL_NAME_TOKEN,,UNMAPPED,335,"No unique, country-compatible WPI candidate was found."
port2002,Reni,Ukraine,UKR,43925,Reni,Ukraine,LOC_WPI_43925,AUTO_MATCHED_EXACT,1.000000,AUTO_MATCHED,,
port2003,Olvia,Ukraine,UKR,,,,,NO_SIMILAR_NAME,,UNMAPPED,336,"No unique, country-compatible WPI candidate was found."
port2004,Kherson,Ukraine,UKR,43680,Kherson,Ukraine,LOC_WPI_43680,AUTO_MATCHED_EXACT,1.000000,AUTO_MATCHED,,
port2005,Giurgiulesti Port,Moldova,MDA,,,,,NO_SIMILAR_NAME,,UNMAPPED,337,"No unique, country-compatible WPI candidate was found."
port2006,Tulcea,Romania,ROU,43572,Tulcea,Romania,LOC_WPI_43572,AUTO_MATCHED_EXACT,1.000000,AUTO_MATCHED,,
port2007,Galati,Romania,ROU,43600,Galati,Romania,LOC_WPI_43600,AUTO_MATCHED_EXACT,1.000000,AUTO_MATCHED,,
port2008,Romportmet,Romania,ROU,,,,,NO_SIMILAR_NAME,,UNMAPPED,338,"No unique, country-compatible WPI candidate was found."
port2009,Braila,Romania,ROU,43590,Braila,Romania,LOC_WPI_43590,AUTO_MATCHED_EXACT,1.000000,AUTO_MATCHED,,
port201,Cadiz,Spain,ESP,38290,Cadiz,Spain,LOC_WPI_38290,AUTO_MATCHED_EXACT,1.000000,AUTO_MATCHED,,
port2010,Azov,Russian Federation,RUS,44080,Azov,Russia,LOC_WPI_44080,AUTO_MATCHED_COUNTRY_ALIAS,1.000000,AUTO_MATCHED,,Country labels were matched through an approved alias group.
port2011,Otago,New Zealand,NZL,,,,,NO_SIMILAR_NAME,,UNMAPPED,339,"No unique, country-compatible WPI candidate was found."
port2012,Khalifa Bin Salman,Bahrain,BHR,48327,Khalifa Bin Salman,Bahrain,LOC_WPI_48327,AUTO_MATCHED_EXACT,1.000000,AUTO_MATCHED,,
port2013,Puerto Limon,Costa Rica,CRI,9810,Puerto Limon,Costa Rica,LOC_WPI_9810,AUTO_MATCHED_EXACT,1.000000,AUTO_MATCHED,,
port2014,Holyhead,United Kingdom,GBR,34770,Holyhead,United Kingdom,LOC_WPI_34770,AUTO_MATCHED_EXACT,1.000000,AUTO_MATCHED,,
port2015,Trapani,Italy,ITA,40150,Trapani,Italy,LOC_WPI_40150,AUTO_MATCHED_EXACT,1.000000,AUTO_MATCHED,,
port2016,Eilat,Israel,ISR,,,,,NO_MEANINGFUL_NAME_TOKEN,,UNMAPPED,340,"No unique, country-compatible WPI candidate was found."
port2017,Moji,Japan,JPN,,,,,NO_MEANINGFUL_NAME_TOKEN,,UNMAPPED,341,"No unique, country-compatible WPI candidate was found."
port2018,Ronne,Denmark,DNK,29110,Ronne,Denmark,LOC_WPI_29110,AUTO_MATCHED_EXACT,1.000000,AUTO_MATCHED,,
port2019,Dongguan,China,CHN,,,,,NO_MEANINGFUL_NAME_TOKEN,,UNMAPPED,342,"No unique, country-compatible WPI candidate was found."
port202,Cagayan de Oro,Philippines,PHL,59710,Cagayan De Oro,Philippines,LOC_WPI_59710,AUTO_MATCHED_EXACT,1.000000,AUTO_MATCHED,,
port2020,Nanjing,China,CHN,60000,Nanjing,China,LOC_WPI_60000,AUTO_MATCHED_EXACT,1.000000,AUTO_MATCHED,,
port2021,Jiaxing,China,CHN,,,,,NO_SIMILAR_NAME,,UNMAPPED,343,"No unique, country-compatible WPI candidate was found."
port2022,Rosslare,Ireland,IRL,34420,Rosslare,Ireland,LOC_WPI_34420,AUTO_MATCHED_EXACT,1.000000,AUTO_MATCHED,,
port2023,Bantry Bay,Ireland,IRL,34260,Bantry,Ireland,LOC_WPI_34260,REVIEW_SIMILAR_NAME,0.750000,REVIEW_REQUIRED,344,Candidate is similar but below the automatic confidence threshold.
port2024,Larne,United Kingdom,GBR,33790,Larne,United Kingdom,LOC_WPI_33790,AUTO_MATCHED_EXACT,1.000000,AUTO_MATCHED,,
port2025,Khalifa Port,United Arab Emirates,ARE,,,,,NO_SIMILAR_NAME,,UNMAPPED,345,"No unique, country-compatible WPI candidate was found."
port2026,Hamad Port,Qatar,QAT,,,,,NO_SIMILAR_NAME,,UNMAPPED,346,"No unique, country-compatible WPI candidate was found."
port2027,Shanghai (Yangshan),China,CHN,,,,,NO_SIMILAR_NAME,,UNMAPPED,347,"No unique, country-compatible WPI candidate was found."
port2028,Mawan,China,CHN,,,,,NO_SIMILAR_NAME,,UNMAPPED,348,"No unique, country-compatible WPI candidate was found."
port2029,Dachan Bay,China,CHN,,,,,NO_SIMILAR_NAME,,UNMAPPED,349,"No unique, country-compatible WPI candidate was found."
port203,Cagliari,Italy,ITA,39210,Cagliari,Italy,LOC_WPI_39210,AUTO_MATCHED_EXACT,1.000000,AUTO_MATCHED,,
port2030,Qianhai Bay,China,CHN,,,,,NO_SIMILAR_NAME,,UNMAPPED,350,"No unique, country-compatible WPI candidate was found."
port2031,King Abdullah Port,Saudi Arabia,SAU,48121,King Fahd Port,Saudi Arabia,LOC_WPI_48121,REVIEW_SIMILAR_NAME,0.750000,REVIEW_REQUIRED,351,Candidate is similar but below the automatic confidence threshold.
port2032,Posorja,Ecuador,ECU,,,,,NO_SIMILAR_NAME,,UNMAPPED,352,"No unique, country-compatible WPI candidate was found."
port2033,Port of Yeosu,Korea,KOR,,,,,NO_SIMILAR_NAME,,UNMAPPED,353,"No unique, country-compatible WPI candidate was found."
port2034,Yarimca,Türkiye,TUR,44603,Yarimca,Turkey,LOC_WPI_44603,AUTO_MATCHED_COUNTRY_ALIAS,1.000000,AUTO_MATCHED,,Country labels were matched through an approved alias group.
port2035,Itapoa,Brazil,BRA,,,,,NO_SIMILAR_NAME,,UNMAPPED,354,"No unique, country-compatible WPI candidate was found."
port2036,Siam Seaport,Thailand,THA,57461,Siam Seaport,Thailand,LOC_WPI_57461,AUTO_MATCHED_EXACT,1.000000,AUTO_MATCHED,,
port2037,Diliskelesi,Türkiye,TUR,,,,,NO_SIMILAR_NAME,,UNMAPPED,355,"No unique, country-compatible WPI candidate was found."
port2038,Kattupalli,India,IND,49454.5,Kattupalli Port,India,LOC_WPI_49454.5,REVIEW_SIMILAR_NAME,0.800000,REVIEW_REQUIRED,356,Candidate is similar but below the automatic confidence threshold.
port2039,Hazira,India,IND,48790,Hazira,India,LOC_WPI_48790,AUTO_MATCHED_EXACT,1.000000,AUTO_MATCHED,,
port204,Cairns,Australia,AUS,53340,Cairns,Australia,LOC_WPI_53340,AUTO_MATCHED_EXACT,1.000000,AUTO_MATCHED,,
port2040,Naha,Japan,JPN,62500,Naha Ko,Japan,LOC_WPI_62500,REVIEW_SIMILAR_NAME,0.727273,REVIEW_REQUIRED,357,Candidate is similar but below the automatic confidence threshold.
port2041,Omaezaki,Japan,JPN,61425,Omaezaki Ko,Japan,LOC_WPI_61425,REVIEW_SIMILAR_NAME,0.842105,REVIEW_REQUIRED,358,Candidate is similar but below the automatic confidence threshold.
port2042,Chu Lai,Vietnam,VNM,57575,Cat Lai,Vietnam,LOC_WPI_57575,REVIEW_SIMILAR_NAME,0.714286,REVIEW_REQUIRED,359,Candidate is similar but below the automatic confidence threshold.
port2043,Borusan,Türkiye,TUR,,,,,NO_SIMILAR_NAME,,UNMAPPED,360,"No unique, country-compatible WPI candidate was found."
port2044,El Dekheila,Egypt,EGY,,,,,NO_SIMILAR_NAME,,UNMAPPED,361,"No unique, country-compatible WPI candidate was found."
port2045,Porto de Itaguai,Brazil,BRA,12740,Porto De Suape,Brazil,LOC_WPI_12740,REVIEW_SIMILAR_NAME,0.733333,REVIEW_REQUIRED,362,Candidate is similar but below the automatic confidence threshold.
port2046,Vila Do Conde,Brazil,BRA,12491,Vila Do Conde,Brazil,LOC_WPI_12491,AUTO_MATCHED_EXACT,1.000000,AUTO_MATCHED,,
port2047,Rades (La Goulette),Tunisia,TUN,45420,La Goulette,Tunisia,LOC_WPI_45420,REVIEW_SIMILAR_NAME,0.785714,REVIEW_REQUIRED,363,Candidate is similar but below the automatic confidence threshold.
port2048,Almirante,Panama,PAN,9830,Almirante,Panama,LOC_WPI_9830,AUTO_MATCHED_EXACT,1.000000,AUTO_MATCHED,,
port2049,Ambarli,Türkiye,TUR,43388,Ambarli,Turkey,LOC_WPI_43388,AUTO_MATCHED_COUNTRY_ALIAS,1.000000,AUTO_MATCHED,,Country labels were matched through an approved alias group.
port205,Calabar,Nigeria,NGA,46230,Calabar,Nigeria,LOC_WPI_46230,AUTO_MATCHED_EXACT,1.000000,AUTO_MATCHED,,
port2050,Angra Dos Reis,Brazil,BRA,12940,Angra Dos Reis,Brazil,LOC_WPI_12940,AUTO_MATCHED_EXACT,1.000000,AUTO_MATCHED,,
port2051,Cam Pha,Vietnam,VNM,57710,Cam Pha,Vietnam,LOC_WPI_57710,AUTO_MATCHED_EXACT,1.000000,AUTO_MATCHED,,
port2052,Cape Flattery,Australia,AUS,53318,Cape Flattery Harbor,Australia,LOC_WPI_53318,REVIEW_SIMILAR_NAME,0.787879,REVIEW_REQUIRED,364,Candidate is similar but below the automatic confidence threshold.
port2053,Chicago,United States,USA,4800,Chicago,United States,LOC_WPI_4800,AUTO_MATCHED_EXACT,1.000000,AUTO_MATCHED,,
port2054,Coquimbo,Chile,CHL,14570,Coquimbo,Chile,LOC_WPI_14570,AUTO_MATCHED_EXACT,1.000000,AUTO_MATCHED,,
port2055,Iloilo,Philippines,PHL,59190,Iloilo,Philippines,LOC_WPI_59190,AUTO_MATCHED_EXACT,1.000000,AUTO_MATCHED,,
port2056,Karumba,Australia,AUS,54690,Karumba,Australia,LOC_WPI_54690,AUTO_MATCHED_EXACT,1.000000,AUTO_MATCHED,,
port2057,Hibikinada,Japan,JPN,62118,Hibikinada,Japan,LOC_WPI_62118,AUTO_MATCHED_EXACT,1.000000,AUTO_MATCHED,,
port2058,Launceston,Australia,AUS,54970,Launceston,Australia,LOC_WPI_54970,AUTO_MATCHED_EXACT,1.000000,AUTO_MATCHED,,
port2059,Melilla,Spain,ESP,,,,,NO_MEANINGFUL_NAME_TOKEN,,UNMAPPED,365,"No unique, country-compatible WPI candidate was found."
port206,Calais,France,FRA,35750,Calais,France,LOC_WPI_35750,AUTO_MATCHED_EXACT,1.000000,AUTO_MATCHED,,
port2060,Mina Salman,Bahrain,BHR,48325,Mina Salman,Bahrain,LOC_WPI_48325,AUTO_MATCHED_EXACT,1.000000,AUTO_MATCHED,,
port2061,Mourilyan,Australia,AUS,,,,,NO_SIMILAR_NAME,,UNMAPPED,366,"No unique, country-compatible WPI candidate was found."
port2062,Nanaimo,Canada,CAN,,,,,NO_SIMILAR_NAME,,UNMAPPED,367,"No unique, country-compatible WPI candidate was found."
port2063,Ngqura,South Africa,ZAF,,,,,NO_SIMILAR_NAME,,UNMAPPED,368,"No unique, country-compatible WPI candidate was found."
port2064,Nordenham,Germany,DEU,30840,Nordenham,Germany,LOC_WPI_30840,AUTO_MATCHED_EXACT,1.000000,AUTO_MATCHED,,
port2065,Okrika,Nigeria,NGA,46207,Okrika,Nigeria,LOC_WPI_46207,AUTO_MATCHED_EXACT,1.000000,AUTO_MATCHED,,
port2066,Port of Virginia,United States,USA,,,,,NO_SIMILAR_NAME,,UNMAPPED,369,"No unique, country-compatible WPI candidate was found."
port2067,Shuaiba,Kuwait,KWT,,,,,NO_SIMILAR_NAME,,UNMAPPED,370,"No unique, country-compatible WPI candidate was found."
port2068,Stralsund,Germany,DEU,28848,Stralsund,Germany,LOC_WPI_28848,AUTO_MATCHED_EXACT,1.000000,AUTO_MATCHED,,
port2069,Sullom Voe,United Kingdom,GBR,32630,Sullom Voe,United Kingdom,LOC_WPI_32630,AUTO_MATCHED_EXACT,1.000000,AUTO_MATCHED,,
port207,Kolkata (Syama Prasad Mookerje Port),India,IND,,,,,NO_SIMILAR_NAME,,UNMAPPED,371,"No unique, country-compatible WPI candidate was found."
port2070,Wallhamn,Sweden,SWE,,,,,NO_MEANINGFUL_NAME_TOKEN,,UNMAPPED,372,"No unique, country-compatible WPI candidate was found."
port2071,Ust-Danube,Ukraine,UKR,,,,,NO_SIMILAR_NAME,,UNMAPPED,373,"No unique, country-compatible WPI candidate was found."
port2072,Port of Skadovsk,Ukraine,UKR,,,,,NO_SIMILAR_NAME,,UNMAPPED,374,"No unique, country-compatible WPI candidate was found."
port2073,Kismayo,Somalia,SOM,,,,,NO_MEANINGFUL_NAME_TOKEN,,UNMAPPED,375,"No unique, country-compatible WPI candidate was found."
port2074,Jazan,Saudi Arabia,SAU,,,,,NO_MEANINGFUL_NAME_TOKEN,,UNMAPPED,376,"No unique, country-compatible WPI candidate was found."
port2075,Orkney,United Kingdom,GBR,,,,,NO_SIMILAR_NAME,,UNMAPPED,377,"No unique, country-compatible WPI candidate was found."
port2076,Escravos (Oil Terminal),Nigeria,NGA,46135,Escravos Oil Terminal,Nigeria,LOC_WPI_46135,AUTO_MATCHED_EXACT,1.000000,AUTO_MATCHED,,
port2077,Bilhorod-Dnistrovskyi,Ukraine,UKR,,,,,NO_MEANINGFUL_NAME_TOKEN,,UNMAPPED,378,"No unique, country-compatible WPI candidate was found."
port2078,Alexandroupoli,Greece,GRC,42630,Alexandroupoli,Greece,LOC_WPI_42630,AUTO_MATCHED_EXACT,1.000000,AUTO_MATCHED,,
port2079,Gizo,Solomon Islands,SLB,,,,,NO_SIMILAR_NAME,,UNMAPPED,379,"No unique, country-compatible WPI candidate was found."
port208,Caleta Patillos,Chile,CHL,14671,Caleta Patillos,Chile,LOC_WPI_14671,AUTO_MATCHED_EXACT,1.000000,AUTO_MATCHED,,
port2080,Ringgi,Solomon Islands,SLB,57005,Ringgi Cove,Solomon Islands,LOC_WPI_57005,REVIEW_SIMILAR_NAME,0.705882,REVIEW_REQUIRED,380,Candidate is similar but below the automatic confidence threshold.
port2081,Savusavu,Fiji,FJI,55560,Savusavu Bay,Fiji,LOC_WPI_55560,REVIEW_SIMILAR_NAME,0.800000,REVIEW_REQUIRED,381,Candidate is similar but below the automatic confidence threshold.
port2082,Nabouwalu,Fiji,FJI,,,,,NO_SIMILAR_NAME,,UNMAPPED,382,"No unique, country-compatible WPI candidate was found."
port2083,Lughughi,Solomon Islands,SLB,,,,,NO_SIMILAR_NAME,,UNMAPPED,383,"No unique, country-compatible WPI candidate was found."
port2084,Rennell Island,Solomon Islands,SLB,,,,,NO_SIMILAR_NAME,,UNMAPPED,384,"No unique, country-compatible WPI candidate was found."
port2085,Cat Lai (Saigon New Port),Vietnam,VNM,,,,,NO_SIMILAR_NAME,,UNMAPPED,385,"No unique, country-compatible WPI candidate was found."
port2086,Cherbourg,France,FRA,,,,,NO_SIMILAR_NAME,,UNMAPPED,386,"No unique, country-compatible WPI candidate was found."
port2087,Dundee,United Kingdom,GBR,32170,Dundee,United Kingdom,LOC_WPI_32170,AUTO_MATCHED_EXACT,1.000000,AUTO_MATCHED,,
port2088,Rosyth,United Kingdom,GBR,31980,Rosyth,United Kingdom,LOC_WPI_31980,AUTO_MATCHED_EXACT,1.000000,AUTO_MATCHED,,
port2089,Kirkcaldy,United Kingdom,GBR,,,,,NO_MEANINGFUL_NAME_TOKEN,,UNMAPPED,387,"No unique, country-compatible WPI candidate was found."
port209,Calumet Harbor,United States,USA,4790,Calumet Harbor,United States,LOC_WPI_4790,AUTO_MATCHED_EXACT,1.000000,AUTO_MATCHED,,
port2090,Burntisland,United Kingdom,GBR,32030,Burntisland,United Kingdom,LOC_WPI_32030,AUTO_MATCHED_EXACT,1.000000,AUTO_MATCHED,,
port2091,Methil,United Kingdom,GBR,32070,Methil,United Kingdom,LOC_WPI_32070,AUTO_MATCHED_EXACT,1.000000,AUTO_MATCHED,,
port2092,Romano,Albania,ALB,,,,,NO_SIMILAR_NAME,,UNMAPPED,388,"No unique, country-compatible WPI candidate was found."
port2093,Rosales,Argentina,ARG,,,,,NO_SIMILAR_NAME,,UNMAPPED,389,"No unique, country-compatible WPI candidate was found."
port2094,Punta Loyola,Argentina,ARG,,,,,NO_SIMILAR_NAME,,UNMAPPED,390,"No unique, country-compatible WPI candidate was found."
port2095,Del Guazu,Argentina,ARG,,,,,NO_SIMILAR_NAME,,UNMAPPED,391,"No unique, country-compatible WPI candidate was found."
port2096,Wyndham,Australia,AUS,54660,Wyndham,Australia,LOC_WPI_54660,AUTO_MATCHED_EXACT,1.000000,AUTO_MATCHED,,
port2097,South Riding Point,The Bahamas,BHS,9987,South Riding Point,The Bahamas,LOC_WPI_9987,AUTO_MATCHED_EXACT,1.000000,AUTO_MATCHED,,
port2098,Guamare,Brazil,BRA,,,,,NO_SIMILAR_NAME,,UNMAPPED,392,"No unique, country-compatible WPI candidate was found."
port2099,Itacoatiara,Brazil,BRA,12540,Itacoatiara,Brazil,LOC_WPI_12540,AUTO_MATCHED_EXACT,1.000000,AUTO_MATCHED,,
port21,Ras Lanuf (Al Burayqah),Libya,LBY,,,,,NO_SIMILAR_NAME,,UNMAPPED,393,"No unique, country-compatible WPI candidate was found."
port210,Campana,Argentina,ARG,13710,Campana,Argentina,LOC_WPI_13710,AUTO_MATCHED_EXACT,1.000000,AUTO_MATCHED,,
port2100,Limboh,Cameroon,CMR,,,,,NO_SIMILAR_NAME,,UNMAPPED,394,"No unique, country-compatible WPI candidate was found."
port2101,Point Tupper,Canada,CAN,,,,,NO_SIMILAR_NAME,,UNMAPPED,395,"No unique, country-compatible WPI candidate was found."
port2102,Lewisporte,Canada,CAN,1560,Lewisporte,Canada,LOC_WPI_1560,AUTO_MATCHED_EXACT,1.000000,AUTO_MATCHED,,
port2103,Gaspe,Canada,CAN,5510,Gaspe,Canada,LOC_WPI_5510,AUTO_MATCHED_EXACT,1.000000,AUTO_MATCHED,,
port2104,Charlottetown,Canada,CAN,5750,Charlottetown,Canada,LOC_WPI_5750,AUTO_MATCHED_EXACT,1.000000,AUTO_MATCHED,,
port2105,Holyrood,Canada,CAN,1655,Holyrood,Canada,LOC_WPI_1655,AUTO_MATCHED_EXACT,1.000000,AUTO_MATCHED,,
port2106,Talcahuano,Chile,CHL,14420,Talcahuano,Chile,LOC_WPI_14420,AUTO_MATCHED_EXACT,1.000000,AUTO_MATCHED,,
port2107,Guayacan,Chile,CHL,,,,,NO_SIMILAR_NAME,,UNMAPPED,396,"No unique, country-compatible WPI candidate was found."
port2108,Hadera,Israel,ISR,45084,Hadera,Israel,LOC_WPI_45084,AUTO_MATCHED_EXACT,1.000000,AUTO_MATCHED,,
port2109,Mokha,Yemen,YEM,,,,,NO_SIMILAR_NAME,,UNMAPPED,397,"No unique, country-compatible WPI candidate was found."
port211,Canaport (St. John),Canada,CAN,6545,Canaport (St. John),Canada,LOC_WPI_6545,AUTO_MATCHED_EXACT,1.000000,AUTO_MATCHED,,
port2110,Pulandian,China,CHN,,,,,NO_SIMILAR_NAME,,UNMAPPED,398,"No unique, country-compatible WPI candidate was found."
port2111,Qushan Island,China,CHN,,,,,NO_SIMILAR_NAME,,UNMAPPED,399,"No unique, country-compatible WPI candidate was found."
port2112,Zhuhai,China,CHN,57821,Zhuhai,China,LOC_WPI_57821,AUTO_MATCHED_EXACT,1.000000,AUTO_MATCHED,,
port2113,Gulei,China,CHN,,,,,NO_SIMILAR_NAME,,UNMAPPED,400,"No unique, country-compatible WPI candidate was found."
port2114,Guangao,China,CHN,,,,,NO_MEANINGFUL_NAME_TOKEN,,UNMAPPED,401,"No unique, country-compatible WPI candidate was found."
port2115,Luanjiakou,China,CHN,,,,,NO_SIMILAR_NAME,,UNMAPPED,402,"No unique, country-compatible WPI candidate was found."
port2116,Dafeng,China,CHN,,,,,NO_SIMILAR_NAME,,UNMAPPED,403,"No unique, country-compatible WPI candidate was found."
port2117,Lushun,China,CHN,60240,Lushun,China,LOC_WPI_60240,AUTO_MATCHED_EXACT,1.000000,AUTO_MATCHED,,
port2118,Luoyuan,China,CHN,,,,,NO_SIMILAR_NAME,,UNMAPPED,404,"No unique, country-compatible WPI candidate was found."
port2119,Tumaco,Colombia,COL,15360,Tumaco,Colombia,LOC_WPI_15360,AUTO_MATCHED_EXACT,1.000000,AUTO_MATCHED,,
port212,Canaveral Harbor,United States,USA,8595,Canaveral Harbor,United States,LOC_WPI_8595,AUTO_MATCHED_EXACT,1.000000,AUTO_MATCHED,,
port2120,Banana,Democratic Republic of the Congo,COD,46510,Banana,Congo (Kinshasa),LOC_WPI_46510,AUTO_MATCHED_COUNTRY_ALIAS,1.000000,AUTO_MATCHED,,Country labels were matched through an approved alias group.
port2121,Punta Morales,Costa Rica,CRI,,,,,NO_SIMILAR_NAME,,UNMAPPED,405,"No unique, country-compatible WPI candidate was found."
port2122,Zadar,Croatia,HRV,41220,Zadar,Croatia,LOC_WPI_41220,AUTO_MATCHED_EXACT,1.000000,AUTO_MATCHED,,
port2123,Pula,Croatia,HRV,40960,Pula,Croatia,LOC_WPI_40960,AUTO_MATCHED_EXACT,1.000000,AUTO_MATCHED,,
port2124,Dhekelia,Cyprus,CYP,44965,Dhekelia,Cyprus,LOC_WPI_44965,AUTO_MATCHED_EXACT,1.000000,AUTO_MATCHED,,
port2125,Stigsnaes,Denmark,DNK,,,,,NO_MEANINGFUL_NAME_TOKEN,,UNMAPPED,406,"No unique, country-compatible WPI candidate was found."
port2126,La Romana,Dominican Republic,DOM,11020,La Romana,Dominican Republic,LOC_WPI_11020,AUTO_MATCHED_EXACT,1.000000,AUTO_MATCHED,,
port2127,Barahona,Dominican Republic,DOM,,,,,NO_SIMILAR_NAME,,UNMAPPED,407,"No unique, country-compatible WPI candidate was found."
port2128,Puerto Viejo,Dominican Republic,DOM,11060,Puerto Viejo De Azua,Dominican Republic,LOC_WPI_11060,REVIEW_SIMILAR_NAME,0.750000,REVIEW_REQUIRED,408,Candidate is similar but below the automatic confidence threshold.
port2129,Sidi Kerir,Egypt,EGY,45172,Sidi Kerir (Kurayr),Egypt,LOC_WPI_45172,REVIEW_SIMILAR_NAME,0.740741,REVIEW_REQUIRED,409,Candidate is similar but below the automatic confidence threshold.
port213,Dung Quat,Vietnam,VNM,,,,,NO_SIMILAR_NAME,,UNMAPPED,410,"No unique, country-compatible WPI candidate was found."
port2130,Ras Gharib,Egypt,EGY,48020,Ras Gharib,Egypt,LOC_WPI_48020,AUTO_MATCHED_EXACT,1.000000,AUTO_MATCHED,,
port2131,Zeit Bay,Egypt,EGY,,,,,NO_SIMILAR_NAME,,UNMAPPED,411,"No unique, country-compatible WPI candidate was found."
port2132,Ras Shukheir,Egypt,EGY,48015,Ras Shukhier,Egypt,LOC_WPI_48015,AUTO_MATCHED_FUZZY,0.916667,AUTO_MATCHED,,
port2133,Sillamae,Estonia,EST,28425,Sillamae,Estonia,LOC_WPI_28425,AUTO_MATCHED_EXACT,1.000000,AUTO_MATCHED,,
port2134,Runavik,Faroe Islands,FRO,32702,Runavik,Faroe Islands,LOC_WPI_32702,AUTO_MATCHED_EXACT,1.000000,AUTO_MATCHED,,
port2135,Fuglafjordur,Faroe Islands,FRO,32740,Fuglafjordur,Faroe Islands,LOC_WPI_32740,AUTO_MATCHED_EXACT,1.000000,AUTO_MATCHED,,
port2136,Berre,France,FRA,,,,,NO_SIMILAR_NAME,,UNMAPPED,412,"No unique, country-compatible WPI candidate was found."
port2137,Antifer,France,FRA,,,,,NO_MEANINGFUL_NAME_TOKEN,,UNMAPPED,413,"No unique, country-compatible WPI candidate was found."
port2138,Gamba,Gabon,GAB,,,,,NO_SIMILAR_NAME,,UNMAPPED,414,"No unique, country-compatible WPI candidate was found."
port2139,Supsa,Georgia,GEO,,,,,NO_SIMILAR_NAME,,UNMAPPED,415,"No unique, country-compatible WPI candidate was found."
port214,Cap Haitien,Haiti,HTI,10930,Cap Haitien,Haiti,LOC_WPI_10930,AUTO_MATCHED_EXACT,1.000000,AUTO_MATCHED,,
port2140,Stade,Germany,DEU,,,,,NO_SIMILAR_NAME,,UNMAPPED,416,"No unique, country-compatible WPI candidate was found."
port2141,Pachi,Greece,GRC,,,,,NO_SIMILAR_NAME,,UNMAPPED,417,"No unique, country-compatible WPI candidate was found."
port2142,Lavrion,Greece,GRC,,,,,NO_MEANINGFUL_NAME_TOKEN,,UNMAPPED,418,"No unique, country-compatible WPI candidate was found."
port2143,Chalkis,Greece,GRC,,,,,NO_SIMILAR_NAME,,UNMAPPED,419,"No unique, country-compatible WPI candidate was found."
port2144,Kali Limenes,Greece,GRC,43165,Kali Limenes,Greece,LOC_WPI_43165,AUTO_MATCHED_EXACT,1.000000,AUTO_MATCHED,,
port2145,Atherinolakos,Greece,GRC,,,,,NO_SIMILAR_NAME,,UNMAPPED,420,"No unique, country-compatible WPI candidate was found."
port2146,Psakhna,Greece,GRC,,,,,NO_SIMILAR_NAME,,UNMAPPED,421,"No unique, country-compatible WPI candidate was found."
port2147,San Nicolas,Greece,GRC,13650,San Nicolas,Argentina,LOC_WPI_13650,REVIEW_NAME_COUNTRY_ALIAS,,REVIEW_REQUIRED,422,"Port name matches, but country labels are not in the approved alias groups."
port2148,Hvalfjordur,Iceland,ISL,,,,,NO_MEANINGFUL_NAME_TOKEN,,UNMAPPED,423,"No unique, country-compatible WPI candidate was found."
port2149,Helguvik,Iceland,ISL,72,Helguvik,Iceland,LOC_WPI_72,AUTO_MATCHED_EXACT,1.000000,AUTO_MATCHED,,
port215,Cape Town,South Africa,ZAF,46770,Cape Town,South Africa,LOC_WPI_46770,AUTO_MATCHED_EXACT,1.000000,AUTO_MATCHED,,
port2150,Vizhinjam,India,IND,,,,,NO_SIMILAR_NAME,,UNMAPPED,424,"No unique, country-compatible WPI candidate was found."
port2151,Karwar,India,IND,48990,Karwar,India,LOC_WPI_48990,AUTO_MATCHED_EXACT,1.000000,AUTO_MATCHED,,
port2152,Port Blair,India,IND,49720,Port Blair,India,LOC_WPI_49720,AUTO_MATCHED_EXACT,1.000000,AUTO_MATCHED,,
port2153,Karimun,Indonesia,IDN,,,,,NO_SIMILAR_NAME,,UNMAPPED,425,"No unique, country-compatible WPI candidate was found."
port2154,Muntok,Indonesia,IDN,50140,Muntok,Indonesia,LOC_WPI_50140,AUTO_MATCHED_EXACT,1.000000,AUTO_MATCHED,,
port2155,Sungai Pakning,Indonesia,IDN,,,,,NO_MEANINGFUL_NAME_TOKEN,,UNMAPPED,426,"No unique, country-compatible WPI candidate was found."
port2156,Padang,Indonesia,IDN,,,,,NO_MEANINGFUL_NAME_TOKEN,,UNMAPPED,427,"No unique, country-compatible WPI candidate was found."
port2157,Sabang,Indonesia,IDN,50610,Sabang,Indonesia,LOC_WPI_50610,AUTO_MATCHED_EXACT,1.000000,AUTO_MATCHED,,
port2158,Pulau Sambu,Indonesia,IDN,50060,Pulau Sambu,Indonesia,LOC_WPI_50060,AUTO_MATCHED_EXACT,1.000000,AUTO_MATCHED,,
port2159,Kuala Tanjung,Indonesia,IDN,50518,Kuala Tanjung,Indonesia,LOC_WPI_50518,AUTO_MATCHED_EXACT,1.000000,AUTO_MATCHED,,
port216,Caracasbaai,Curaçao,CUW,11800,Caracasbaai,Curacao,LOC_WPI_11800,AUTO_MATCHED_EXACT,1.000000,AUTO_MATCHED,,
port2160,Bula,Indonesia,IDN,52680,Bula,Indonesia,LOC_WPI_52680,AUTO_MATCHED_EXACT,1.000000,AUTO_MATCHED,,
port2161,Kijing,Indonesia,IDN,,,,,NO_MEANINGFUL_NAME_TOKEN,,UNMAPPED,428,"No unique, country-compatible WPI candidate was found."
port2162,Amurang,Indonesia,IDN,,,,,NO_SIMILAR_NAME,,UNMAPPED,429,"No unique, country-compatible WPI candidate was found."
port2163,Luwuk,Indonesia,IDN,52220,Luwuk,Indonesia,LOC_WPI_52220,AUTO_MATCHED_EXACT,1.000000,AUTO_MATCHED,,
port2164,Kharg Island,Iran,IRN,,,,,NO_SIMILAR_NAME,,UNMAPPED,430,"No unique, country-compatible WPI candidate was found."
port2165,Lavan,Iran,IRN,,,,,NO_SIMILAR_NAME,,UNMAPPED,431,"No unique, country-compatible WPI candidate was found."
port2166,Tarbert,Ireland,IRL,34150,Tarbert,Ireland,LOC_WPI_34150,AUTO_MATCHED_EXACT,1.000000,AUTO_MATCHED,,
port2167,Santa Panagia,Italy,ITA,40243,Santa Panagia,Italy,LOC_WPI_40243,AUTO_MATCHED_EXACT,1.000000,AUTO_MATCHED,,
port2168,Falconara,Italy,ITA,,,,,NO_SIMILAR_NAME,,UNMAPPED,432,"No unique, country-compatible WPI candidate was found."
port2169,Vasto,Italy,ITA,40615,Vasto,Italy,LOC_WPI_40615,AUTO_MATCHED_EXACT,1.000000,AUTO_MATCHED,,
port217,Cardiff,United Kingdom,GBR,35010,Cardiff,United Kingdom,LOC_WPI_35010,AUTO_MATCHED_EXACT,1.000000,AUTO_MATCHED,,
port2170,Gaeta,Italy,ITA,39860,Gaeta,Italy,LOC_WPI_39860,AUTO_MATCHED_EXACT,1.000000,AUTO_MATCHED,,
port2171,Torre Annunziata,Italy,ITA,39990,Torre Annunziata,Italy,LOC_WPI_39990,AUTO_MATCHED_EXACT,1.000000,AUTO_MATCHED,,
port2172,Port Kaiser,Jamaica,JAM,10775,Port Kaiser,Jamaica,LOC_WPI_10775,AUTO_MATCHED_EXACT,1.000000,AUTO_MATCHED,,
port2173,Henza Island,Japan,JPN,,,,,NO_SIMILAR_NAME,,UNMAPPED,433,"No unique, country-compatible WPI candidate was found."
port2174,Namikata,Japan,JPN,61664,Namikata,Japan,LOC_WPI_61664,AUTO_MATCHED_EXACT,1.000000,AUTO_MATCHED,,
port2175,Sasebo,Japan,JPN,62380,Sasebo,Japan,LOC_WPI_62380,AUTO_MATCHED_EXACT,1.000000,AUTO_MATCHED,,
port2176,Kanokawa,Japan,JPN,61655,Kanokawa Ko,Japan,LOC_WPI_61655,REVIEW_SIMILAR_NAME,0.842105,REVIEW_REQUIRED,434,Candidate is similar but below the automatic confidence threshold.
port2177,Nakagusukuwan,Japan,JPN,,,,,NO_MEANINGFUL_NAME_TOKEN,,UNMAPPED,435,"No unique, country-compatible WPI candidate was found."
port2178,Mutsure,Japan,JPN,,,,,NO_SIMILAR_NAME,,UNMAPPED,436,"No unique, country-compatible WPI candidate was found."
port2179,Chofu,Japan,JPN,,,,,NO_SIMILAR_NAME,,UNMAPPED,437,"No unique, country-compatible WPI candidate was found."
port218,Cartagena,Colombia,COL,11910,Cartagena,Colombia,LOC_WPI_11910,AUTO_MATCHED_EXACT,1.000000,AUTO_MATCHED,,
port2180,Kinwan,Japan,JPN,,,,,NO_MEANINGFUL_NAME_TOKEN,,UNMAPPED,438,"No unique, country-compatible WPI candidate was found."
port2181,Saiki,Japan,JPN,62175,Saiki Ko,Japan,LOC_WPI_62175,REVIEW_SIMILAR_NAME,0.769231,REVIEW_REQUIRED,439,Candidate is similar but below the automatic confidence threshold.
port2182,Owase,Japan,JPN,61515,Owase Ko,Japan,LOC_WPI_61515,REVIEW_SIMILAR_NAME,0.769231,REVIEW_REQUIRED,440,Candidate is similar but below the automatic confidence threshold.
port2183,Okpo (Geoje),Korea,KOR,,,,,NO_SIMILAR_NAME,,UNMAPPED,441,"No unique, country-compatible WPI candidate was found."
port2184,Mokpo,Korea,KOR,60340,Mokpo,South Korea,LOC_WPI_60340,AUTO_MATCHED_COUNTRY_ALIAS,1.000000,AUTO_MATCHED,,Country labels were matched through an approved alias group.
port2185,Jinhae,Korea,KOR,,,,,NO_SIMILAR_NAME,,UNMAPPED,442,"No unique, country-compatible WPI candidate was found."
port2186,Chekka,Lebanon,LBN,,,,,NO_SIMILAR_NAME,,UNMAPPED,443,"No unique, country-compatible WPI candidate was found."
port2187,Aamchit,Lebanon,LBN,,,,,NO_SIMILAR_NAME,,UNMAPPED,444,"No unique, country-compatible WPI candidate was found."
port2188,Derna,Libya,LBY,,,,,NO_MEANINGFUL_NAME_TOKEN,,UNMAPPED,445,"No unique, country-compatible WPI candidate was found."
port2189,Pengerang,Malaysia,MYS,,,,,NO_SIMILAR_NAME,,UNMAPPED,446,"No unique, country-compatible WPI candidate was found."
port219,Cartagena,Spain,ESP,38430,Cartagena,Spain,LOC_WPI_38430,AUTO_MATCHED_EXACT,1.000000,AUTO_MATCHED,,
port2190,Kimanis,Malaysia,MYS,,,,,NO_SIMILAR_NAME,,UNMAPPED,447,"No unique, country-compatible WPI candidate was found."
port2191,Kunak,Malaysia,MYS,,,,,NO_SIMILAR_NAME,,UNMAPPED,448,"No unique, country-compatible WPI candidate was found."
port2192,Tawau,Malaysia,MYS,,,,,NO_MEANINGFUL_NAME_TOKEN,,UNMAPPED,449,"No unique, country-compatible WPI candidate was found."
port2193,Bijela,Montenegro,MNE,,,,,NO_SIMILAR_NAME,,UNMAPPED,450,"No unique, country-compatible WPI candidate was found."
port2194,Tan Tan,Morocco,MAR,,,,,NO_SIMILAR_NAME,,UNMAPPED,451,"No unique, country-compatible WPI candidate was found."
port2195,Baie De Prony,New Caledonia,NCL,,,,,NO_SIMILAR_NAME,,UNMAPPED,452,"No unique, country-compatible WPI candidate was found."
port2196,Puerto Sandino,Nicaragua,NIC,15545,Puerto Sandino,Nicaragua,LOC_WPI_15545,AUTO_MATCHED_EXACT,1.000000,AUTO_MATCHED,,
port2197,Honningsvag,Norway,NOR,20800,Honningsvag,Norway,LOC_WPI_20800,AUTO_MATCHED_EXACT,1.000000,AUTO_MATCHED,,
port2198,Haugesund,Norway,NOR,23440,Haugesund,Norway,LOC_WPI_23440,AUTO_MATCHED_EXACT,1.000000,AUTO_MATCHED,,
port2199,Kirkenes,Norway,NOR,20650,Kirkenes,Norway,LOC_WPI_20650,AUTO_MATCHED_EXACT,1.000000,AUTO_MATCHED,,
port22,Al Hamriyah LPG Terminal,United Arab Emirates,ARE,48274,Al Hamriyah Lpg Terminal,United Arab Emirates,LOC_WPI_48274,AUTO_MATCHED_EXACT,1.000000,AUTO_MATCHED,,
port220,Casablanca,Morocco,MAR,45793,Casablanca,Morocco,LOC_WPI_45793,AUTO_MATCHED_EXACT,1.000000,AUTO_MATCHED,,
port2200,Taboguilla,Panama,PAN,,,,,NO_SIMILAR_NAME,,UNMAPPED,453,"No unique, country-compatible WPI candidate was found."
port2201,Bialla,Papua New Guinea,PNG,56840,Bialla,Papua New Guinea,LOC_WPI_56840,AUTO_MATCHED_EXACT,1.000000,AUTO_MATCHED,,
port2202,Pisco (General San Martin),Peru,PER,,,,,NO_SIMILAR_NAME,,UNMAPPED,454,"No unique, country-compatible WPI candidate was found."
port2203,La Pampilla,Peru,PER,,,,,NO_SIMILAR_NAME,,UNMAPPED,455,"No unique, country-compatible WPI candidate was found."
port2204,Eten,Peru,PER,,,,,NO_SIMILAR_NAME,,UNMAPPED,456,"No unique, country-compatible WPI candidate was found."
port2205,Mollendo,Peru,PER,,,,,NO_SIMILAR_NAME,,UNMAPPED,457,"No unique, country-compatible WPI candidate was found."
port2206,Supe,Peru,PER,,,,,NO_SIMILAR_NAME,,UNMAPPED,458,"No unique, country-compatible WPI candidate was found."
port2207,Isabel,Philippines,PHL,58795,Isabel,Philippines,LOC_WPI_58795,AUTO_MATCHED_EXACT,1.000000,AUTO_MATCHED,,
port2208,Amlan,Philippines,PHL,,,,,NO_SIMILAR_NAME,,UNMAPPED,459,"No unique, country-compatible WPI candidate was found."
port2209,Calaca,Philippines,PHL,,,,,NO_MEANINGFUL_NAME_TOKEN,,UNMAPPED,460,"No unique, country-compatible WPI candidate was found."
port221,Castries,St.  Lucia,LCA,11630,Castries,Saint Lucia,LOC_WPI_11630,AUTO_MATCHED_COUNTRY_ALIAS,1.000000,AUTO_MATCHED,,Country labels were matched through an approved alias group.
port2210,Balayan,Philippines,PHL,,,,,NO_MEANINGFUL_NAME_TOKEN,,UNMAPPED,461,"No unique, country-compatible WPI candidate was found."
port2211,Porto Santo,Portugal,PRT,,,,,NO_SIMILAR_NAME,,UNMAPPED,462,"No unique, country-compatible WPI candidate was found."
port2212,Ponce,Puerto Rico,PRI,,,,,NO_SIMILAR_NAME,,UNMAPPED,463,"No unique, country-compatible WPI candidate was found."
port2213,Mangalia,Romania,ROU,43550,Mangalia,Romania,LOC_WPI_43550,AUTO_MATCHED_EXACT,1.000000,AUTO_MATCHED,,
port2214,Slavyanka,Russian Federation,RUS,62535,Slavyanka,Russia,LOC_WPI_62535,AUTO_MATCHED_COUNTRY_ALIAS,1.000000,AUTO_MATCHED,,Country labels were matched through an approved alias group.
port2215,Sabetta,Russian Federation,RUS,,,,,NO_SIMILAR_NAME,,UNMAPPED,464,"No unique, country-compatible WPI candidate was found."
port2216,Petropavlovsk-Kamchatskiy,Russian Federation,RUS,,,,,NO_SIMILAR_NAME,,UNMAPPED,465,"No unique, country-compatible WPI candidate was found."
port2217,Ras Al Khafji,Saudi Arabia,SAU,48349,Ras Al Khafji,Saudi Arabia,LOC_WPI_48349,AUTO_MATCHED_EXACT,1.000000,AUTO_MATCHED,,
port2218,Shuqaiq,Saudi Arabia,SAU,,,,,NO_SIMILAR_NAME,,UNMAPPED,466,"No unique, country-compatible WPI candidate was found."
port2219,Salif,Yemen,YEM,48152,Salif,Yemen,LOC_WPI_48152,AUTO_MATCHED_EXACT,1.000000,AUTO_MATCHED,,
port222,Catania,Italy,ITA,40270,Catania,Italy,LOC_WPI_40270,AUTO_MATCHED_EXACT,1.000000,AUTO_MATCHED,,
port2220,Mossel Bay,South Africa,ZAF,46800,Mossel Bay,South Africa,LOC_WPI_46800,AUTO_MATCHED_EXACT,1.000000,AUTO_MATCHED,,
port2221,Rota,Spain,ESP,38280,Rota,Spain,LOC_WPI_38280,AUTO_MATCHED_EXACT,1.000000,AUTO_MATCHED,,
port2222,Mahon,Spain,ESP,38690,Mahon,Spain,LOC_WPI_38690,AUTO_MATCHED_EXACT,1.000000,AUTO_MATCHED,,
port2223,San Ciprian,Spain,ESP,37690,San Ciprian,Spain,LOC_WPI_37690,AUTO_MATCHED_EXACT,1.000000,AUTO_MATCHED,,
port2224,Galle,Sri Lanka,LKA,,,,,NO_SIMILAR_NAME,,UNMAPPED,467,"No unique, country-compatible WPI candidate was found."
port2225,Bashayer,Sudan,SDN,,,,,NO_SIMILAR_NAME,,UNMAPPED,468,"No unique, country-compatible WPI candidate was found."
port2226,Landskrona,Sweden,SWE,24180,Landskrona,Sweden,LOC_WPI_24180,AUTO_MATCHED_EXACT,1.000000,AUTO_MATCHED,,
port2227,Tartous,Syria,SYR,,,,,NO_MEANINGFUL_NAME_TOKEN,,UNMAPPED,469,"No unique, country-compatible WPI candidate was found."
port2228,Baniyas,Syria,SYR,45005,Baniyas,Syria,LOC_WPI_45005,AUTO_MATCHED_EXACT,1.000000,AUTO_MATCHED,,
port2229,Anping,Taiwan Province of China,TWN,,,,,NO_SIMILAR_NAME,,UNMAPPED,470,"No unique, country-compatible WPI candidate was found."
port223,Moa,Cuba,CUB,,,,,NO_SIMILAR_NAME,,UNMAPPED,471,"No unique, country-compatible WPI candidate was found."
port2230,Suao,Taiwan Province of China,TWN,,,,,NO_MEANINGFUL_NAME_TOKEN,,UNMAPPED,472,"No unique, country-compatible WPI candidate was found."
port2231,Tanga,Tanzania,TZA,47030,Tanga,Tanzania,LOC_WPI_47030,AUTO_MATCHED_EXACT,1.000000,AUTO_MATCHED,,
port2232,Mtwara,Tanzania,TZA,46975,Mtwara,Tanzania,LOC_WPI_46975,AUTO_MATCHED_EXACT,1.000000,AUTO_MATCHED,,
port2233,Canakkale,Türkiye,TUR,44690,Canakkale,Turkey,LOC_WPI_44690,AUTO_MATCHED_COUNTRY_ALIAS,1.000000,AUTO_MATCHED,,Country labels were matched through an approved alias group.
port2234,Feodosiya,Ukraine,UKR,43850,Feodosiya,Ukraine,LOC_WPI_43850,AUTO_MATCHED_EXACT,1.000000,AUTO_MATCHED,,
port2235,Zirku Island,United Arab Emirates,ARE,,,,,NO_SIMILAR_NAME,,UNMAPPED,473,"No unique, country-compatible WPI candidate was found."
port2236,Jebel Dhanna,United Arab Emirates,ARE,,,,,NO_SIMILAR_NAME,,UNMAPPED,474,"No unique, country-compatible WPI candidate was found."
port2237,Das Island,United Arab Emirates,ARE,,,,,NO_SIMILAR_NAME,,UNMAPPED,475,"No unique, country-compatible WPI candidate was found."
port2238,Hound Point,United Kingdom,GBR,31972,Hound Point Terminal,United Kingdom,LOC_WPI_31972,REVIEW_SIMILAR_NAME,0.709677,REVIEW_REQUIRED,476,Candidate is similar but below the automatic confidence threshold.
port2239,Flotta,United Kingdom,GBR,,,,,NO_SIMILAR_NAME,,UNMAPPED,477,"No unique, country-compatible WPI candidate was found."
port224,Cebu,Philippines,PHL,58960,Cebu,Philippines,LOC_WPI_58960,AUTO_MATCHED_EXACT,1.000000,AUTO_MATCHED,,
port2240,Douglas,United Kingdom,GBR,33610,Douglas,Isle of Man,LOC_WPI_33610,REVIEW_NAME_COUNTRY_ALIAS,,REVIEW_REQUIRED,478,"Port name matches, but country labels are not in the approved alias groups."
port2241,Cromarty,United Kingdom,GBR,32340,Cromarty,United Kingdom,LOC_WPI_32340,AUTO_MATCHED_EXACT,1.000000,AUTO_MATCHED,,
port2242,Macduff,United Kingdom,GBR,32250,Macduff,United Kingdom,LOC_WPI_32250,AUTO_MATCHED_EXACT,1.000000,AUTO_MATCHED,,
port2243,Loch Striven,United Kingdom,GBR,,,,,NO_SIMILAR_NAME,,UNMAPPED,479,"No unique, country-compatible WPI candidate was found."
port2244,Faslane,United Kingdom,GBR,33400,Faslane,United Kingdom,LOC_WPI_33400,AUTO_MATCHED_EXACT,1.000000,AUTO_MATCHED,,
port2245,Ras Isa Terminal,Yemen,YEM,48155,Ras Isa Marine Terminal,Yemen,LOC_WPI_48155,REVIEW_SIMILAR_NAME,0.820513,REVIEW_REQUIRED,480,Candidate is similar but below the automatic confidence threshold.
port2246,Campbeltown,United Kingdom,GBR,33300,Campbeltown,United Kingdom,LOC_WPI_33300,AUTO_MATCHED_EXACT,1.000000,AUTO_MATCHED,,
port2247,Delaware,United States,USA,,,,,NO_SIMILAR_NAME,,UNMAPPED,481,"No unique, country-compatible WPI candidate was found."
port2248,Rodeo,United States,USA,,,,,NO_SIMILAR_NAME,,UNMAPPED,482,"No unique, country-compatible WPI candidate was found."
port2249,Erie,United States,USA,3450,Erie,United States,LOC_WPI_3450,AUTO_MATCHED_EXACT,1.000000,AUTO_MATCHED,,
port225,Chaguaramas,Trinidad and Tobago,TTO,11710,Chaguaramas,Trinidad and Tobago,LOC_WPI_11710,AUTO_MATCHED_EXACT,1.000000,AUTO_MATCHED,,
port2250,Key West,United States,USA,8660,Key West,United States,LOC_WPI_8660,AUTO_MATCHED_EXACT,1.000000,AUTO_MATCHED,,
port2251,Nikiski,United States,USA,19795,Nikiski,United States,LOC_WPI_19795,AUTO_MATCHED_EXACT,1.000000,AUTO_MATCHED,,
port2252,Marcus Hook,United States,USA,8070,Marcus Hook,United States,LOC_WPI_8070,AUTO_MATCHED_EXACT,1.000000,AUTO_MATCHED,,
port2253,Kalama,United States,USA,16920,Kalama,United States,LOC_WPI_16920,AUTO_MATCHED_EXACT,1.000000,AUTO_MATCHED,,
port2254,Albany,United States,USA,7720,Albany,United States,LOC_WPI_7720,AUTO_MATCHED_EXACT,1.000000,AUTO_MATCHED,,
port2255,Manchester,United States,USA,34700,Manchester,United Kingdom,LOC_WPI_34700,REVIEW_NAME_COUNTRY_ALIAS,,REVIEW_REQUIRED,483,"Port name matches, but country labels are not in the approved alias groups."
port2256,Dutch Harbor,United States,USA,20120,Dutch Harbor,United States,LOC_WPI_20120,AUTO_MATCHED_EXACT,1.000000,AUTO_MATCHED,,
port2257,Punta Pereira,Uruguay,URY,,,,,NO_SIMILAR_NAME,,UNMAPPED,484,"No unique, country-compatible WPI candidate was found."
port2258,Nueva Palmira,Uruguay,URY,13150,Nueva Palmira,Uruguay,LOC_WPI_13150,AUTO_MATCHED_EXACT,1.000000,AUTO_MATCHED,,
port2259,Fray Bentos,Uruguay,URY,13160,Fray Bentos,Uruguay,LOC_WPI_13160,AUTO_MATCHED_EXACT,1.000000,AUTO_MATCHED,,
port226,Chabahar,Iran,IRN,,,,,NO_MEANINGFUL_NAME_TOKEN,,UNMAPPED,485,"No unique, country-compatible WPI candidate was found."
port2260,Catia La Mar,Venezuela,VEN,12145,Catia La Mar,Venezuela,LOC_WPI_12145,AUTO_MATCHED_EXACT,1.000000,AUTO_MATCHED,,
port2261,La Salina,Venezuela,VEN,12025,La Salina,Venezuela,LOC_WPI_12025,AUTO_MATCHED_EXACT,1.000000,AUTO_MATCHED,,
port2262,Van Phong,Vietnam,VNM,57680,Hai Phong,Vietnam,LOC_WPI_57680,REVIEW_SIMILAR_NAME,0.777778,REVIEW_REQUIRED,486,Candidate is similar but below the automatic confidence threshold.
port2263,Ash Shihr,Yemen,YEM,,,,,NO_SIMILAR_NAME,,UNMAPPED,487,"No unique, country-compatible WPI candidate was found."
port2264,Rudum Terminal,Yemen,YEM,48214,Rudum Terminal,Yemen,LOC_WPI_48214,AUTO_MATCHED_EXACT,1.000000,AUTO_MATCHED,,
port2265,Conneaut,United States,USA,3460,Conneaut,United States,LOC_WPI_3460,AUTO_MATCHED_EXACT,1.000000,AUTO_MATCHED,,
port2266,Fairless Hills,United States,USA,,,,,NO_SIMILAR_NAME,,UNMAPPED,488,"No unique, country-compatible WPI candidate was found."
port2267,Longview,United States,USA,16900,Longview,United States,LOC_WPI_16900,AUTO_MATCHED_EXACT,1.000000,AUTO_MATCHED,,
port2268,Ashtabula,United States,USA,3470,Ashtabula,United States,LOC_WPI_3470,AUTO_MATCHED_EXACT,1.000000,AUTO_MATCHED,,
port2269,Fairport,United States,USA,3480,Fairport,United States,LOC_WPI_3480,AUTO_MATCHED_EXACT,1.000000,AUTO_MATCHED,,
port227,Suzhou (Changshu),China,CHN,,,,,NO_SIMILAR_NAME,,UNMAPPED,489,"No unique, country-compatible WPI candidate was found."
port2270,Monroe,United States,USA,3570,Monroe,United States,LOC_WPI_3570,AUTO_MATCHED_EXACT,1.000000,AUTO_MATCHED,,
port2271,Garacad,Somalia,SOM,,,,,NO_SIMILAR_NAME,,UNMAPPED,490,"No unique, country-compatible WPI candidate was found."
port2272,Chancay,Peru,PER,14970,Chancay,Peru,LOC_WPI_14970,AUTO_MATCHED_EXACT,1.000000,AUTO_MATCHED,,
port2273,Fernandina,United States,USA,8560,Fernandina Beach,United States,LOC_WPI_8560,REVIEW_SIMILAR_NAME,0.769231,REVIEW_REQUIRED,491,Candidate is similar but below the automatic confidence threshold.
port2274,Madero,Mexico,MEX,,,,,NO_SIMILAR_NAME,,UNMAPPED,492,"No unique, country-compatible WPI candidate was found."
port2275,Deseado,Argentina,ARG,,,,,NO_SIMILAR_NAME,,UNMAPPED,493,"No unique, country-compatible WPI candidate was found."
port2276,San Antonio Este,Argentina,ARG,,,,,NO_SIMILAR_NAME,,UNMAPPED,494,"No unique, country-compatible WPI candidate was found."
port2277,Chacabuco,Chile,CHL,14197,Puerto Chacabuco,Chile,LOC_WPI_14197,REVIEW_SIMILAR_NAME,0.720000,REVIEW_REQUIRED,495,Candidate is similar but below the automatic confidence threshold.
port2278,San Andres,Colombia,COL,9768,San Andres Island,Colombia,LOC_WPI_9768,REVIEW_SIMILAR_NAME,0.740741,REVIEW_REQUIRED,496,Candidate is similar but below the automatic confidence threshold.
port2279,Cumarebo,Venezuela,VEN,,,,,NO_SIMILAR_NAME,,UNMAPPED,497,"No unique, country-compatible WPI candidate was found."
port228,Changzhou,China,CHN,59986,Changzhou,China,LOC_WPI_59986,AUTO_MATCHED_EXACT,1.000000,AUTO_MATCHED,,
port2280,Guaranao,Venezuela,VEN,,,,,NO_MEANINGFUL_NAME_TOKEN,,UNMAPPED,498,"No unique, country-compatible WPI candidate was found."
port2281,Guanta,Venezuela,VEN,12200,Guanta,Venezuela,LOC_WPI_12200,AUTO_MATCHED_EXACT,1.000000,AUTO_MATCHED,,
port2282,Uusikaupunki,Finland,FIN,27790,Uusikaupunki,Finland,LOC_WPI_27790,AUTO_MATCHED_EXACT,1.000000,AUTO_MATCHED,,
port2283,Moerdijk,The Netherlands,NLD,,,,,NO_SIMILAR_NAME,,UNMAPPED,499,"No unique, country-compatible WPI candidate was found."
port2284,Jeju,Korea,KOR,,,,,NO_SIMILAR_NAME,,UNMAPPED,500,"No unique, country-compatible WPI candidate was found."
port2285,Seogwipo,Korea,KOR,,,,,NO_SIMILAR_NAME,,UNMAPPED,501,"No unique, country-compatible WPI candidate was found."
port2286,Wando,Korea,KOR,,,,,NO_SIMILAR_NAME,,UNMAPPED,502,"No unique, country-compatible WPI candidate was found."
port2287,Zhongshan,China,CHN,,,,,NO_MEANINGFUL_NAME_TOKEN,,UNMAPPED,503,"No unique, country-compatible WPI candidate was found."
port2288,Ushuaia,Argentina,ARG,13980,Ushuaia,Argentina,LOC_WPI_13980,AUTO_MATCHED_EXACT,1.000000,AUTO_MATCHED,,
port2289,Abashiri,Japan,JPN,61120,Abashiri Ko,Japan,LOC_WPI_61120,REVIEW_SIMILAR_NAME,0.842105,REVIEW_REQUIRED,504,Candidate is similar but below the automatic confidence threshold.
port229,Chaozhou,China,CHN,57862,Chaozhou,China,LOC_WPI_57862,AUTO_MATCHED_EXACT,1.000000,AUTO_MATCHED,,
port2290,Aburatsu,Japan,JPN,,,,,NO_MEANINGFUL_NAME_TOKEN,,UNMAPPED,505,"No unique, country-compatible WPI candidate was found."
port2291,Al Hoceima,Morocco,MAR,45720,Port D Al Hoceima,Morocco,LOC_WPI_45720,REVIEW_SIMILAR_NAME,0.740741,REVIEW_REQUIRED,506,Candidate is similar but below the automatic confidence threshold.
port2292,Beppu,Japan,JPN,62150,Beppu,Japan,LOC_WPI_62150,AUTO_MATCHED_EXACT,1.000000,AUTO_MATCHED,,
port2293,Biak,Indonesia,IDN,,,,,NO_SIMILAR_NAME,,UNMAPPED,507,"No unique, country-compatible WPI candidate was found."
port2294,Bunati,Indonesia,IDN,,,,,NO_SIMILAR_NAME,,UNMAPPED,508,"No unique, country-compatible WPI candidate was found."
port2295,Cesme,Türkiye,TUR,,,,,NO_SIMILAR_NAME,,UNMAPPED,509,"No unique, country-compatible WPI candidate was found."
port2296,Fukue,Japan,JPN,,,,,NO_MEANINGFUL_NAME_TOKEN,,UNMAPPED,510,"No unique, country-compatible WPI candidate was found."
port2297,Funagawa,Japan,JPN,,,,,NO_MEANINGFUL_NAME_TOKEN,,UNMAPPED,511,"No unique, country-compatible WPI candidate was found."
port2298,Gonoura,Japan,JPN,,,,,NO_MEANINGFUL_NAME_TOKEN,,UNMAPPED,512,"No unique, country-compatible WPI candidate was found."
port2299,Gopalpur,India,IND,49500,Gopalpur,India,LOC_WPI_49500,AUTO_MATCHED_EXACT,1.000000,AUTO_MATCHED,,
port23,Alexandria,Egypt,EGY,8240,Alexandria,United States,LOC_WPI_8240,REVIEW_NAME_COUNTRY_ALIAS,,REVIEW_REQUIRED,513,"Port name matches, but country labels are not in the approved alias groups."
port230,Charco Azul,Panama,PAN,15427,Charco Azul,Panama,LOC_WPI_15427,AUTO_MATCHED_EXACT,1.000000,AUTO_MATCHED,,
port2300,PLTU Nagan Raya,Indonesia,IDN,,,,,NO_SIMILAR_NAME,,UNMAPPED,514,"No unique, country-compatible WPI candidate was found."
port2301,Hidaka,Japan,JPN,,,,,NO_SIMILAR_NAME,,UNMAPPED,515,"No unique, country-compatible WPI candidate was found."
port2302,Hirara,Japan,JPN,62510,Hirara Ko,Japan,LOC_WPI_62510,REVIEW_SIMILAR_NAME,0.800000,REVIEW_REQUIRED,516,Candidate is similar but below the automatic confidence threshold.
port2303,Imari,Japan,JPN,62400,Imari,Japan,LOC_WPI_62400,AUTO_MATCHED_EXACT,1.000000,AUTO_MATCHED,,
port2304,Ishigaki,Japan,JPN,62520,Ishigaki,Japan,LOC_WPI_62520,AUTO_MATCHED_EXACT,1.000000,AUTO_MATCHED,,
port2305,Izuhara,Japan,JPN,62440,Izuhara,Japan,LOC_WPI_62440,AUTO_MATCHED_EXACT,1.000000,AUTO_MATCHED,,
port2306,Jetty Coalindo,Indonesia,IDN,,,,,NO_SIMILAR_NAME,,UNMAPPED,517,"No unique, country-compatible WPI candidate was found."
port2307,Sakarya (Karasu),Türkiye,TUR,,,,,NO_SIMILAR_NAME,,UNMAPPED,518,"No unique, country-compatible WPI candidate was found."
port2308,Sendai,Japan,JPN,,,,,NO_SIMILAR_NAME,,UNMAPPED,519,"No unique, country-compatible WPI candidate was found."
port2309,Kenitra,Morocco,MAR,45785,Kenitra,Morocco,LOC_WPI_45785,AUTO_MATCHED_EXACT,1.000000,AUTO_MATCHED,,
port231,Charleston,United States,USA,8500,Charleston,United States,LOC_WPI_8500,AUTO_MATCHED_EXACT,1.000000,AUTO_MATCHED,,
port2310,Xishengxu,China,CHN,,,,,NO_SIMILAR_NAME,,UNMAPPED,520,"No unique, country-compatible WPI candidate was found."
port2311,Kuji,Japan,JPN,,,,,NO_SIMILAR_NAME,,UNMAPPED,521,"No unique, country-compatible WPI candidate was found."
port2312,Kumamoto,Japan,JPN,,,,,NO_SIMILAR_NAME,,UNMAPPED,522,"No unique, country-compatible WPI candidate was found."
port2313,La Libertad,El Salvador,SLV,15290,La Libertad,Ecuador,LOC_WPI_15290,REVIEW_NAME_COUNTRY_ALIAS,,REVIEW_REQUIRED,523,"Port name matches, but country labels are not in the approved alias groups."
port2314,Miike,Japan,JPN,62290,Miike Ko,Japan,LOC_WPI_62290,REVIEW_SIMILAR_NAME,0.769231,REVIEW_REQUIRED,524,Candidate is similar but below the automatic confidence threshold.
port2315,"Misumi, Kumamoto",Japan,JPN,62280,Misumi Ko,Japan,LOC_WPI_62280,REVIEW_SIMILAR_NAME,0.750000,REVIEW_REQUIRED,525,Candidate is similar but below the automatic confidence threshold.
port2316,"Misumi, Shimane",Japan,JPN,,,,,NO_MEANINGFUL_NAME_TOKEN,,UNMAPPED,526,"No unique, country-compatible WPI candidate was found."
port2317,Miyako,Japan,JPN,61290,Miyako,Japan,LOC_WPI_61290,AUTO_MATCHED_EXACT,1.000000,AUTO_MATCHED,,
port2318,Miyazaki,Japan,JPN,,,,,NO_MEANINGFUL_NAME_TOKEN,,UNMAPPED,527,"No unique, country-compatible WPI candidate was found."
port2319,Monbetsu,Japan,JPN,,,,,NO_MEANINGFUL_NAME_TOKEN,,UNMAPPED,528,"No unique, country-compatible WPI candidate was found."
port232,Charlestown,St.  Kitts and Nevis,KNA,11410,Charlestown,Saint Kitts and Nevis,LOC_WPI_11410,AUTO_MATCHED_COUNTRY_ALIAS,1.000000,AUTO_MATCHED,,Country labels were matched through an approved alias group.
port2320,Mutsu-Ogawara,Japan,JPN,,,,,NO_SIMILAR_NAME,,UNMAPPED,529,"No unique, country-compatible WPI candidate was found."
port2321,Nakatsu,Japan,JPN,,,,,NO_MEANINGFUL_NAME_TOKEN,,UNMAPPED,530,"No unique, country-compatible WPI candidate was found."
port2322,Naze,Japan,JPN,,,,,NO_SIMILAR_NAME,,UNMAPPED,531,"No unique, country-compatible WPI candidate was found."
port2323,Nemuro,Japan,JPN,61130,Nemuro Ko,Japan,LOC_WPI_61130,REVIEW_SIMILAR_NAME,0.800000,REVIEW_REQUIRED,532,Candidate is similar but below the automatic confidence threshold.
port2324,Nishinoomote,Japan,JPN,,,,,NO_SIMILAR_NAME,,UNMAPPED,533,"No unique, country-compatible WPI candidate was found."
port2325,North Abaco,The Bahamas,BHS,,,,,NO_SIMILAR_NAME,,UNMAPPED,534,"No unique, country-compatible WPI candidate was found."
port2326,Ogi,Japan,JPN,,,,,NO_SIMILAR_NAME,,UNMAPPED,535,"No unique, country-compatible WPI candidate was found."
port2327,Okayama,Japan,JPN,,,,,NO_MEANINGFUL_NAME_TOKEN,,UNMAPPED,536,"No unique, country-compatible WPI candidate was found."
port2328,Tuzla (Pendik),Türkiye,TUR,,,,,NO_SIMILAR_NAME,,UNMAPPED,537,"No unique, country-compatible WPI candidate was found."
port2329,Plaquemines,United States,USA,,,,,NO_SIMILAR_NAME,,UNMAPPED,538,"No unique, country-compatible WPI candidate was found."
port233,Charlotte,United States Virgin Islands,VIR,11310,Charlotte Amalie,U.S. Virgin Islands,LOC_WPI_11310,REVIEW_SIMILAR_NAME,0.720000,REVIEW_REQUIRED,539,Candidate is similar but below the automatic confidence threshold.
port2330,Port Rhoades,Jamaica,JAM,,,,,NO_SIMILAR_NAME,,UNMAPPED,540,"No unique, country-compatible WPI candidate was found."
port2331,Porto Sul,Brazil,BRA,,,,,NO_MEANINGFUL_NAME_TOKEN,,UNMAPPED,541,"No unique, country-compatible WPI candidate was found."
port2332,Rocky Point,Jamaica,JAM,10773,Rocky Point,Jamaica,LOC_WPI_10773,AUTO_MATCHED_EXACT,1.000000,AUTO_MATCHED,,
port2333,Rugao,China,CHN,,,,,NO_SIMILAR_NAME,,UNMAPPED,542,"No unique, country-compatible WPI candidate was found."
port2334,Ryotsu,Japan,JPN,,,,,NO_MEANINGFUL_NAME_TOKEN,,UNMAPPED,543,"No unique, country-compatible WPI candidate was found."
port2335,Safi Atlantique,Morocco,MAR,,,,,NO_SIMILAR_NAME,,UNMAPPED,544,"No unique, country-compatible WPI candidate was found."
port2336,Saigo,Japan,JPN,,,,,NO_SIMILAR_NAME,,UNMAPPED,545,"No unique, country-compatible WPI candidate was found."
port2337,Shimonoseki,Japan,JPN,61700,Shimonoseki,Japan,LOC_WPI_61700,AUTO_MATCHED_EXACT,1.000000,AUTO_MATCHED,,
port2338,Soma,Japan,JPN,61353,Soma,Japan,LOC_WPI_61353,AUTO_MATCHED_EXACT,1.000000,AUTO_MATCHED,,
port2339,Sukumowan,Japan,JPN,,,,,NO_SIMILAR_NAME,,UNMAPPED,546,"No unique, country-compatible WPI candidate was found."
port234,Chatham,United Kingdom,GBR,19480,Chatham,United States,LOC_WPI_19480,REVIEW_NAME_COUNTRY_ALIAS,,REVIEW_REQUIRED,547,"Port name matches, but country labels are not in the approved alias groups."
port2340,Taixing,China,CHN,,,,,NO_MEANINGFUL_NAME_TOKEN,,UNMAPPED,548,"No unique, country-compatible WPI candidate was found."
port2341,Tasucu,Türkiye,TUR,44850,Tasucu,Turkey,LOC_WPI_44850,AUTO_MATCHED_COUNTRY_ALIAS,1.000000,AUTO_MATCHED,,Country labels were matched through an approved alias group.
port2342,Tottori,Japan,JPN,,,,,NO_SIMILAR_NAME,,UNMAPPED,549,"No unique, country-compatible WPI candidate was found."
port2343,Toyo,Japan,JPN,,,,,NO_SIMILAR_NAME,,UNMAPPED,550,"No unique, country-compatible WPI candidate was found."
port2344,Tuna,India,IND,,,,,NO_SIMILAR_NAME,,UNMAPPED,551,"No unique, country-compatible WPI candidate was found."
port2345,Unten,Japan,JPN,,,,,NO_SIMILAR_NAME,,UNMAPPED,552,"No unique, country-compatible WPI candidate was found."
port2346,Wahana Jetty,Indonesia,IDN,,,,,NO_SIMILAR_NAME,,UNMAPPED,553,"No unique, country-compatible WPI candidate was found."
port2347,Wakkanai,Japan,JPN,61260,Wakkanai,Japan,LOC_WPI_61260,AUTO_MATCHED_EXACT,1.000000,AUTO_MATCHED,,
port2348,Xieqiao,China,CHN,,,,,NO_SIMILAR_NAME,,UNMAPPED,554,"No unique, country-compatible WPI candidate was found."
port2349,Yangzhou,China,CHN,59988,Yangzhou,China,LOC_WPI_59988,AUTO_MATCHED_EXACT,1.000000,AUTO_MATCHED,,
port235,Chennai (Madras),India,IND,49450,Chennai (Madras),India,LOC_WPI_49450,AUTO_MATCHED_EXACT,1.000000,AUTO_MATCHED,,
port2350,Yihua,China,CHN,,,,,NO_SIMILAR_NAME,,UNMAPPED,555,"No unique, country-compatible WPI candidate was found."
port2351,Zhenjiang,China,CHN,59995,Zhenjiang,China,LOC_WPI_59995,AUTO_MATCHED_EXACT,1.000000,AUTO_MATCHED,,
port2352,Zhenjiang New Area,China,CHN,,,,,NO_SIMILAR_NAME,,UNMAPPED,556,"No unique, country-compatible WPI candidate was found."
port2353,Areia Branca,Brazil,BRA,,,,,NO_SIMILAR_NAME,,UNMAPPED,557,"No unique, country-compatible WPI candidate was found."
port2354,Carinhoso,Brazil,BRA,,,,,NO_SIMILAR_NAME,,UNMAPPED,558,"No unique, country-compatible WPI candidate was found."
port2355,Coari,Brazil,BRA,,,,,NO_SIMILAR_NAME,,UNMAPPED,559,"No unique, country-compatible WPI candidate was found."
port2356,Concepcion del Uruguay,Argentina,ARG,13740,Concepcion Del Uruguay,Argentina,LOC_WPI_13740,AUTO_MATCHED_EXACT,1.000000,AUTO_MATCHED,,
port2357,Correa,Brazil,BRA,,,,,NO_SIMILAR_NAME,,UNMAPPED,560,"No unique, country-compatible WPI candidate was found."
port2358,Estaleiro Jurong,Brazil,BRA,,,,,NO_SIMILAR_NAME,,UNMAPPED,561,"No unique, country-compatible WPI candidate was found."
port2359,Itahum,Brazil,BRA,,,,,NO_SIMILAR_NAME,,UNMAPPED,562,"No unique, country-compatible WPI candidate was found."
port236,Cherry Point,United States,USA,18055,Cherry Point,United States,LOC_WPI_18055,AUTO_MATCHED_EXACT,1.000000,AUTO_MATCHED,,
port2360,Itaituba,Brazil,BRA,,,,,NO_MEANINGFUL_NAME_TOKEN,,UNMAPPED,563,"No unique, country-compatible WPI candidate was found."
port2361,Juruti,Brazil,BRA,,,,,NO_SIMILAR_NAME,,UNMAPPED,564,"No unique, country-compatible WPI candidate was found."
port2362,Munguba,Brazil,BRA,,,,,NO_SIMILAR_NAME,,UNMAPPED,565,"No unique, country-compatible WPI candidate was found."
port2363,Murtinho,Brazil,BRA,,,,,NO_SIMILAR_NAME,,UNMAPPED,566,"No unique, country-compatible WPI candidate was found."
port2364,Norte Capixaba,Brazil,BRA,,,,,NO_SIMILAR_NAME,,UNMAPPED,567,"No unique, country-compatible WPI candidate was found."
port2365,Osorio,Brazil,BRA,,,,,NO_SIMILAR_NAME,,UNMAPPED,568,"No unique, country-compatible WPI candidate was found."
port2366,Pelotas,Brazil,BRA,13070,Pelotas,Brazil,LOC_WPI_13070,AUTO_MATCHED_EXACT,1.000000,AUTO_MATCHED,,
port2367,Paracuru,Brazil,BRA,,,,,NO_SIMILAR_NAME,,UNMAPPED,569,"No unique, country-compatible WPI candidate was found."
port2368,Ponta Ubu,Brazil,BRA,,,,,NO_SIMILAR_NAME,,UNMAPPED,570,"No unique, country-compatible WPI candidate was found."
port2369,Porto Velho,Brazil,BRA,,,,,NO_MEANINGFUL_NAME_TOKEN,,UNMAPPED,571,"No unique, country-compatible WPI candidate was found."
port237,Chester,United States,USA,8080,Chester,United States,LOC_WPI_8080,AUTO_MATCHED_EXACT,1.000000,AUTO_MATCHED,,
port2370,Portuário Novo Remanso,Brazil,BRA,,,,,NO_SIMILAR_NAME,,UNMAPPED,572,"No unique, country-compatible WPI candidate was found."
port2371,Santana,Brazil,BRA,12485,Porto Santana,Brazil,LOC_WPI_12485,REVIEW_SIMILAR_NAME,0.700000,REVIEW_REQUIRED,573,Candidate is similar but below the automatic confidence threshold.
port2372,Santarem,Brazil,BRA,12510,Santarem,Brazil,LOC_WPI_12510,AUTO_MATCHED_EXACT,1.000000,AUTO_MATCHED,,
port2373,Trombetas,Brazil,BRA,,,,,NO_SIMILAR_NAME,,UNMAPPED,574,"No unique, country-compatible WPI candidate was found."
port2375,Boryeong LNG Terminal,Korea,KOR,,,,,NO_SIMILAR_NAME,,UNMAPPED,575,"No unique, country-compatible WPI candidate was found."
port2376,Chugoku Yanai LNG Terminal,Japan,JPN,,,,,NO_SIMILAR_NAME,,UNMAPPED,576,"No unique, country-compatible WPI candidate was found."
port2377,Costa Azul LNG Terminal,Mexico,MEX,,,,,NO_SIMILAR_NAME,,UNMAPPED,577,"No unique, country-compatible WPI candidate was found."
port2378,Dhabol LNG Terminal,India,IND,,,,,NO_SIMILAR_NAME,,UNMAPPED,578,"No unique, country-compatible WPI candidate was found."
port2379,Dominion Cove Point,United States,USA,,,,,NO_SIMILAR_NAME,,UNMAPPED,579,"No unique, country-compatible WPI candidate was found."
port238,Keelung,Taiwan Province of China,TWN,,,,,NO_SIMILAR_NAME,,UNMAPPED,580,"No unique, country-compatible WPI candidate was found."
port2380,Donggi Senoro LNG Terminal,Indonesia,IDN,,,,,NO_SIMILAR_NAME,,UNMAPPED,581,"No unique, country-compatible WPI candidate was found."
port2381,Dongguan LNG Terminal,China,CHN,,,,,NO_SIMILAR_NAME,,UNMAPPED,582,"No unique, country-compatible WPI candidate was found."
port2382,Escobar LNG Terminal,Argentina,ARG,,,,,NO_SIMILAR_NAME,,UNMAPPED,583,"No unique, country-compatible WPI candidate was found."
port2383,Guangdong Dapeng LNG Terminal,China,CHN,,,,,NO_SIMILAR_NAME,,UNMAPPED,584,"No unique, country-compatible WPI candidate was found."
port2384,Pagbilao LNG Terminal,Philippines,PHL,,,,,NO_SIMILAR_NAME,,UNMAPPED,585,"No unique, country-compatible WPI candidate was found."
port2385,Peru LNG Terminal,Peru,PER,,,,,NO_SIMILAR_NAME,,UNMAPPED,586,"No unique, country-compatible WPI candidate was found."
port2386,Revithoussa LNG Terminal,Greece,GRC,,,,,NO_SIMILAR_NAME,,UNMAPPED,587,"No unique, country-compatible WPI candidate was found."
port2387,Rudong Jiangsu LNG Terminal,China,CHN,,,,,NO_SIMILAR_NAME,,UNMAPPED,588,"No unique, country-compatible WPI candidate was found."
port2388,Sabine Pass,United States,USA,9060,Sabine Pass,United States,LOC_WPI_9060,AUTO_MATCHED_EXACT,1.000000,AUTO_MATCHED,,
port2389,Samalaju,Malaysia,MYS,,,,,NO_SIMILAR_NAME,,UNMAPPED,589,"No unique, country-compatible WPI candidate was found."
port239,Chiba,Japan,JPN,61375,Chiba Ko,Japan,LOC_WPI_61375,REVIEW_SIMILAR_NAME,0.769231,REVIEW_REQUIRED,590,Candidate is similar but below the automatic confidence threshold.
port2390,Samcheok LNG Terminal,Korea,KOR,,,,,NO_SIMILAR_NAME,,UNMAPPED,591,"No unique, country-compatible WPI candidate was found."
port2391,Tongyeong LNG Terminal,Korea,KOR,,,,,NO_SIMILAR_NAME,,UNMAPPED,592,"No unique, country-compatible WPI candidate was found."
port2392,Yemen LNG Terminal,Yemen,YEM,,,,,NO_SIMILAR_NAME,,UNMAPPED,593,"No unique, country-compatible WPI candidate was found."
port2393,Yuedong LNG Terminal,China,CHN,,,,,NO_SIMILAR_NAME,,UNMAPPED,594,"No unique, country-compatible WPI candidate was found."
port2394,Yung-An LNG Terminal,Taiwan Province of China,TWN,,,,,NO_SIMILAR_NAME,,UNMAPPED,595,"No unique, country-compatible WPI candidate was found."
port2395,Bacolod,Philippines,PHL,,,,,NO_SIMILAR_NAME,,UNMAPPED,596,"No unique, country-compatible WPI candidate was found."
port2396,Christiansted,United States Virgin Islands,VIR,11340,Christiansted,U.S. Virgin Islands,LOC_WPI_11340,AUTO_MATCHED_COUNTRY_ALIAS,1.000000,AUTO_MATCHED,,Country labels were matched through an approved alias group.
port2397,Egersund,Norway,NOR,23490,Egersund,Norway,LOC_WPI_23490,AUTO_MATCHED_EXACT,1.000000,AUTO_MATCHED,,
port2398,Fusa,Norway,NOR,,,,,NO_SIMILAR_NAME,,UNMAPPED,597,"No unique, country-compatible WPI candidate was found."
port2399,Futong,Indonesia,IDN,,,,,NO_SIMILAR_NAME,,UNMAPPED,598,"No unique, country-compatible WPI candidate was found."
port24,Jubail,Saudi Arabia,SAU,,,,,NO_SIMILAR_NAME,,UNMAPPED,599,"No unique, country-compatible WPI candidate was found."
port240,Chiriquí Grande,Panama,PAN,9825,Chiriqui Grande,Panama,LOC_WPI_9825,AUTO_MATCHED_EXACT,1.000000,AUTO_MATCHED,,
port2400,Greenock,United Kingdom,GBR,33390,Greenock,United Kingdom,LOC_WPI_33390,AUTO_MATCHED_EXACT,1.000000,AUTO_MATCHED,,
port2401,Guangzhou (Huangpu),China,CHN,,,,,NO_SIMILAR_NAME,,UNMAPPED,600,"No unique, country-compatible WPI candidate was found."
port2402,Kodiak,United States,USA,19820,Kodiak,United States,LOC_WPI_19820,AUTO_MATCHED_EXACT,1.000000,AUTO_MATCHED,,
port2403,Lekki,Nigeria,NGA,,,,,NO_SIMILAR_NAME,,UNMAPPED,601,"No unique, country-compatible WPI candidate was found."
port2404,Mar del Plata,Argentina,ARG,13780,Mar Del Plata,Argentina,LOC_WPI_13780,AUTO_MATCHED_EXACT,1.000000,AUTO_MATCHED,,
port2405,Nghi Son,Vietnam,VNM,,,,,NO_SIMILAR_NAME,,UNMAPPED,602,"No unique, country-compatible WPI candidate was found."
port2406,Pozzallo,Italy,ITA,40230,Pozzallo,Italy,LOC_WPI_40230,AUTO_MATCHED_EXACT,1.000000,AUTO_MATCHED,,
port2407,Turbo,Colombia,COL,11880,Turbo,Colombia,LOC_WPI_11880,AUTO_MATCHED_EXACT,1.000000,AUTO_MATCHED,,
port2408,Basse Terre,Guadeloupe,GLP,11460,Basse Terre,Guadeloupe,LOC_WPI_11460,AUTO_MATCHED_EXACT,1.000000,AUTO_MATCHED,,
port2409,Borkum,Germany,DEU,,,,,NO_SIMILAR_NAME,,UNMAPPED,603,"No unique, country-compatible WPI candidate was found."
port241,Chittagong,Bangladesh,BGD,49590,Chittagong,Bangladesh,LOC_WPI_49590,AUTO_MATCHED_EXACT,1.000000,AUTO_MATCHED,,
port2410,El Sauzal,Mexico,MEX,,,,,NO_SIMILAR_NAME,,UNMAPPED,604,"No unique, country-compatible WPI candidate was found."
port2411,Funchal,Portugal,PRT,38130,Funchal,Portugal,LOC_WPI_38130,AUTO_MATCHED_EXACT,1.000000,AUTO_MATCHED,,
port2412,Gonghyeonjin,Korea,KOR,,,,,NO_SIMILAR_NAME,,UNMAPPED,605,"No unique, country-compatible WPI candidate was found."
port2413,Gushan,China,CHN,,,,,NO_MEANINGFUL_NAME_TOKEN,,UNMAPPED,606,"No unique, country-compatible WPI candidate was found."
port2414,Haiyan,China,CHN,,,,,NO_SIMILAR_NAME,,UNMAPPED,607,"No unique, country-compatible WPI candidate was found."
port2415,Huangdun,China,CHN,,,,,NO_MEANINGFUL_NAME_TOKEN,,UNMAPPED,608,"No unique, country-compatible WPI candidate was found."
port2416,Iquitos,Peru,PER,12570,Iquitos,Peru,LOC_WPI_12570,AUTO_MATCHED_EXACT,1.000000,AUTO_MATCHED,,
port2417,King Island,Australia,AUS,,,,,NO_SIMILAR_NAME,,UNMAPPED,609,"No unique, country-compatible WPI candidate was found."
port2418,Kyrenia,Cyprus,CYP,44900,Kyrenia,Cyprus,LOC_WPI_44900,AUTO_MATCHED_EXACT,1.000000,AUTO_MATCHED,,
port2419,Morelos,Mexico,MEX,,,,,NO_SIMILAR_NAME,,UNMAPPED,610,"No unique, country-compatible WPI candidate was found."
port242,Chiwan,China,CHN,57818,Chiwan,China,LOC_WPI_57818,AUTO_MATCHED_EXACT,1.000000,AUTO_MATCHED,,
port2420,Santa Fe,Argentina,ARG,13560,Santa Fe,Argentina,LOC_WPI_13560,AUTO_MATCHED_EXACT,1.000000,AUTO_MATCHED,,
port2421,Taizhou (Damaiyu),China,CHN,,,,,NO_SIMILAR_NAME,,UNMAPPED,611,"No unique, country-compatible WPI candidate was found."
port2422,Taizhou (Jiantiao),China,CHN,,,,,NO_SIMILAR_NAME,,UNMAPPED,612,"No unique, country-compatible WPI candidate was found."
port2423,Taizhou (Wenling),China,CHN,,,,,NO_SIMILAR_NAME,,UNMAPPED,613,"No unique, country-compatible WPI candidate was found."
port2424,Toumen,China,CHN,,,,,NO_SIMILAR_NAME,,UNMAPPED,614,"No unique, country-compatible WPI candidate was found."
port2425,Wischhafen,Germany,DEU,,,,,NO_SIMILAR_NAME,,UNMAPPED,615,"No unique, country-compatible WPI candidate was found."
port2426,Yueqing,China,CHN,,,,,NO_SIMILAR_NAME,,UNMAPPED,616,"No unique, country-compatible WPI candidate was found."
port2427,Dapilon,Guinea,GIN,,,,,NO_SIMILAR_NAME,,UNMAPPED,617,"No unique, country-compatible WPI candidate was found."
port2428,Katougouma,Guinea,GIN,,,,,NO_SIMILAR_NAME,,UNMAPPED,618,"No unique, country-compatible WPI candidate was found."
port2429,Taressa,Guinea,GIN,,,,,NO_SIMILAR_NAME,,UNMAPPED,619,"No unique, country-compatible WPI candidate was found."
port2430,Alang,India,IND,,,,,NO_SIMILAR_NAME,,UNMAPPED,620,"No unique, country-compatible WPI candidate was found."
port2431,Anadyr,Russian Federation,RUS,,,,,NO_SIMILAR_NAME,,UNMAPPED,621,"No unique, country-compatible WPI candidate was found."
port2432,Awajikoryunotsubasa,Japan,JPN,,,,,NO_SIMILAR_NAME,,UNMAPPED,622,"No unique, country-compatible WPI candidate was found."
port2433,BOPEC terminal,"Bonaire,  Saint Eustatius and Saba",BES,,,,,NO_SIMILAR_NAME,,UNMAPPED,623,"No unique, country-compatible WPI candidate was found."
port2434,Blyth,United Kingdom,GBR,31820,Blyth,United Kingdom,LOC_WPI_31820,AUTO_MATCHED_EXACT,1.000000,AUTO_MATCHED,,
port2435,Bronka,Russian Federation,RUS,,,,,NO_SIMILAR_NAME,,UNMAPPED,624,"No unique, country-compatible WPI candidate was found."
port2436,Chemainus,Canada,CAN,,,,,NO_SIMILAR_NAME,,UNMAPPED,625,"No unique, country-compatible WPI candidate was found."
port2437,Corner Brook,Canada,CAN,1830,Corner Brook,Canada,LOC_WPI_1830,AUTO_MATCHED_EXACT,1.000000,AUTO_MATCHED,,
port2438,Crofton,Canada,CAN,18570,Crofton,Canada,LOC_WPI_18570,AUTO_MATCHED_EXACT,1.000000,AUTO_MATCHED,,
port2439,Egvekinot,Russian Federation,RUS,,,,,NO_SIMILAR_NAME,,UNMAPPED,626,"No unique, country-compatible WPI candidate was found."
port244,Cienfuegos,Cuba,CUB,10540,Cienfuegos,Cuba,LOC_WPI_10540,AUTO_MATCHED_EXACT,1.000000,AUTO_MATCHED,,
port2440,Fall River,United States,USA,7400,Fall River,United States,LOC_WPI_7400,AUTO_MATCHED_EXACT,1.000000,AUTO_MATCHED,,
port2441,Fecamp,France,FRA,35830,Fecamp,France,LOC_WPI_35830,AUTO_MATCHED_EXACT,1.000000,AUTO_MATCHED,,
port2442,Fort Bay,"Bonaire,  Saint Eustatius and Saba",BES,,,,,NO_SIMILAR_NAME,,UNMAPPED,627,"No unique, country-compatible WPI candidate was found."
port2443,Jiuzhou,China,CHN,,,,,NO_MEANINGFUL_NAME_TOKEN,,UNMAPPED,628,"No unique, country-compatible WPI candidate was found."
port2444,Kholmsk,Russian Federation,RUS,60940,Kholmsk,Russia,LOC_WPI_60940,AUTO_MATCHED_COUNTRY_ALIAS,1.000000,AUTO_MATCHED,,Country labels were matched through an approved alias group.
port2445,Kitimat,Canada,CAN,18925,Kitimat,Canada,LOC_WPI_18925,AUTO_MATCHED_EXACT,1.000000,AUTO_MATCHED,,
port2446,Kronshtadt,Russian Federation,RUS,28400,Kronshtadt,Russia,LOC_WPI_28400,AUTO_MATCHED_COUNTRY_ALIAS,1.000000,AUTO_MATCHED,,Country labels were matched through an approved alias group.
port2447,Kumai,Indonesia,IDN,51920,Kumai,Indonesia,LOC_WPI_51920,AUTO_MATCHED_EXACT,1.000000,AUTO_MATCHED,,
port2448,Le Verdon,France,FRA,37120,Le Verdon,France,LOC_WPI_37120,AUTO_MATCHED_EXACT,1.000000,AUTO_MATCHED,,
port2449,Lerwick,United Kingdom,GBR,32600,Lerwick,United Kingdom,LOC_WPI_32600,AUTO_MATCHED_EXACT,1.000000,AUTO_MATCHED,,
port245,Cilacap,Indonesia,IDN,51220,Cilacap,Indonesia,LOC_WPI_51220,AUTO_MATCHED_EXACT,1.000000,AUTO_MATCHED,,
port2450,Macapa,Brazil,BRA,,,,,NO_MEANINGFUL_NAME_TOKEN,,UNMAPPED,629,"No unique, country-compatible WPI candidate was found."
port2451,Magadan,Russian Federation,RUS,,,,,NO_SIMILAR_NAME,,UNMAPPED,630,"No unique, country-compatible WPI candidate was found."
port2452,Matane,Canada,CAN,1990,Matane,Canada,LOC_WPI_1990,AUTO_MATCHED_EXACT,1.000000,AUTO_MATCHED,,
port2453,Morebaya,Guinea,GIN,,,,,NO_SIMILAR_NAME,,UNMAPPED,631,"No unique, country-compatible WPI candidate was found."
port2454,Newhaven,United Kingdom,GBR,,,,,NO_SIMILAR_NAME,,UNMAPPED,632,"No unique, country-compatible WPI candidate was found."
port2455,Okgye,Korea,KOR,,,,,NO_SIMILAR_NAME,,UNMAPPED,633,"No unique, country-compatible WPI candidate was found."
port2456,Pensacola,United States,USA,8760,Pensacola,United States,LOC_WPI_8760,AUTO_MATCHED_EXACT,1.000000,AUTO_MATCHED,,
port2457,Pevek,Russian Federation,RUS,62680,Pevek,Russia,LOC_WPI_62680,AUTO_MATCHED_COUNTRY_ALIAS,1.000000,AUTO_MATCHED,,Country labels were matched through an approved alias group.
port2458,Port Mellon,Canada,CAN,18235,Port Mellon,Canada,LOC_WPI_18235,AUTO_MATCHED_EXACT,1.000000,AUTO_MATCHED,,
port2459,Port Vendres,France,FRA,38720,Port-Vendres,France,LOC_WPI_38720,AUTO_MATCHED_EXACT,1.000000,AUTO_MATCHED,,
port246,Cirebon,Indonesia,IDN,51010,Cirebon,Indonesia,LOC_WPI_51010,AUTO_MATCHED_EXACT,1.000000,AUTO_MATCHED,,
port2460,Provideniya,Russian Federation,RUS,62640,Provideniya,Russia,LOC_WPI_62640,AUTO_MATCHED_COUNTRY_ALIAS,1.000000,AUTO_MATCHED,,Country labels were matched through an approved alias group.
port2461,Pulau Bunyu,Indonesia,IDN,50060,Pulau Sambu,Indonesia,LOC_WPI_50060,REVIEW_SIMILAR_NAME,0.727273,REVIEW_REQUIRED,634,Candidate is similar but below the automatic confidence threshold.
port2462,Salem,United States,USA,7225,Salem,United States,LOC_WPI_7225,AUTO_MATCHED_EXACT,1.000000,AUTO_MATCHED,,
port2463,Santa Rosalia,Mexico,MEX,15870,Santa Rosalia,Mexico,LOC_WPI_15870,AUTO_MATCHED_EXACT,1.000000,AUTO_MATCHED,,
port2464,Saraylar,Türkiye,TUR,,,,,NO_SIMILAR_NAME,,UNMAPPED,635,"No unique, country-compatible WPI candidate was found."
port2465,Scrabster,United Kingdom,GBR,32780,Scrabster Harbor,United Kingdom,LOC_WPI_32780,REVIEW_SIMILAR_NAME,0.720000,REVIEW_REQUIRED,636,Candidate is similar but below the automatic confidence threshold.
port2466,Sebastopol,Ukraine,UKR,,,,,NO_MEANINGFUL_NAME_TOKEN,,UNMAPPED,637,"No unique, country-compatible WPI candidate was found."
port2467,Sochi,Russian Federation,RUS,44240,Sochi,Russia,LOC_WPI_44240,AUTO_MATCHED_COUNTRY_ALIAS,1.000000,AUTO_MATCHED,,Country labels were matched through an approved alias group.
port2468,Sorel,Canada,CAN,2220,Sorel,Canada,LOC_WPI_2220,AUTO_MATCHED_EXACT,1.000000,AUTO_MATCHED,,
port2469,Squamish,Canada,CAN,,,,,NO_SIMILAR_NAME,,UNMAPPED,638,"No unique, country-compatible WPI candidate was found."
port247,Civitavecchia,Italy,ITA,39810,Civitavecchia,Italy,LOC_WPI_39810,AUTO_MATCHED_EXACT,1.000000,AUTO_MATCHED,,
port2470,Swansea,United Kingdom,GBR,34950,Swansea,United Kingdom,LOC_WPI_34950,AUTO_MATCHED_EXACT,1.000000,AUTO_MATCHED,,
port2471,Termini Imerese,Italy,ITA,40120,Termini Imerese,Italy,LOC_WPI_40120,AUTO_MATCHED_EXACT,1.000000,AUTO_MATCHED,,
port2472,Ternate,Indonesia,IDN,52510,Ternate,Indonesia,LOC_WPI_52510,AUTO_MATCHED_EXACT,1.000000,AUTO_MATCHED,,
port2473,Toulon,France,FRA,38870,Toulon,France,LOC_WPI_38870,AUTO_MATCHED_EXACT,1.000000,AUTO_MATCHED,,
port2474,Tual,Indonesia,IDN,,,,,NO_SIMILAR_NAME,,UNMAPPED,639,"No unique, country-compatible WPI candidate was found."
port2475,Weitou,China,CHN,,,,,NO_SIMILAR_NAME,,UNMAPPED,640,"No unique, country-compatible WPI candidate was found."
port2476,Zarubino,Russian Federation,RUS,60582,Zarubino,Russia,LOC_WPI_60582,AUTO_MATCHED_COUNTRY_ALIAS,1.000000,AUTO_MATCHED,,Country labels were matched through an approved alias group.
port2477,Abadan,Iran,IRN,48430,Abadan,Iran,LOC_WPI_48430,AUTO_MATCHED_EXACT,1.000000,AUTO_MATCHED,,
port2478,Bahregan,Iran,IRN,,,,,NO_SIMILAR_NAME,,UNMAPPED,641,"No unique, country-compatible WPI candidate was found."
port2479,Basrah Oil Terminal,Iraq,IRQ,,,,,NO_MEANINGFUL_NAME_TOKEN,,UNMAPPED,642,"No unique, country-compatible WPI candidate was found."
port248,Clarkson,Canada,CAN,3015,Clarkson,Canada,LOC_WPI_3015,AUTO_MATCHED_EXACT,1.000000,AUTO_MATCHED,,
port2480,Calcasieu Pass LNG Terminal,United States,USA,,,,,NO_SIMILAR_NAME,,UNMAPPED,643,"No unique, country-compatible WPI candidate was found."
port2481,Chhara LNG Terminal,India,IND,,,,,NO_SIMILAR_NAME,,UNMAPPED,644,"No unique, country-compatible WPI candidate was found."
port2482,Egyptian LNG Terminal,Egypt,EGY,,,,,NO_MEANINGFUL_NAME_TOKEN,,UNMAPPED,645,"No unique, country-compatible WPI candidate was found."
port2483,Guangzhou Nansha LNG Terminal,China,CHN,,,,,NO_SIMILAR_NAME,,UNMAPPED,646,"No unique, country-compatible WPI candidate was found."
port2484,Gulf of Saros FSRU,Türkiye,TUR,,,,,NO_SIMILAR_NAME,,UNMAPPED,647,"No unique, country-compatible WPI candidate was found."
port2485,Huizhou LNG Terminal,China,CHN,,,,,NO_SIMILAR_NAME,,UNMAPPED,648,"No unique, country-compatible WPI candidate was found."
port2486,Jask,Iran,IRN,48540,Jask,Iran,LOC_WPI_48540,AUTO_MATCHED_EXACT,1.000000,AUTO_MATCHED,,
port2487,Kiyanly LNG Terminal,Turkmenistan,TKM,,,,,NO_SIMILAR_NAME,,UNMAPPED,649,"No unique, country-compatible WPI candidate was found."
port2488,Kollsnes LNG Terminal,Norway,NOR,,,,,NO_SIMILAR_NAME,,UNMAPPED,650,"No unique, country-compatible WPI candidate was found."
port2489,Krk,Croatia,HRV,,,,,NO_SIMILAR_NAME,,UNMAPPED,651,"No unique, country-compatible WPI candidate was found."
port249,Cleveland,United States,USA,3490,Cleveland,United States,LOC_WPI_3490,AUTO_MATCHED_EXACT,1.000000,AUTO_MATCHED,,
port2490,LNG Canada Terminal,Canada,CAN,,,,,NO_SIMILAR_NAME,,UNMAPPED,652,"No unique, country-compatible WPI candidate was found."
port2491,Liuheng LNG Terminal,China,CHN,,,,,NO_SIMILAR_NAME,,UNMAPPED,653,"No unique, country-compatible WPI candidate was found."
port2492,Lysekil LNG Terminal,Sweden,SWE,,,,,NO_SIMILAR_NAME,,UNMAPPED,654,"No unique, country-compatible WPI candidate was found."
port2493,Mina Al Zour,Kuwait,KWT,48356,Mina Az Zawr,Kuwait,LOC_WPI_48356,REVIEW_SIMILAR_NAME,0.750000,REVIEW_REQUIRED,655,Candidate is similar but below the automatic confidence threshold.
port2494,Mosjoen LNG Terminal,Norway,NOR,,,,,NO_SIMILAR_NAME,,UNMAPPED,656,"No unique, country-compatible WPI candidate was found."
port2495,Mowi LNG Terminal,United Kingdom,GBR,,,,,NO_SIMILAR_NAME,,UNMAPPED,657,"No unique, country-compatible WPI candidate was found."
port2496,Nagasaki LNG Terminal,Japan,JPN,,,,,NO_SIMILAR_NAME,,UNMAPPED,658,"No unique, country-compatible WPI candidate was found."
port2497,Nakagusuku LNG Terminal,Japan,JPN,,,,,NO_SIMILAR_NAME,,UNMAPPED,659,"No unique, country-compatible WPI candidate was found."
port2498,Paldiski FSRU,Estonia,EST,,,,,NO_SIMILAR_NAME,,UNMAPPED,660,"No unique, country-compatible WPI candidate was found."
port2499,Portovaya LNG Terminal,Russian Federation,RUS,,,,,NO_SIMILAR_NAME,,UNMAPPED,661,"No unique, country-compatible WPI candidate was found."
port25,Shuwaikh,Kuwait,KWT,,,,,NO_SIMILAR_NAME,,UNMAPPED,662,"No unique, country-compatible WPI candidate was found."
port2500,Qidong,China,CHN,,,,,NO_SIMILAR_NAME,,UNMAPPED,663,"No unique, country-compatible WPI candidate was found."
port2501,Snurrevarden,Norway,NOR,,,,,NO_SIMILAR_NAME,,UNMAPPED,664,"No unique, country-compatible WPI candidate was found."
port2502,Taoyuan LNG Terminal,Taiwan Province of China,TWN,,,,,NO_SIMILAR_NAME,,UNMAPPED,665,"No unique, country-compatible WPI candidate was found."
port2503,Utrenny LNG terminal,Russian Federation,RUS,,,,,NO_SIMILAR_NAME,,UNMAPPED,666,"No unique, country-compatible WPI candidate was found."
port2504,Wenzhou Huagang,China,CHN,,,,,NO_SIMILAR_NAME,,UNMAPPED,667,"No unique, country-compatible WPI candidate was found."
port2505,Wenzhou LNG Terminal,China,CHN,,,,,NO_SIMILAR_NAME,,UNMAPPED,668,"No unique, country-compatible WPI candidate was found."
port2506,Woodfibre LNG Terminal,Canada,CAN,,,,,NO_SIMILAR_NAME,,UNMAPPED,669,"No unique, country-compatible WPI candidate was found."
port2507,Yancheng,China,CHN,,,,,NO_MEANINGFUL_NAME_TOKEN,,UNMAPPED,670,"No unique, country-compatible WPI candidate was found."
port2508,Zhangzhou LNG Terminal,China,CHN,,,,,NO_SIMILAR_NAME,,UNMAPPED,671,"No unique, country-compatible WPI candidate was found."
port251,Clifton Pier,The Bahamas,BHS,9995,Clifton Pier,The Bahamas,LOC_WPI_9995,AUTO_MATCHED_EXACT,1.000000,AUTO_MATCHED,,
port252,Coatzacoalcos,Mexico,MEX,9405,Coatzacoalcos,Mexico,LOC_WPI_9405,AUTO_MATCHED_EXACT,1.000000,AUTO_MATCHED,,
port253,Coles Bay Oil Terminal,Sint Maarten,SXM,11372,Coles Bay Oil Terminal,Sint Maarten,LOC_WPI_11372,AUTO_MATCHED_EXACT,1.000000,AUTO_MATCHED,,
port254,Colombo,Sri Lanka,LKA,49240,Colombo,Sri Lanka,LOC_WPI_49240,AUTO_MATCHED_EXACT,1.000000,AUTO_MATCHED,,
port255,Yap,Micronesia,FSM,,,,,NO_SIMILAR_NAME,,UNMAPPED,672,"No unique, country-compatible WPI candidate was found."
port256,Whiffen Head,Canada,CAN,,,,,NO_SIMILAR_NAME,,UNMAPPED,673,"No unique, country-compatible WPI candidate was found."
port257,Comodoro Rivadavia,Argentina,ARG,13920,Comodoro Rivadavia,Argentina,LOC_WPI_13920,AUTO_MATCHED_EXACT,1.000000,AUTO_MATCHED,,
port258,Conakry,Guinea,GIN,45855,Conakry,Guinea,LOC_WPI_45855,AUTO_MATCHED_EXACT,1.000000,AUTO_MATCHED,,
port259,Conchan Oil Terminal,Peru,PER,14940,Conchan Oil Terminal,Peru,LOC_WPI_14940,AUTO_MATCHED_EXACT,1.000000,AUTO_MATCHED,,
port26,Latakia,Syria,SYR,,,,,NO_SIMILAR_NAME,,UNMAPPED,674,"No unique, country-compatible WPI candidate was found."
port260,Constantza,Romania,ROU,,,,,NO_MEANINGFUL_NAME_TOKEN,,UNMAPPED,675,"No unique, country-compatible WPI candidate was found."
port261,Corinto,Nicaragua,NIC,15550,Corinto,Nicaragua,LOC_WPI_15550,AUTO_MATCHED_EXACT,1.000000,AUTO_MATCHED,,
port262,Cork,Ireland,IRL,34360,Cork,Ireland,LOC_WPI_34360,AUTO_MATCHED_EXACT,1.000000,AUTO_MATCHED,,
port263,Coronel,Chile,CHL,14400,Coronel,Chile,LOC_WPI_14400,AUTO_MATCHED_EXACT,1.000000,AUTO_MATCHED,,
port264,Corpus Christi,United States,USA,9300,Corpus Christi,United States,LOC_WPI_9300,AUTO_MATCHED_EXACT,1.000000,AUTO_MATCHED,,
port265,Cotonou,Benin,BEN,46110,Cotonou,Benin,LOC_WPI_46110,AUTO_MATCHED_EXACT,1.000000,AUTO_MATCHED,,
port266,Covenas Offshore Term.,Colombia,COL,11901,Covenas Offshore Term.,Colombia,LOC_WPI_11901,AUTO_MATCHED_EXACT,1.000000,AUTO_MATCHED,,
port267,Ceuta,Spain,ESP,45730,Ceuta,Spain,LOC_WPI_45730,AUTO_MATCHED_EXACT,1.000000,AUTO_MATCHED,,
port268,Cuxhaven,Germany,DEU,30800,Cuxhaven,Germany,LOC_WPI_30800,AUTO_MATCHED_EXACT,1.000000,AUTO_MATCHED,,
port269,Da Nang,Vietnam,VNM,57650,Da Nang,Vietnam,LOC_WPI_57650,AUTO_MATCHED_EXACT,1.000000,AUTO_MATCHED,,
port27,Mukalla,Yemen,YEM,48210,Al Mukalla,Yemen,LOC_WPI_48210,REVIEW_SIMILAR_NAME,0.823529,REVIEW_REQUIRED,676,Candidate is similar but below the automatic confidence threshold.
port270,Daesan,Korea,KOR,,,,,NO_MEANINGFUL_NAME_TOKEN,,UNMAPPED,677,"No unique, country-compatible WPI candidate was found."
port271,Dahej,India,IND,48674,Dahej,India,LOC_WPI_48674,AUTO_MATCHED_EXACT,1.000000,AUTO_MATCHED,,
port272,Dakar,Senegal,SEN,45820,Dakar,Senegal,LOC_WPI_45820,AUTO_MATCHED_EXACT,1.000000,AUTO_MATCHED,,
port273,Dalian,China,CHN,60250,Dalian,China,LOC_WPI_60250,AUTO_MATCHED_EXACT,1.000000,AUTO_MATCHED,,
port274,Damietta,Egypt,EGY,45151,Damietta,Egypt,LOC_WPI_45151,AUTO_MATCHED_EXACT,1.000000,AUTO_MATCHED,,
port275,Dammam,Saudi Arabia,SAU,48335,Dammam,Saudi Arabia,LOC_WPI_48335,AUTO_MATCHED_EXACT,1.000000,AUTO_MATCHED,,
port276,Dampier,Australia,AUS,54605,Dampier,Australia,LOC_WPI_54605,AUTO_MATCHED_EXACT,1.000000,AUTO_MATCHED,,
port277,Dandong,China,CHN,60233,Dandong,China,LOC_WPI_60233,AUTO_MATCHED_EXACT,1.000000,AUTO_MATCHED,,
port278,Dar Es Salaam,Tanzania,TZA,47010,Dar Es Salaam,Tanzania,LOC_WPI_47010,AUTO_MATCHED_EXACT,1.000000,AUTO_MATCHED,,
port279,Daru,Papua New Guinea,PNG,53150,Daru,Papua New Guinea,LOC_WPI_53150,AUTO_MATCHED_EXACT,1.000000,AUTO_MATCHED,,
port28,Albany,Australia,AUS,54470,Albany,Australia,LOC_WPI_54470,AUTO_MATCHED_EXACT,1.000000,AUTO_MATCHED,,
port280,Darwin,Australia,AUS,54670,Darwin,Australia,LOC_WPI_54670,AUTO_MATCHED_EXACT,1.000000,AUTO_MATCHED,,
port281,Davao,Philippines,PHL,59430,Davao,Philippines,LOC_WPI_59430,AUTO_MATCHED_EXACT,1.000000,AUTO_MATCHED,,
port282,Davisville Depot,United States,USA,7440,Davisville Depot,United States,LOC_WPI_7440,AUTO_MATCHED_EXACT,1.000000,AUTO_MATCHED,,
port283,De Kastri,Russian Federation,RUS,60810,De Kastri,Russia,LOC_WPI_60810,AUTO_MATCHED_COUNTRY_ALIAS,1.000000,AUTO_MATCHED,,Country labels were matched through an approved alias group.
port284,Degrad Des Cannes,French Guiana,GUF,12455,Degrad Des Cannes,French Guiana,LOC_WPI_12455,AUTO_MATCHED_EXACT,1.000000,AUTO_MATCHED,,
port285,Delfzijl,The Netherlands,NLD,30990,Delfzijl,Netherlands,LOC_WPI_30990,AUTO_MATCHED_COUNTRY_ALIAS,1.000000,AUTO_MATCHED,,Country labels were matched through an approved alias group.
port286,Delta Terminal,Türkiye,TUR,44804,Delta Terminal,Turkey,LOC_WPI_44804,AUTO_MATCHED_COUNTRY_ALIAS,1.000000,AUTO_MATCHED,,Country labels were matched through an approved alias group.
port287,Derince (Izmit-Kocaeli),Türkiye,TUR,,,,,NO_SIMILAR_NAME,,UNMAPPED,678,"No unique, country-compatible WPI candidate was found."
port288,Devonport,Australia,AUS,54920,Devonport,Australia,LOC_WPI_54920,AUTO_MATCHED_EXACT,1.000000,AUTO_MATCHED,,
port289,Dhaka,Bangladesh,BGD,,,,,NO_SIMILAR_NAME,,UNMAPPED,679,"No unique, country-compatible WPI candidate was found."
port29,Aalborg,Denmark,DNK,,,,,NO_MEANINGFUL_NAME_TOKEN,,UNMAPPED,680,"No unique, country-compatible WPI candidate was found."
port290,Dhamra Port,India,IND,,,,,NO_MEANINGFUL_NAME_TOKEN,,UNMAPPED,681,"No unique, country-compatible WPI candidate was found."
port291,Vassiliko,Cyprus,CYP,,,,,NO_SIMILAR_NAME,,UNMAPPED,682,"No unique, country-compatible WPI candidate was found."
port292,Dili,Timor-Leste,TLS,51440,Dili,Timor-Leste,LOC_WPI_51440,AUTO_MATCHED_EXACT,1.000000,AUTO_MATCHED,,
port293,Djen Djen,Algeria,DZA,45525,Djen-Djen,Algeria,LOC_WPI_45525,AUTO_MATCHED_EXACT,1.000000,AUTO_MATCHED,,
port294,Djibouti,Djibouti,DJI,47850,Djibouti,Djibouti,LOC_WPI_47850,AUTO_MATCHED_EXACT,1.000000,AUTO_MATCHED,,
port295,Djúpivogur,Iceland,ISL,465,Djupivogur,Iceland,LOC_WPI_465,AUTO_MATCHED_EXACT,1.000000,AUTO_MATCHED,,
port296,Djupviken,Norway,NOR,23058,Djupviken,Norway,LOC_WPI_23058,AUTO_MATCHED_EXACT,1.000000,AUTO_MATCHED,,
port297,Donggala,Indonesia,IDN,52350,Donggala,Indonesia,LOC_WPI_52350,AUTO_MATCHED_EXACT,1.000000,AUTO_MATCHED,,
port298,Dos Bocas Terminal,Mexico,MEX,9425,Dos Bocas Terminal,Mexico,LOC_WPI_9425,AUTO_MATCHED_EXACT,1.000000,AUTO_MATCHED,,
port299,Douala,Cameroon,CMR,46280,Douala,Cameroon,LOC_WPI_46280,AUTO_MATCHED_EXACT,1.000000,AUTO_MATCHED,,
port3,Aberdeen,United Kingdom,GBR,32220,Aberdeen,United Kingdom,LOC_WPI_32220,AUTO_MATCHED_EXACT,1.000000,AUTO_MATCHED,,
port30,Ålesund,Norway,NOR,23120,Alesund,Norway,LOC_WPI_23120,AUTO_MATCHED_EXACT,1.000000,AUTO_MATCHED,,
port301,Dover,United Kingdom,GBR,54830,Dover,Australia,LOC_WPI_54830,REVIEW_NAME_COUNTRY_ALIAS,,REVIEW_REQUIRED,683,"Port name matches, but country labels are not in the approved alias groups."
port302,Drammen,Norway,NOR,23780,Drammen,Norway,LOC_WPI_23780,AUTO_MATCHED_EXACT,1.000000,AUTO_MATCHED,,
port303,Drogheda,Ireland,IRL,34025,Drogheda,Ireland,LOC_WPI_34025,AUTO_MATCHED_EXACT,1.000000,AUTO_MATCHED,,
port304,Duba (Port of Neom),Saudi Arabia,SAU,,,,,NO_SIMILAR_NAME,,UNMAPPED,684,"No unique, country-compatible WPI candidate was found."
port305,Duba Bulk Plant Tanker Terminal,Saudi Arabia,SAU,48108,Duba Bulk Plant Tanker Terminal,Saudi Arabia,LOC_WPI_48108,AUTO_MATCHED_EXACT,1.000000,AUTO_MATCHED,,
port306,Dubai,United Arab Emirates,ARE,,,,,NO_MEANINGFUL_NAME_TOKEN,,UNMAPPED,685,"No unique, country-compatible WPI candidate was found."
port307,Dublin,Ireland,IRL,34480,Dublin,Ireland,LOC_WPI_34480,AUTO_MATCHED_EXACT,1.000000,AUTO_MATCHED,,
port308,Dudinka,Russian Federation,RUS,62720,Dudinka,Russia,LOC_WPI_62720,AUTO_MATCHED_COUNTRY_ALIAS,1.000000,AUTO_MATCHED,,Country labels were matched through an approved alias group.
port309,Dumai,Indonesia,IDN,50785,Dumai,Indonesia,LOC_WPI_50785,AUTO_MATCHED_EXACT,1.000000,AUTO_MATCHED,,
port31,Algeciras,Spain,ESP,38310,Algeciras,Spain,LOC_WPI_38310,AUTO_MATCHED_EXACT,1.000000,AUTO_MATCHED,,
port310,Dunkirk,France,FRA,3440,Dunkirk,United States,LOC_WPI_3440,REVIEW_NAME_COUNTRY_ALIAS,,REVIEW_REQUIRED,686,"Port name matches, but country labels are not in the approved alias groups."
port311,Durban,South Africa,ZAF,46850,Durban,South Africa,LOC_WPI_46850,AUTO_MATCHED_EXACT,1.000000,AUTO_MATCHED,,
port312,Durres,Albania,ALB,41670,Durres,Albania,LOC_WPI_41670,AUTO_MATCHED_EXACT,1.000000,AUTO_MATCHED,,
port314,EL Segundo,United States,USA,16110,El Segundo,United States,LOC_WPI_16110,AUTO_MATCHED_EXACT,1.000000,AUTO_MATCHED,,
port315,East London,South Africa,ZAF,46830,East London,South Africa,LOC_WPI_46830,AUTO_MATCHED_EXACT,1.000000,AUTO_MATCHED,,
port316,Eemshaven,The Netherlands,NLD,30985,Eemshaven,Netherlands,LOC_WPI_30985,AUTO_MATCHED_COUNTRY_ALIAS,1.000000,AUTO_MATCHED,,Country labels were matched through an approved alias group.
port317,El Grao,Spain,ESP,38500,El Grao,Spain,LOC_WPI_38500,AUTO_MATCHED_EXACT,1.000000,AUTO_MATCHED,,
port318,El Guamache,Venezuela,VEN,12230,El Guamache,Venezuela,LOC_WPI_12230,AUTO_MATCHED_EXACT,1.000000,AUTO_MATCHED,,
port319,Jorf Lasfar,Morocco,MAR,45796,El Jorf Lasfar,Morocco,LOC_WPI_45796,AUTO_MATCHED_FUZZY,0.880000,AUTO_MATCHED,,
port32,Alger,Algeria,DZA,45570,Alger,Algeria,LOC_WPI_45570,AUTO_MATCHED_EXACT,1.000000,AUTO_MATCHED,,
port320,El Palito,Venezuela,VEN,12115,El Palito,Venezuela,LOC_WPI_12115,AUTO_MATCHED_EXACT,1.000000,AUTO_MATCHED,,
port321,Al Adabiyah,Egypt,EGY,,,,,NO_MEANINGFUL_NAME_TOKEN,,UNMAPPED,687,"No unique, country-compatible WPI candidate was found."
port322,Eleusis,Greece,GRC,,,,,NO_SIMILAR_NAME,,UNMAPPED,688,"No unique, country-compatible WPI candidate was found."
port323,Emden,Germany,DEU,30950,Emden,Germany,LOC_WPI_30950,AUTO_MATCHED_EXACT,1.000000,AUTO_MATCHED,,
port324,Empire,United States,USA,16740,Empire,United States,LOC_WPI_16740,AUTO_MATCHED_EXACT,1.000000,AUTO_MATCHED,,
port325,Ende,Indonesia,IDN,51340,Ende,Indonesia,LOC_WPI_51340,AUTO_MATCHED_EXACT,1.000000,AUTO_MATCHED,,
port326,Ensenada,Mexico,MEX,15990,Ensenada,Mexico,LOC_WPI_15990,AUTO_MATCHED_EXACT,1.000000,AUTO_MATCHED,,
port327,Eregli,Türkiye,TUR,44500,Eregli,Turkey,LOC_WPI_44500,AUTO_MATCHED_COUNTRY_ALIAS,1.000000,AUTO_MATCHED,,Country labels were matched through an approved alias group.
port328,Esbjerg,Denmark,DNK,30640,Esbjerg,Denmark,LOC_WPI_30640,AUTO_MATCHED_EXACT,1.000000,AUTO_MATCHED,,
port329,Eskifjordhur,Iceland,ISL,430,Eskifjordhur,Iceland,LOC_WPI_430,AUTO_MATCHED_EXACT,1.000000,AUTO_MATCHED,,
port33,Aliaga,Türkiye,TUR,43334,Aliaga,Turkey,LOC_WPI_43334,AUTO_MATCHED_COUNTRY_ALIAS,1.000000,AUTO_MATCHED,,Country labels were matched through an approved alias group.
port330,Esmeraldas,Ecuador,ECU,15330,Esmeraldas,Ecuador,LOC_WPI_15330,AUTO_MATCHED_EXACT,1.000000,AUTO_MATCHED,,
port331,Esperance,Australia,AUS,54450,Esperance,Australia,LOC_WPI_54450,AUTO_MATCHED_EXACT,1.000000,AUTO_MATCHED,,
port332,Gibraltar,Gibraltar,GIB,,,,,NO_SIMILAR_NAME,,UNMAPPED,689,"No unique, country-compatible WPI candidate was found."
port333,Everett (US-WA),United States,USA,17790,Everett,United States,LOC_WPI_17790,REVIEW_SIMILAR_NAME,0.700000,REVIEW_REQUIRED,690,Candidate is similar but below the automatic confidence threshold.
port334,Ez Zueitina,Libya,LBY,45290,Ez Zueitina,Libya,LOC_WPI_45290,AUTO_MATCHED_EXACT,1.000000,AUTO_MATCHED,,
port335,Falkenberg,Sweden,SWE,24040,Falkenberg,Sweden,LOC_WPI_24040,AUTO_MATCHED_EXACT,1.000000,AUTO_MATCHED,,
port336,Falmouth,Jamaica,JAM,10620,Falmouth,Jamaica,LOC_WPI_10620,AUTO_MATCHED_EXACT,1.000000,AUTO_MATCHED,,
port337,Falmouth Harbour,United Kingdom,GBR,35290,Falmouth Harbour,United Kingdom,LOC_WPI_35290,AUTO_MATCHED_EXACT,1.000000,AUTO_MATCHED,,
port338,Famagusta,Cyprus,CYP,44970,Famagusta,Cyprus,LOC_WPI_44970,AUTO_MATCHED_EXACT,1.000000,AUTO_MATCHED,,
port339,Fangcheng,China,CHN,,,,,NO_MEANINGFUL_NAME_TOKEN,,UNMAPPED,691,"No unique, country-compatible WPI candidate was found."
port34,Alicante,Spain,ESP,38440,Alicante,Spain,LOC_WPI_38440,AUTO_MATCHED_EXACT,1.000000,AUTO_MATCHED,,
port340,Ehoala,Madagascar,MDG,,,,,NO_SIMILAR_NAME,,UNMAPPED,692,"No unique, country-compatible WPI candidate was found."
port342,Fawley,United Kingdom,GBR,,,,,NO_SIMILAR_NAME,,UNMAPPED,693,"No unique, country-compatible WPI candidate was found."
port343,Felixstowe,United Kingdom,GBR,31560,Felixstowe,United Kingdom,LOC_WPI_31560,AUTO_MATCHED_EXACT,1.000000,AUTO_MATCHED,,
port344,Ferrol,Spain,ESP,37740,Ferrol,Spain,LOC_WPI_37740,AUTO_MATCHED_EXACT,1.000000,AUTO_MATCHED,,
port345,Figueira Da Foz,Portugal,PRT,37980,Figueira Da Foz,Portugal,LOC_WPI_37980,AUTO_MATCHED_EXACT,1.000000,AUTO_MATCHED,,
port346,Finnart Oil Terminal,United Kingdom,GBR,33405,Finnart Oil Terminal,United Kingdom,LOC_WPI_33405,AUTO_MATCHED_EXACT,1.000000,AUTO_MATCHED,,
port347,Finnsnes,Norway,NOR,21490,Finnsnes,Norway,LOC_WPI_21490,AUTO_MATCHED_EXACT,1.000000,AUTO_MATCHED,,
port348,Flekkefjord,Norway,NOR,,,,,NO_MEANINGFUL_NAME_TOKEN,,UNMAPPED,694,"No unique, country-compatible WPI candidate was found."
port349,Florø,Norway,NOR,,,,,NO_MEANINGFUL_NAME_TOKEN,,UNMAPPED,695,"No unique, country-compatible WPI candidate was found."
port35,Almeria,Spain,ESP,38390,Almeria,Spain,LOC_WPI_38390,AUTO_MATCHED_EXACT,1.000000,AUTO_MATCHED,,
port350,Fort De France,Martinique,MTQ,11550,Fort De France,Martinique,LOC_WPI_11550,AUTO_MATCHED_EXACT,1.000000,AUTO_MATCHED,,
port351,Fos,France,FRA,38775,Fos,France,LOC_WPI_38775,AUTO_MATCHED_EXACT,1.000000,AUTO_MATCHED,,
port352,Fourchon,United States,USA,,,,,NO_SIMILAR_NAME,,UNMAPPED,696,"No unique, country-compatible WPI candidate was found."
port353,Foynes,Ireland,IRL,34130,Foynes,Ireland,LOC_WPI_34130,AUTO_MATCHED_EXACT,1.000000,AUTO_MATCHED,,
port354,Fredericia,Denmark,DNK,30170,Fredericia,Denmark,LOC_WPI_30170,AUTO_MATCHED_EXACT,1.000000,AUTO_MATCHED,,
port355,Frederikshavn,Denmark,DNK,30430,Frederikshavn,Denmark,LOC_WPI_30430,AUTO_MATCHED_EXACT,1.000000,AUTO_MATCHED,,
port356,Fredrikstad,Norway,NOR,23840,Fredrikstad,Norway,LOC_WPI_23840,AUTO_MATCHED_EXACT,1.000000,AUTO_MATCHED,,
port357,Freeport,The Bahamas,BHS,9985,Freeport,The Bahamas,LOC_WPI_9985,AUTO_MATCHED_EXACT,1.000000,AUTO_MATCHED,,
port358,Freeport (US-FL),United States,USA,9250,Freeport,United States,LOC_WPI_9250,REVIEW_SIMILAR_NAME,0.727273,REVIEW_REQUIRED,697,Candidate is similar but below the automatic confidence threshold.
port359,Frederiksvaerk,Denmark,DNK,29410,Frederiksvaerk,Denmark,LOC_WPI_29410,AUTO_MATCHED_EXACT,1.000000,AUTO_MATCHED,,
port360,Freetown,Sierra Leone,SLE,45862,Freetown,Sierra Leone,LOC_WPI_45862,AUTO_MATCHED_EXACT,1.000000,AUTO_MATCHED,,
port361,Fremantle,Australia,AUS,54520,Fremantle,Australia,LOC_WPI_54520,AUTO_MATCHED_EXACT,1.000000,AUTO_MATCHED,,
port362,Fujairah,United Arab Emirates,ARE,,,,,NO_MEANINGFUL_NAME_TOKEN,,UNMAPPED,698,"No unique, country-compatible WPI candidate was found."
port363,Fukui,Japan,JPN,61805,Fukui,Japan,LOC_WPI_61805,AUTO_MATCHED_EXACT,1.000000,AUTO_MATCHED,,
port364,Fukuyama,Japan,JPN,61605,Fukuyama,Japan,LOC_WPI_61605,AUTO_MATCHED_EXACT,1.000000,AUTO_MATCHED,,
port365,Funabashi,Japan,JPN,61379,Funabashi,Japan,LOC_WPI_61379,AUTO_MATCHED_EXACT,1.000000,AUTO_MATCHED,,
port366,Funafuti,Tuvalu,TUV,55617,Funafuti Atoll,Tuvalu,LOC_WPI_55617,REVIEW_SIMILAR_NAME,0.727273,REVIEW_REQUIRED,699,Candidate is similar but below the automatic confidence threshold.
port367,"Funchal, Madeira",Portugal,PRT,,,,,NO_SIMILAR_NAME,,UNMAPPED,700,"No unique, country-compatible WPI candidate was found."
port368,Turku,Finland,FIN,27820,Turku,Finland,LOC_WPI_27820,AUTO_MATCHED_EXACT,1.000000,AUTO_MATCHED,,
port369,Fushiki-Toyama,Japan,JPN,61850,Fushiki-Toyama,Japan,LOC_WPI_61850,AUTO_MATCHED_EXACT,1.000000,AUTO_MATCHED,,
port37,Alotau,Papua New Guinea,PNG,,,,,NO_MEANINGFUL_NAME_TOKEN,,UNMAPPED,701,"No unique, country-compatible WPI candidate was found."
port370,Fuzhou,China,CHN,59860,Fuzhou,China,LOC_WPI_59860,AUTO_MATCHED_EXACT,1.000000,AUTO_MATCHED,,
port371,Gabes,Tunisia,TUN,45375,Gabes,Tunisia,LOC_WPI_45375,AUTO_MATCHED_EXACT,1.000000,AUTO_MATCHED,,
port372,Galeota Point Terminal,Trinidad and Tobago,TTO,11772,Galeota Point Terminal,Trinidad and Tobago,LOC_WPI_11772,AUTO_MATCHED_EXACT,1.000000,AUTO_MATCHED,,
port373,Galveston,United States,USA,9150,Galveston,United States,LOC_WPI_9150,AUTO_MATCHED_EXACT,1.000000,AUTO_MATCHED,,
port374,Galway,Ireland,IRL,34060,Galway,Ireland,LOC_WPI_34060,AUTO_MATCHED_EXACT,1.000000,AUTO_MATCHED,,
port375,Gaogang,China,CHN,59987,Gaogang,China,LOC_WPI_59987,AUTO_MATCHED_EXACT,1.000000,AUTO_MATCHED,,
port376,Garston,United Kingdom,GBR,,,,,NO_MEANINGFUL_NAME_TOKEN,,UNMAPPED,702,"No unique, country-compatible WPI candidate was found."
port377,Gary,United States,USA,4760,Gary,United States,LOC_WPI_4760,AUTO_MATCHED_EXACT,1.000000,AUTO_MATCHED,,
port378,Vysotsk,Russian Federation,RUS,28310,Gavan Vysotsk,Russia,LOC_WPI_28310,REVIEW_SIMILAR_NAME,0.700000,REVIEW_REQUIRED,703,Candidate is similar but below the automatic confidence threshold.
port379,Gävle,Sweden,SWE,25590,Gavle,Sweden,LOC_WPI_25590,AUTO_MATCHED_EXACT,1.000000,AUTO_MATCHED,,
port38,Altamira,Mexico,MEX,9355,Altamira,Mexico,LOC_WPI_9355,AUTO_MATCHED_EXACT,1.000000,AUTO_MATCHED,,
port380,Gdansk,Poland,POL,28710,Gdansk,Poland,LOC_WPI_28710,AUTO_MATCHED_EXACT,1.000000,AUTO_MATCHED,,
port381,Gdynia,Poland,POL,28740,Gdynia,Poland,LOC_WPI_28740,AUTO_MATCHED_EXACT,1.000000,AUTO_MATCHED,,
port382,Gebig,Brazil,BRA,12950,Gebig,Brazil,LOC_WPI_12950,AUTO_MATCHED_EXACT,1.000000,AUTO_MATCHED,,
port383,Geelong,Australia,AUS,54050,Geelong,Australia,LOC_WPI_54050,AUTO_MATCHED_EXACT,1.000000,AUTO_MATCHED,,
port384,Gela,Italy,ITA,40220,Gela,Italy,LOC_WPI_40220,AUTO_MATCHED_EXACT,1.000000,AUTO_MATCHED,,
port385,Gemlik,Türkiye,TUR,43340,Gemlik,Turkey,LOC_WPI_43340,AUTO_MATCHED_COUNTRY_ALIAS,1.000000,AUTO_MATCHED,,Country labels were matched through an approved alias group.
port386,General Santos,Philippines,PHL,59485,General Santos,Philippines,LOC_WPI_59485,AUTO_MATCHED_EXACT,1.000000,AUTO_MATCHED,,
port387,Genova,Italy,ITA,39470,Genova,Italy,LOC_WPI_39470,AUTO_MATCHED_EXACT,1.000000,AUTO_MATCHED,,
port388,Georgetown,The Bahamas,BHS,,,,,AMBIGUOUS_NAME_COUNTRY,,REVIEW_REQUIRED,704,Port name matches multiple WPI records with different countries.
port389,Georgetown,Cayman Islands,CYM,10580,Georgetown,Cayman Islands,LOC_WPI_10580,AUTO_MATCHED_EXACT,1.000000,AUTO_MATCHED,,
port39,Alvika,Norway,NOR,,,,,NO_MEANINGFUL_NAME_TOKEN,,UNMAPPED,705,"No unique, country-compatible WPI candidate was found."
port390,Georgetown,Guyana,GUY,12370,Georgetown,Guyana,LOC_WPI_12370,AUTO_MATCHED_EXACT,1.000000,AUTO_MATCHED,,
port391,Geraldton,Australia,AUS,54540,Geraldton,Australia,LOC_WPI_54540,AUTO_MATCHED_EXACT,1.000000,AUTO_MATCHED,,
port392,Ghazaouet,Algeria,DZA,45670,Ghazaouet,Algeria,LOC_WPI_45670,AUTO_MATCHED_EXACT,1.000000,AUTO_MATCHED,,
port393,Ghent,Belgium,BEL,31270,Ghent,Belgium,LOC_WPI_31270,AUTO_MATCHED_EXACT,1.000000,AUTO_MATCHED,,
port394,Gijon,Spain,ESP,37560,Gijon,Spain,LOC_WPI_37560,AUTO_MATCHED_EXACT,1.000000,AUTO_MATCHED,,
port395,Gioia Tauro,Italy,ITA,40115,Gioia Tauro,Italy,LOC_WPI_40115,AUTO_MATCHED_EXACT,1.000000,AUTO_MATCHED,,
port396,Gisborne,New Zealand,NZL,55110,Gisborne,New Zealand,LOC_WPI_55110,AUTO_MATCHED_EXACT,1.000000,AUTO_MATCHED,,
port398,Gladstone,Australia,AUS,53450,Gladstone,Australia,LOC_WPI_53450,AUTO_MATCHED_EXACT,1.000000,AUTO_MATCHED,,
port399,Glasgow,United Kingdom,GBR,33490,Glasgow,United Kingdom,LOC_WPI_33490,AUTO_MATCHED_EXACT,1.000000,AUTO_MATCHED,,
port4,Abidjan,Côte d'Ivoire,CIV,46000,Abidjan,Cote D'Ivoire,LOC_WPI_46000,AUTO_MATCHED_EXACT,1.000000,AUTO_MATCHED,,
port40,Amagasaki,Japan,JPN,61555,Amagasaki,Japan,LOC_WPI_61555,AUTO_MATCHED_EXACT,1.000000,AUTO_MATCHED,,
port400,Glomfjord,Norway,NOR,22540,Glomfjord,Norway,LOC_WPI_22540,AUTO_MATCHED_EXACT,1.000000,AUTO_MATCHED,,
port401,Golcuk,Türkiye,TUR,,,,,NO_SIMILAR_NAME,,UNMAPPED,706,"No unique, country-compatible WPI candidate was found."
port402,Golfito,Costa Rica,CRI,15480,Golfito,Costa Rica,LOC_WPI_15480,AUTO_MATCHED_EXACT,1.000000,AUTO_MATCHED,,
port403,Gomen,New Caledonia,NCL,,,,,NO_SIMILAR_NAME,,UNMAPPED,707,"No unique, country-compatible WPI candidate was found."
port404,Goole,United Kingdom,GBR,31670,Goole,United Kingdom,LOC_WPI_31670,AUTO_MATCHED_EXACT,1.000000,AUTO_MATCHED,,
port405,Goose Bay,Canada,CAN,1340,Goose Bay,Canada,LOC_WPI_1340,AUTO_MATCHED_EXACT,1.000000,AUTO_MATCHED,,
port406,Gorgon LNG,Australia,AUS,,,,,NO_SIMILAR_NAME,,UNMAPPED,708,"No unique, country-compatible WPI candidate was found."
port407,Gorontalo,Indonesia,IDN,52090,Gorontalo,Indonesia,LOC_WPI_52090,AUTO_MATCHED_EXACT,1.000000,AUTO_MATCHED,,
port408,Göteborg,Sweden,SWE,24020,Goteborg,Sweden,LOC_WPI_24020,AUTO_MATCHED_EXACT,1.000000,AUTO_MATCHED,,
port41,Amamapare,Indonesia,IDN,53115,Amamapare,Indonesia,LOC_WPI_53115,AUTO_MATCHED_EXACT,1.000000,AUTO_MATCHED,,
port410,Gourd Shanzui,China,CHN,,,,,NO_SIMILAR_NAME,,UNMAPPED,709,"No unique, country-compatible WPI candidate was found."
port411,Gove,Australia,AUS,54675,Gove,Australia,LOC_WPI_54675,AUTO_MATCHED_EXACT,1.000000,AUTO_MATCHED,,
port412,Grand Haven,United States,USA,4700,Grand Haven,United States,LOC_WPI_4700,AUTO_MATCHED_EXACT,1.000000,AUTO_MATCHED,,
port414,Grand Turk,Turks and Caicos Islands,TCA,10020,Grand Turk,Turks and Caicos Islands,LOC_WPI_10020,AUTO_MATCHED_EXACT,1.000000,AUTO_MATCHED,,
port415,Grangemouth,United Kingdom,GBR,32010,Grangemouth,United Kingdom,LOC_WPI_32010,AUTO_MATCHED_EXACT,1.000000,AUTO_MATCHED,,
port416,Gravesend,United Kingdom,GBR,31420,Gravesend,United Kingdom,LOC_WPI_31420,AUTO_MATCHED_EXACT,1.000000,AUTO_MATCHED,,
port417,Great Yarmouth,United Kingdom,GBR,31580,Great Yarmouth,United Kingdom,LOC_WPI_31580,AUTO_MATCHED_EXACT,1.000000,AUTO_MATCHED,,
port418,Green Bay,United States,USA,4940,Green Bay,United States,LOC_WPI_4940,AUTO_MATCHED_EXACT,1.000000,AUTO_MATCHED,,
port419,Grenaa,Denmark,DNK,30290,Grenaa Havn,Denmark,LOC_WPI_30290,REVIEW_SIMILAR_NAME,0.705882,REVIEW_REQUIRED,710,Candidate is similar but below the automatic confidence threshold.
port42,"Ambon, Molucas",Indonesia,IDN,,,,,NO_SIMILAR_NAME,,UNMAPPED,711,"No unique, country-compatible WPI candidate was found."
port420,Gresik,Indonesia,IDN,51120,Gresik,Indonesia,LOC_WPI_51120,AUTO_MATCHED_EXACT,1.000000,AUTO_MATCHED,,
port421,Grimsby,United Kingdom,GBR,31640,Grimsby,United Kingdom,LOC_WPI_31640,AUTO_MATCHED_EXACT,1.000000,AUTO_MATCHED,,
port422,Guaiba Island Terminal,Brazil,BRA,12935,Guaiba Island Terminal,Brazil,LOC_WPI_12935,AUTO_MATCHED_EXACT,1.000000,AUTO_MATCHED,,
port423,Guangdong Yangjiang Port,China,CHN,,,,,NO_SIMILAR_NAME,,UNMAPPED,712,"No unique, country-compatible WPI candidate was found."
port424,Guangxi Beibu Gulf Port,China,CHN,,,,,NO_SIMILAR_NAME,,UNMAPPED,713,"No unique, country-compatible WPI candidate was found."
port425,Guangzhou (Nansha),China,CHN,57830,Guangzhou,China,LOC_WPI_57830,REVIEW_SIMILAR_NAME,0.720000,REVIEW_REQUIRED,714,Candidate is similar but below the automatic confidence threshold.
port426,Guayaquil,Ecuador,ECU,15270,Guayaquil,Ecuador,LOC_WPI_15270,AUTO_MATCHED_EXACT,1.000000,AUTO_MATCHED,,
port427,Guaymas,Mexico,MEX,15850,Guaymas,Mexico,LOC_WPI_15850,AUTO_MATCHED_EXACT,1.000000,AUTO_MATCHED,,
port428,Gulfport,United States,USA,8800,Gulfport,United States,LOC_WPI_8800,AUTO_MATCHED_EXACT,1.000000,AUTO_MATCHED,,
port429,Güllük,Türkiye,TUR,44751,Gulluk,Turkey,LOC_WPI_44751,AUTO_MATCHED_COUNTRY_ALIAS,1.000000,AUTO_MATCHED,,Country labels were matched through an approved alias group.
port43,Amirabad Port,Iran,IRN,,,,,NO_SIMILAR_NAME,,UNMAPPED,715,"No unique, country-compatible WPI candidate was found."
port430,Gustavia,Saint-Barthélemy,BLM,11380,Gustavia,Guadeloupe,LOC_WPI_11380,REVIEW_NAME_COUNTRY_ALIAS,,REVIEW_REQUIRED,716,"Port name matches, but country labels are not in the approved alias groups."
port431,Gwadar,Pakistan,PAK,48590,Gwadar,Pakistan,LOC_WPI_48590,AUTO_MATCHED_EXACT,1.000000,AUTO_MATCHED,,
port432,Gwangyang (Kwangyang),Korea,KOR,60376,Gwangyang Hang,South Korea,LOC_WPI_60376,REVIEW_SIMILAR_NAME,0.787879,REVIEW_REQUIRED,717,Candidate is similar but below the automatic confidence threshold.
port433,Hachinohe,Japan,JPN,61280,Hachinohe Ko,Japan,LOC_WPI_61280,REVIEW_SIMILAR_NAME,0.857143,REVIEW_REQUIRED,718,Candidate is similar but below the automatic confidence threshold.
port434,Hai Phong,Vietnam,VNM,57680,Hai Phong,Vietnam,LOC_WPI_57680,AUTO_MATCHED_EXACT,1.000000,AUTO_MATCHED,,
port435,Haifa,Israel,ISR,45080,Haifa,Israel,LOC_WPI_45080,AUTO_MATCHED_EXACT,1.000000,AUTO_MATCHED,,
port436,Haifeng power,China,CHN,,,,,NO_SIMILAR_NAME,,UNMAPPED,719,"No unique, country-compatible WPI candidate was found."
port437,Haikou,China,CHN,57760,Haikou,China,LOC_WPI_57760,AUTO_MATCHED_EXACT,1.000000,AUTO_MATCHED,,
port438,Haimen,China,CHN,59930,Haimen,China,LOC_WPI_59930,AUTO_MATCHED_EXACT,1.000000,AUTO_MATCHED,,
port439,Hakata,Japan,JPN,62430,Hakata,Japan,LOC_WPI_62430,AUTO_MATCHED_EXACT,1.000000,AUTO_MATCHED,,
port44,Ampenan,Indonesia,IDN,51280,Ampenan,Indonesia,LOC_WPI_51280,AUTO_MATCHED_EXACT,1.000000,AUTO_MATCHED,,
port440,Hakodate,Japan,JPN,61190,Hakodate Ko,Japan,LOC_WPI_61190,REVIEW_SIMILAR_NAME,0.842105,REVIEW_REQUIRED,720,Candidate is similar but below the automatic confidence threshold.
port441,Halden,Norway,NOR,23850,Halden,Norway,LOC_WPI_23850,AUTO_MATCHED_EXACT,1.000000,AUTO_MATCHED,,
port442,Haldia,India,IND,49555,Haldia Port,India,LOC_WPI_49555,REVIEW_SIMILAR_NAME,0.705882,REVIEW_REQUIRED,721,Candidate is similar but below the automatic confidence threshold.
port443,Halifax,Canada,CAN,6340,Halifax,Canada,LOC_WPI_6340,AUTO_MATCHED_EXACT,1.000000,AUTO_MATCHED,,
port444,Halmstad,Sweden,SWE,24050,Halmstad,Sweden,LOC_WPI_24050,AUTO_MATCHED_EXACT,1.000000,AUTO_MATCHED,,
port445,Hamada,Japan,JPN,61730,Hamada Ko,Japan,LOC_WPI_61730,REVIEW_SIMILAR_NAME,0.800000,REVIEW_REQUIRED,722,Candidate is similar but below the automatic confidence threshold.
port446,Hamburg,Germany,DEU,30780,Hamburg,Germany,LOC_WPI_30780,AUTO_MATCHED_EXACT,1.000000,AUTO_MATCHED,,
port447,Hamilton,Canada,CAN,3050,Hamilton,Canada,LOC_WPI_3050,AUTO_MATCHED_EXACT,1.000000,AUTO_MATCHED,,
port448,Fredrikshamn,Finland,FIN,,,,,NO_SIMILAR_NAME,,UNMAPPED,723,"No unique, country-compatible WPI candidate was found."
port449,Hammerfest,Norway,NOR,20920,Hammerfest,Norway,LOC_WPI_20920,AUTO_MATCHED_EXACT,1.000000,AUTO_MATCHED,,
port45,Amsterdam,The Netherlands,NLD,31060,Amsterdam,Netherlands,LOC_WPI_31060,AUTO_MATCHED_COUNTRY_ALIAS,1.000000,AUTO_MATCHED,,Country labels were matched through an approved alias group.
port450,Hanko,Finland,FIN,28140,Hanko,Finland,LOC_WPI_28140,AUTO_MATCHED_EXACT,1.000000,AUTO_MATCHED,,
port452,Hannan,Japan,JPN,61935,Hannan Ko,Japan,LOC_WPI_61935,REVIEW_SIMILAR_NAME,0.800000,REVIEW_REQUIRED,724,Candidate is similar but below the automatic confidence threshold.
port453,Harbor Yeweiju,China,CHN,,,,,NO_SIMILAR_NAME,,UNMAPPED,725,"No unique, country-compatible WPI candidate was found."
port454,Harlingen,The Netherlands,NLD,31010,Harlingen,Netherlands,LOC_WPI_31010,AUTO_MATCHED_COUNTRY_ALIAS,1.000000,AUTO_MATCHED,,Country labels were matched through an approved alias group.
port455,Harmac,Canada,CAN,18525,Harmac,Canada,LOC_WPI_18525,AUTO_MATCHED_EXACT,1.000000,AUTO_MATCHED,,
port456,Haroysundet,Norway,NOR,,,,,NO_MEANINGFUL_NAME_TOKEN,,UNMAPPED,726,"No unique, country-compatible WPI candidate was found."
port457,Haydarpasa,Türkiye,TUR,44540,Haydarpasa,Turkey,LOC_WPI_44540,AUTO_MATCHED_COUNTRY_ALIAS,1.000000,AUTO_MATCHED,,Country labels were matched through an approved alias group.
port458,Hay Point,Australia,AUS,53405,Hay Point,Australia,LOC_WPI_53405,AUTO_MATCHED_EXACT,1.000000,AUTO_MATCHED,,
port459,Helsingborg,Sweden,SWE,24120,Helsingborg,Sweden,LOC_WPI_24120,AUTO_MATCHED_EXACT,1.000000,AUTO_MATCHED,,
port46,Amuay (Bahia De Amuay),Venezuela,VEN,12070,Amuay (Bahia De Amuay),Venezuela,LOC_WPI_12070,AUTO_MATCHED_EXACT,1.000000,AUTO_MATCHED,,
port460,Helsinki,Finland,FIN,28190,Helsinki,Finland,LOC_WPI_28190,AUTO_MATCHED_EXACT,1.000000,AUTO_MATCHED,,
port461,Hera port,Timor-Leste,TLS,,,,,NO_SIMILAR_NAME,,UNMAPPED,727,"No unique, country-compatible WPI candidate was found."
port462,Heysham,United Kingdom,GBR,34640,Heysham,United Kingdom,LOC_WPI_34640,AUTO_MATCHED_EXACT,1.000000,AUTO_MATCHED,,
port463,Higashiharima,Japan,JPN,,,,,NO_MEANINGFUL_NAME_TOKEN,,UNMAPPED,728,"No unique, country-compatible WPI candidate was found."
port464,Hilo,United States,USA,56090,Hilo,United States,LOC_WPI_56090,AUTO_MATCHED_EXACT,1.000000,AUTO_MATCHED,,
port465,Himeji,Japan,JPN,61567,Himeji,Japan,LOC_WPI_61567,AUTO_MATCHED_EXACT,1.000000,AUTO_MATCHED,,
port466,Hiroshima,Japan,JPN,61650,Hiroshima,Japan,LOC_WPI_61650,AUTO_MATCHED_EXACT,1.000000,AUTO_MATCHED,,
port467,Hirtshals,Denmark,DNK,30450,Hirtshals,Denmark,LOC_WPI_30450,AUTO_MATCHED_EXACT,1.000000,AUTO_MATCHED,,
port468,Hitachi,Japan,JPN,61356,Hitachi,Japan,LOC_WPI_61356,AUTO_MATCHED_EXACT,1.000000,AUTO_MATCHED,,
port469,Hobart,Australia,AUS,54760,Hobart,Australia,LOC_WPI_54760,AUTO_MATCHED_EXACT,1.000000,AUTO_MATCHED,,
port47,Anacortes,United States,USA,18040,Anacortes,United States,LOC_WPI_18040,AUTO_MATCHED_EXACT,1.000000,AUTO_MATCHED,,
port470,Hobro,Denmark,DNK,30360,Hobro,Denmark,LOC_WPI_30360,AUTO_MATCHED_EXACT,1.000000,AUTO_MATCHED,,
port471,Hofu,Japan,JPN,,,,,NO_SIMILAR_NAME,,UNMAPPED,729,"No unique, country-compatible WPI candidate was found."
port472,Himekawa,Japan,JPN,61862,Himekawa,Japan,LOC_WPI_61862,AUTO_MATCHED_EXACT,1.000000,AUTO_MATCHED,,
port473,Hon Gai,Vietnam,VNM,57700,Hon Gai,Vietnam,LOC_WPI_57700,AUTO_MATCHED_EXACT,1.000000,AUTO_MATCHED,,
port474,Hong Kong,Hong Kong SAR,HKG,57840,Hong Kong,Hong Kong,LOC_WPI_57840,AUTO_MATCHED_COUNTRY_ALIAS,1.000000,AUTO_MATCHED,,Country labels were matched through an approved alias group.
port475,Honiara,Solomon Islands,SLB,57120,Honiara,Solomon Islands,LOC_WPI_57120,AUTO_MATCHED_EXACT,1.000000,AUTO_MATCHED,,
port476,Honolulu,United States,USA,56280,Honolulu,United States,LOC_WPI_56280,AUTO_MATCHED_EXACT,1.000000,AUTO_MATCHED,,
port477,Hopa,Türkiye,TUR,44370,Hopa,Turkey,LOC_WPI_44370,AUTO_MATCHED_COUNTRY_ALIAS,1.000000,AUTO_MATCHED,,Country labels were matched through an approved alias group.
port478,Horta,Portugal,PRT,38080,Horta,Portugal,LOC_WPI_38080,AUTO_MATCHED_EXACT,1.000000,AUTO_MATCHED,,
port479,Horten,Norway,NOR,23750,Horten,Norway,LOC_WPI_23750,AUTO_MATCHED_EXACT,1.000000,AUTO_MATCHED,,
port48,Anchorage,United States,USA,19800,Anchorage,United States,LOC_WPI_19800,AUTO_MATCHED_EXACT,1.000000,AUTO_MATCHED,,
port480,Hososhima,Japan,JPN,62190,Hososhima Ko,Japan,LOC_WPI_62190,REVIEW_SIMILAR_NAME,0.857143,REVIEW_REQUIRED,730,Candidate is similar but below the automatic confidence threshold.
port481,Houston (US-TX),United States,USA,9240,Houston,United States,LOC_WPI_9240,REVIEW_SIMILAR_NAME,0.700000,REVIEW_REQUIRED,731,Candidate is similar but below the automatic confidence threshold.
port482,Hualien,Taiwan Province of China,TWN,,,,,NO_MEANINGFUL_NAME_TOKEN,,UNMAPPED,732,"No unique, country-compatible WPI candidate was found."
port483,Huelva,Spain,ESP,38220,Huelva,Spain,LOC_WPI_38220,AUTO_MATCHED_EXACT,1.000000,AUTO_MATCHED,,
port484,Huizhou,China,CHN,57859,Huizhou,China,LOC_WPI_57859,AUTO_MATCHED_EXACT,1.000000,AUTO_MATCHED,,
port485,Husum,Germany,DEU,30680,Husum,Germany,LOC_WPI_30680,AUTO_MATCHED_EXACT,1.000000,AUTO_MATCHED,,
port486,Husum,Sweden,SWE,26790,Husum,Sweden,LOC_WPI_26790,AUTO_MATCHED_EXACT,1.000000,AUTO_MATCHED,,
port487,IJmuiden,The Netherlands,NLD,31040,Ijmuiden,Netherlands,LOC_WPI_31040,AUTO_MATCHED_COUNTRY_ALIAS,1.000000,AUTO_MATCHED,,Country labels were matched through an approved alias group.
port488,Iligan,Philippines,PHL,59700,Iligan,Philippines,LOC_WPI_59700,AUTO_MATCHED_EXACT,1.000000,AUTO_MATCHED,,
port489,Chornomorsk,Ukraine,UKR,,,,,NO_MEANINGFUL_NAME_TOKEN,,UNMAPPED,733,"No unique, country-compatible WPI candidate was found."
port49,Ancona,Italy,ITA,40660,Ancona,Italy,LOC_WPI_40660,AUTO_MATCHED_EXACT,1.000000,AUTO_MATCHED,,
port490,Imabari,Japan,JPN,,,,,NO_MEANINGFUL_NAME_TOKEN,,UNMAPPED,734,"No unique, country-compatible WPI candidate was found."
port491,Imatra,Finland,FIN,,,,,NO_SIMILAR_NAME,,UNMAPPED,735,"No unique, country-compatible WPI candidate was found."
port492,Imbituba,Brazil,BRA,13040,Imbituba,Brazil,LOC_WPI_13040,AUTO_MATCHED_EXACT,1.000000,AUTO_MATCHED,,
port493,Immingham,United Kingdom,GBR,31650,Immingham,United Kingdom,LOC_WPI_31650,AUTO_MATCHED_EXACT,1.000000,AUTO_MATCHED,,
port494,Incheon,Korea,KOR,,,,,NO_MEANINGFUL_NAME_TOKEN,,UNMAPPED,736,"No unique, country-compatible WPI candidate was found."
port495,Indiana Harbor,United States,USA,4780,Indiana Harbor,United States,LOC_WPI_4780,AUTO_MATCHED_EXACT,1.000000,AUTO_MATCHED,,
port496,Indonesia Morowali Industrial Park,Indonesia,IDN,,,,,NO_SIMILAR_NAME,,UNMAPPED,737,"No unique, country-compatible WPI candidate was found."
port497,Inkoo,Finland,FIN,28187,Inkoo,Finland,LOC_WPI_28187,AUTO_MATCHED_EXACT,1.000000,AUTO_MATCHED,,
port498,Ipswich,United Kingdom,GBR,31550,Ipswich,United Kingdom,LOC_WPI_31550,AUTO_MATCHED_EXACT,1.000000,AUTO_MATCHED,,
port499,Iquique,Chile,CHL,14760,Iquique,Chile,LOC_WPI_14760,AUTO_MATCHED_EXACT,1.000000,AUTO_MATCHED,,
port5,Abu Dhabi,United Arab Emirates,ARE,48278,Abu Zaby,United Arab Emirates,LOC_WPI_48278,REVIEW_SIMILAR_NAME,0.705882,REVIEW_REQUIRED,738,Candidate is similar but below the automatic confidence threshold.
port50,Andoany,Madagascar,MDG,47360,Andoany,Madagascar,LOC_WPI_47360,AUTO_MATCHED_EXACT,1.000000,AUTO_MATCHED,,
port500,Heraklion,Greece,GRC,,,,,NO_MEANINGFUL_NAME_TOKEN,,UNMAPPED,739,"No unique, country-compatible WPI candidate was found."
port501,Ishikariwan-Shinko,Japan,JPN,,,,,NO_SIMILAR_NAME,,UNMAPPED,740,"No unique, country-compatible WPI candidate was found."
port502,Ishinomaki,Japan,JPN,61340,Ishinomaki Ko,Japan,LOC_WPI_61340,AUTO_MATCHED_FUZZY,0.869565,AUTO_MATCHED,,
port503,Iskenderun,Türkiye,TUR,44880,Iskenderun,Turkey,LOC_WPI_44880,AUTO_MATCHED_COUNTRY_ALIAS,1.000000,AUTO_MATCHED,,Country labels were matched through an approved alias group.
port504,Istanbul,Türkiye,TUR,43420,Istanbul,Turkey,LOC_WPI_43420,AUTO_MATCHED_COUNTRY_ALIAS,1.000000,AUTO_MATCHED,,Country labels were matched through an approved alias group.
port505,Itajaí,Brazil,BRA,13020,Itajai,Brazil,LOC_WPI_13020,AUTO_MATCHED_EXACT,1.000000,AUTO_MATCHED,,
port506,Itaqui,Brazil,BRA,12585,Itaqui,Brazil,LOC_WPI_12585,AUTO_MATCHED_EXACT,1.000000,AUTO_MATCHED,,
port507,Inverness,United Kingdom,GBR,32330,Inverness,United Kingdom,LOC_WPI_32330,AUTO_MATCHED_EXACT,1.000000,AUTO_MATCHED,,
port508,Iwakuni,Japan,JPN,61662,Iwakuni Ko,Japan,LOC_WPI_61662,REVIEW_SIMILAR_NAME,0.823529,REVIEW_REQUIRED,741,Candidate is similar but below the automatic confidence threshold.
port509,Izhevskoye,Russian Federation,RUS,,,,,NO_SIMILAR_NAME,,UNMAPPED,742,"No unique, country-compatible WPI candidate was found."
port51,Caucedo,Dominican Republic,DOM,,,,,NO_SIMILAR_NAME,,UNMAPPED,743,"No unique, country-compatible WPI candidate was found."
port510,Izmir,Türkiye,TUR,44750,Izmir,Turkey,LOC_WPI_44750,AUTO_MATCHED_COUNTRY_ALIAS,1.000000,AUTO_MATCHED,,Country labels were matched through an approved alias group.
port511,Jaigad Port,India,IND,,,,,NO_SIMILAR_NAME,,UNMAPPED,744,"No unique, country-compatible WPI candidate was found."
port512,Jabal Az Zannah-Ruways,United Arab Emirates,ARE,48282,Jabal Az Zannah/ruways,United Arab Emirates,LOC_WPI_48282,AUTO_MATCHED_EXACT,1.000000,AUTO_MATCHED,,
port513,Jacksonville,United States,USA,8580,Jacksonville,United States,LOC_WPI_8580,AUTO_MATCHED_EXACT,1.000000,AUTO_MATCHED,,
port514,Tanjung Priok,Indonesia,IDN,,,,,NO_SIMILAR_NAME,,UNMAPPED,745,"No unique, country-compatible WPI candidate was found."
port515,Jakobstad,Finland,FIN,,,,,NO_SIMILAR_NAME,,UNMAPPED,746,"No unique, country-compatible WPI candidate was found."
port516,Jayapura,Indonesia,IDN,53133,Jayapura,Indonesia,LOC_WPI_53133,AUTO_MATCHED_EXACT,1.000000,AUTO_MATCHED,,
port517,Jiangyin,China,CHN,59985,Jiangyin,China,LOC_WPI_59985,AUTO_MATCHED_EXACT,1.000000,AUTO_MATCHED,,
port518,Jeddah,Saudi Arabia,SAU,,,,,NO_MEANINGFUL_NAME_TOKEN,,UNMAPPED,747,"No unique, country-compatible WPI candidate was found."
port519,Shoaiba,Saudi Arabia,SAU,,,,,NO_SIMILAR_NAME,,UNMAPPED,748,"No unique, country-compatible WPI candidate was found."
port52,Anguilla,Anguilla,AIA,,,,,NO_SIMILAR_NAME,,UNMAPPED,749,"No unique, country-compatible WPI candidate was found."
port520,"Jimenez, Ozamis",Philippines,PHL,,,,,NO_SIMILAR_NAME,,UNMAPPED,750,"No unique, country-compatible WPI candidate was found."
port521,Jinzhou,China,CHN,,,,,NO_MEANINGFUL_NAME_TOKEN,,UNMAPPED,751,"No unique, country-compatible WPI candidate was found."
port522,Joensuu,Finland,FIN,,,,,NO_SIMILAR_NAME,,UNMAPPED,752,"No unique, country-compatible WPI candidate was found."
port523,Johor,Malaysia,MYS,49982,Johor,Malaysia,LOC_WPI_49982,AUTO_MATCHED_EXACT,1.000000,AUTO_MATCHED,,
port524,Jose Terminal,Venezuela,VEN,12180,Jose Terminal,Venezuela,LOC_WPI_12180,AUTO_MATCHED_EXACT,1.000000,AUTO_MATCHED,,
port525,Joutseno,Finland,FIN,,,,,NO_SIMILAR_NAME,,UNMAPPED,753,"No unique, country-compatible WPI candidate was found."
port526,Juaymah,Saudi Arabia,SAU,,,,,NO_SIMILAR_NAME,,UNMAPPED,754,"No unique, country-compatible WPI candidate was found."
port527,Gebze,Türkiye,TUR,44622,Gebze,Turkey,LOC_WPI_44622,AUTO_MATCHED_COUNTRY_ALIAS,1.000000,AUTO_MATCHED,,Country labels were matched through an approved alias group.
port528,Kagoshima,Japan,JPN,62220,Kagoshima Ko,Japan,LOC_WPI_62220,REVIEW_SIMILAR_NAME,0.857143,REVIEW_REQUIRED,755,Candidate is similar but below the automatic confidence threshold.
port529,Kakinada,India,IND,49470,Kakinada Bay,India,LOC_WPI_49470,REVIEW_SIMILAR_NAME,0.800000,REVIEW_REQUIRED,756,Candidate is similar but below the automatic confidence threshold.
port53,Annaba,Algeria,DZA,45490,Annaba,Algeria,LOC_WPI_45490,AUTO_MATCHED_EXACT,1.000000,AUTO_MATCHED,,
port530,Kaliningrad,Russian Federation,RUS,28690,Kaliningrad,Russia,LOC_WPI_28690,AUTO_MATCHED_COUNTRY_ALIAS,1.000000,AUTO_MATCHED,,Country labels were matched through an approved alias group.
port531,Kalmar,Sweden,SWE,24570,Kalmar,Sweden,LOC_WPI_24570,AUTO_MATCHED_EXACT,1.000000,AUTO_MATCHED,,
port532,Kalundborg,Denmark,DNK,29490,Kalundborg,Denmark,LOC_WPI_29490,AUTO_MATCHED_EXACT,1.000000,AUTO_MATCHED,,
port533,Kamaishi,Japan,JPN,61310,Kamaishi Ko,Japan,LOC_WPI_61310,REVIEW_SIMILAR_NAME,0.842105,REVIEW_REQUIRED,757,Candidate is similar but below the automatic confidence threshold.
port534,Kamarajar Port,India,IND,49454,Kamarajar Port,India,LOC_WPI_49454,AUTO_MATCHED_EXACT,1.000000,AUTO_MATCHED,,
port535,Kâmpóng Saôm,Cambodia,KHM,57485,Kampong Saom,Cambodia,LOC_WPI_57485,AUTO_MATCHED_EXACT,1.000000,AUTO_MATCHED,,
port536,Kamsar,Guinea,GIN,45850,Kamsar,Guinea,LOC_WPI_45850,AUTO_MATCHED_EXACT,1.000000,AUTO_MATCHED,,
port537,Kanazawa,Japan,JPN,61822,Kanazawa,Japan,LOC_WPI_61822,AUTO_MATCHED_EXACT,1.000000,AUTO_MATCHED,,
port538,Kanda,Japan,JPN,62145,Kanda,Japan,LOC_WPI_62145,AUTO_MATCHED_EXACT,1.000000,AUTO_MATCHED,,
port539,Kandalaksha,Russian Federation,RUS,62890,Kandalaksha,Russia,LOC_WPI_62890,AUTO_MATCHED_COUNTRY_ALIAS,1.000000,AUTO_MATCHED,,Country labels were matched through an approved alias group.
port54,Port Akdeniz,Türkiye,TUR,,,,,NO_SIMILAR_NAME,,UNMAPPED,758,"No unique, country-compatible WPI candidate was found."
port540,Kandla,India,IND,48630,Kandla,India,LOC_WPI_48630,AUTO_MATCHED_EXACT,1.000000,AUTO_MATCHED,,
port541,Kaohsiung,Taiwan Province of China,TWN,,,,,NO_MEANINGFUL_NAME_TOKEN,,UNMAPPED,759,"No unique, country-compatible WPI candidate was found."
port542,Karabiga,Türkiye,TUR,44670,Karabiga,Turkey,LOC_WPI_44670,AUTO_MATCHED_COUNTRY_ALIAS,1.000000,AUTO_MATCHED,,Country labels were matched through an approved alias group.
port543,Karachi,Pakistan,PAK,48600,Karachi,Pakistan,LOC_WPI_48600,AUTO_MATCHED_EXACT,1.000000,AUTO_MATCHED,,
port544,Karaikal,India,IND,49370,Karaikal Port,India,LOC_WPI_49370,REVIEW_SIMILAR_NAME,0.761905,REVIEW_REQUIRED,760,Candidate is similar but below the automatic confidence threshold.
port545,Karatsu,Japan,JPN,62420,Karatsu,Japan,LOC_WPI_62420,AUTO_MATCHED_EXACT,1.000000,AUTO_MATCHED,,
port546,Karlshamn,Sweden,SWE,24370,Karlshamn,Sweden,LOC_WPI_24370,AUTO_MATCHED_EXACT,1.000000,AUTO_MATCHED,,
port547,Kårstø,Norway,NOR,,,,,NO_MEANINGFUL_NAME_TOKEN,,UNMAPPED,761,"No unique, country-compatible WPI candidate was found."
port548,Kashima-Ibaraki,Japan,JPN,61357,Kashima Ko,Japan,LOC_WPI_61357,REVIEW_SIMILAR_NAME,0.720000,REVIEW_REQUIRED,762,Candidate is similar but below the automatic confidence threshold.
port549,Kasim Terminal,Indonesia,IDN,53045,Kasim Terminal,Indonesia,LOC_WPI_53045,AUTO_MATCHED_EXACT,1.000000,AUTO_MATCHED,,
port55,Antsiranana (Diego Suarez),Madagascar,MDG,,,,,NO_SIMILAR_NAME,,UNMAPPED,763,"No unique, country-compatible WPI candidate was found."
port550,Kaskinen,Finland,FIN,27670,Kaskinen,Finland,LOC_WPI_27670,AUTO_MATCHED_EXACT,1.000000,AUTO_MATCHED,,
port551,Kaukas,Finland,FIN,,,,,NO_SIMILAR_NAME,,UNMAPPED,764,"No unique, country-compatible WPI candidate was found."
port552,Kavála,Greece,GRC,42600,Kavala,Greece,LOC_WPI_42600,AUTO_MATCHED_EXACT,1.000000,AUTO_MATCHED,,
port553,Kavieng Harbor,Papua New Guinea,PNG,56760,Kavieng Harbor,Papua New Guinea,LOC_WPI_56760,AUTO_MATCHED_EXACT,1.000000,AUTO_MATCHED,,
port554,Kavkaz,Russian Federation,RUS,,,,,NO_SIMILAR_NAME,,UNMAPPED,765,"No unique, country-compatible WPI candidate was found."
port555,Kawasaki,Japan,JPN,61385,Kawasaki Ko,Japan,LOC_WPI_61385,REVIEW_SIMILAR_NAME,0.842105,REVIEW_REQUIRED,766,Candidate is similar but below the automatic confidence threshold.
port556,Kemaman Harbor,Malaysia,MYS,57411,Kemaman Harbor,Malaysia,LOC_WPI_57411,AUTO_MATCHED_EXACT,1.000000,AUTO_MATCHED,,
port557,Kemi,Finland,FIN,27410,Kemi,Finland,LOC_WPI_27410,AUTO_MATCHED_EXACT,1.000000,AUTO_MATCHED,,
port558,Kendari,Indonesia,IDN,52240,Kendari,Indonesia,LOC_WPI_52240,AUTO_MATCHED_EXACT,1.000000,AUTO_MATCHED,,
port559,Kerch,Ukraine,UKR,43900,Kerch,Ukraine,LOC_WPI_43900,AUTO_MATCHED_EXACT,1.000000,AUTO_MATCHED,,
port56,Antofagasta,Chile,CHL,14660,Antofagasta,Chile,LOC_WPI_14660,AUTO_MATCHED_EXACT,1.000000,AUTO_MATCHED,,
port561,Khor Fakkan,United Arab Emirates,ARE,48263,Khawr Fakkan,United Arab Emirates,LOC_WPI_48263,AUTO_MATCHED_FUZZY,0.869565,AUTO_MATCHED,,
port562,Khoms,Libya,LBY,45323,Khoms,Libya,LOC_WPI_45323,AUTO_MATCHED_EXACT,1.000000,AUTO_MATCHED,,
port563,Khorramshahr,Iran,IRN,48420,Khorramshahr,Iran,LOC_WPI_48420,AUTO_MATCHED_EXACT,1.000000,AUTO_MATCHED,,
port564,Kiel,Germany,DEU,28930,Kiel,Germany,LOC_WPI_28930,AUTO_MATCHED_EXACT,1.000000,AUTO_MATCHED,,
port565,Kieta,Papua New Guinea,PNG,56855,Kieta,Papua New Guinea,LOC_WPI_56855,AUTO_MATCHED_EXACT,1.000000,AUTO_MATCHED,,
port566,Kiire,Japan,JPN,62225,Kiire,Japan,LOC_WPI_62225,AUTO_MATCHED_EXACT,1.000000,AUTO_MATCHED,,
port567,Kikuma,Japan,JPN,62060,Kikuma Ko,Japan,LOC_WPI_62060,REVIEW_SIMILAR_NAME,0.800000,REVIEW_REQUIRED,767,Candidate is similar but below the automatic confidence threshold.
port569,Kimbe,Papua New Guinea,PNG,56835,Kimbe,Papua New Guinea,LOC_WPI_56835,AUTO_MATCHED_EXACT,1.000000,AUTO_MATCHED,,
port57,Antwerp,Belgium,BEL,,,,,NO_MEANINGFUL_NAME_TOKEN,,UNMAPPED,768,"No unique, country-compatible WPI candidate was found."
port570,Yanbu (King Fahd Port),Saudi Arabia,SAU,48121,King Fahd Port,Saudi Arabia,LOC_WPI_48121,REVIEW_SIMILAR_NAME,0.823529,REVIEW_REQUIRED,769,Candidate is similar but below the automatic confidence threshold.
port571,King's Lynn,United Kingdom,GBR,31610,King's Lynn,United Kingdom,LOC_WPI_31610,AUTO_MATCHED_EXACT,1.000000,AUTO_MATCHED,,
port572,Kingston,Jamaica,JAM,10770,Kingston,Jamaica,LOC_WPI_10770,AUTO_MATCHED_EXACT,1.000000,AUTO_MATCHED,,
port573,Hull,United Kingdom,GBR,2530,Hull,Canada,LOC_WPI_2530,REVIEW_NAME_COUNTRY_ALIAS,,REVIEW_REQUIRED,770,"Port name matches, but country labels are not in the approved alias groups."
port574,Kingstown,St.  Vincent and the Grenadines,VCT,11640,Kingstown,Saint Vincent and the Grenadines (Windward Islands),LOC_WPI_11640,AUTO_MATCHED_COUNTRY_ALIAS,1.000000,AUTO_MATCHED,,Country labels were matched through an approved alias group.
port575,Kinuura,Japan,JPN,61470,Kinuura Ko,Japan,LOC_WPI_61470,REVIEW_SIMILAR_NAME,0.823529,REVIEW_REQUIRED,771,Candidate is similar but below the automatic confidence threshold.
port576,Kiritimati,Kiribati,KIR,,,,,NO_SIMILAR_NAME,,UNMAPPED,772,"No unique, country-compatible WPI candidate was found."
port577,Kirteh Oil Terminal,Malaysia,MYS,57415,Kirteh Oil Terminal,Malaysia,LOC_WPI_57415,AUTO_MATCHED_EXACT,1.000000,AUTO_MATCHED,,
port578,Kisarazu,Japan,JPN,61372,Kisarazu Ko,Japan,LOC_WPI_61372,REVIEW_SIMILAR_NAME,0.842105,REVIEW_REQUIRED,773,Candidate is similar but below the automatic confidence threshold.
port579,Klaipeda,Lithuania,LTU,28660,Klaipeda,Lithuania,LOC_WPI_28660,AUTO_MATCHED_EXACT,1.000000,AUTO_MATCHED,,
port58,Bandar-e Anzali,Iran,IRN,48475,Bandar-E Pars Terminal,Iran,LOC_WPI_48475,REVIEW_SIMILAR_NAME,0.702703,REVIEW_REQUIRED,774,Candidate is similar but below the automatic confidence threshold.
port581,Kobe,Japan,JPN,61560,Kobe,Japan,LOC_WPI_61560,AUTO_MATCHED_EXACT,1.000000,AUTO_MATCHED,,
port582,København,Denmark,DNK,,,,,NO_MEANINGFUL_NAME_TOKEN,,UNMAPPED,775,"No unique, country-compatible WPI candidate was found."
port583,Cochin (Kochi),India,IND,,,,,NO_SIMILAR_NAME,,UNMAPPED,776,"No unique, country-compatible WPI candidate was found."
port584,Kochi,Japan,JPN,61970,Kochi Ko,Japan,LOC_WPI_61970,REVIEW_SIMILAR_NAME,0.769231,REVIEW_REQUIRED,777,Candidate is similar but below the automatic confidence threshold.
port585,Køge,Denmark,DNK,,,,,NO_MEANINGFUL_NAME_TOKEN,,UNMAPPED,778,"No unique, country-compatible WPI candidate was found."
port586,Kokkola,Finland,FIN,27560,Kokkola,Finland,LOC_WPI_27560,AUTO_MATCHED_EXACT,1.000000,AUTO_MATCHED,,
port587,Koko,Nigeria,NGA,46140,Koko,Nigeria,LOC_WPI_46140,AUTO_MATCHED_EXACT,1.000000,AUTO_MATCHED,,
port588,Kolding,Denmark,DNK,30160,Kolding,Denmark,LOC_WPI_30160,AUTO_MATCHED_EXACT,1.000000,AUTO_MATCHED,,
port589,Komatsushima,Japan,JPN,61960,Komatsushima,Japan,LOC_WPI_61960,AUTO_MATCHED_EXACT,1.000000,AUTO_MATCHED,,
port59,Aomori,Japan,JPN,,,,,NO_MEANINGFUL_NAME_TOKEN,,UNMAPPED,779,"No unique, country-compatible WPI candidate was found."
port590,Kondopoga,Russian Federation,RUS,,,,,NO_SIMILAR_NAME,,UNMAPPED,780,"No unique, country-compatible WPI candidate was found."
port591,Koolan,Australia,AUS,,,,,NO_SIMILAR_NAME,,UNMAPPED,781,"No unique, country-compatible WPI candidate was found."
port592,Koper,Slovenia,SVN,40860,Koper,Slovenia,LOC_WPI_40860,AUTO_MATCHED_EXACT,1.000000,AUTO_MATCHED,,
port594,Korsakov,Russian Federation,RUS,60920,Korsakov,Russia,LOC_WPI_60920,AUTO_MATCHED_COUNTRY_ALIAS,1.000000,AUTO_MATCHED,,Country labels were matched through an approved alias group.
port595,Kota Baru,Indonesia,IDN,51860,Kota Baru,Indonesia,LOC_WPI_51860,AUTO_MATCHED_EXACT,1.000000,AUTO_MATCHED,,
port596,Kota Kinabalu,Malaysia,MYS,51690,Kota Kinabalu,Malaysia,LOC_WPI_51690,AUTO_MATCHED_EXACT,1.000000,AUTO_MATCHED,,
port597,Kotka,Finland,FIN,28230,Kotka,Finland,LOC_WPI_28230,AUTO_MATCHED_EXACT,1.000000,AUTO_MATCHED,,
port598,Kralendijk,"Bonaire,  Saint Eustatius and Saba",BES,11780,Kralendijk,Caribbean Netherlands,LOC_WPI_11780,AUTO_MATCHED_COUNTRY_ALIAS,1.000000,AUTO_MATCHED,,Country labels were matched through an approved alias group.
port599,Krishnapatnam Port,India,IND,49455,Krishnapatnam,India,LOC_WPI_49455,REVIEW_SIMILAR_NAME,0.838710,REVIEW_REQUIRED,782,Candidate is similar but below the automatic confidence threshold.
port6,Acajutla,El Salvador,SLV,15640,Acajutla,El Salvador,LOC_WPI_15640,AUTO_MATCHED_EXACT,1.000000,AUTO_MATCHED,,
port60,Apia,Samoa,WSM,55670,Apia,Samoa,LOC_WPI_55670,AUTO_MATCHED_EXACT,1.000000,AUTO_MATCHED,,
port600,Kristiansand,Norway,NOR,23550,Kristiansand,Norway,LOC_WPI_23550,AUTO_MATCHED_EXACT,1.000000,AUTO_MATCHED,,
port601,Kristiansund,Norway,NOR,23100,Kristiansund,Norway,LOC_WPI_23100,AUTO_MATCHED_EXACT,1.000000,AUTO_MATCHED,,
port603,Kuantan,Malaysia,MYS,,,,,NO_SIMILAR_NAME,,UNMAPPED,783,"No unique, country-compatible WPI candidate was found."
port604,Kuching,Malaysia,MYS,51560,Kuching,Malaysia,LOC_WPI_51560,AUTO_MATCHED_EXACT,1.000000,AUTO_MATCHED,,
port605,Kudamatsu,Japan,JPN,61675,Kudamatsu,Japan,LOC_WPI_61675,AUTO_MATCHED_EXACT,1.000000,AUTO_MATCHED,,
port606,Kulevi Oil Terminal,Georgia,GEO,,,,,NO_SIMILAR_NAME,,UNMAPPED,784,"No unique, country-compatible WPI candidate was found."
port607,Kunda,Estonia,EST,28440,Kunda,Estonia,LOC_WPI_28440,AUTO_MATCHED_EXACT,1.000000,AUTO_MATCHED,,
port608,Gunsan,Korea,KOR,,,,,NO_MEANINGFUL_NAME_TOKEN,,UNMAPPED,785,"No unique, country-compatible WPI candidate was found."
port609,Kupang,Indonesia,IDN,51400,Kupang,Indonesia,LOC_WPI_51400,AUTO_MATCHED_EXACT,1.000000,AUTO_MATCHED,,
port61,Apra Harbor,Guam,GUM,56550,Apra Harbor,Guam,LOC_WPI_56550,AUTO_MATCHED_EXACT,1.000000,AUTO_MATCHED,,
port610,Kure,Japan,JPN,61640,Kure,Japan,LOC_WPI_61640,AUTO_MATCHED_EXACT,1.000000,AUTO_MATCHED,,
port611,Kushiro,Japan,JPN,61160,Kushiro Ko,Japan,LOC_WPI_61160,REVIEW_SIMILAR_NAME,0.823529,REVIEW_REQUIRED,786,Candidate is similar but below the automatic confidence threshold.
port612,Ebeye,Marshall Islands,MHL,,,,,NO_SIMILAR_NAME,,UNMAPPED,787,"No unique, country-compatible WPI candidate was found."
port614,LNG Tangguh,Indonesia,IDN,,,,,NO_SIMILAR_NAME,,UNMAPPED,788,"No unique, country-compatible WPI candidate was found."
port615,La Baie (Port Alfred),Canada,CAN,2110,La Baie (Port Alfred),Canada,LOC_WPI_2110,AUTO_MATCHED_EXACT,1.000000,AUTO_MATCHED,,
port617,La Coruna,Spain,ESP,37770,La Coruna,Spain,LOC_WPI_37770,AUTO_MATCHED_EXACT,1.000000,AUTO_MATCHED,,
port618,La Guaira,Venezuela,VEN,12150,La Guaira,Venezuela,LOC_WPI_12150,AUTO_MATCHED_EXACT,1.000000,AUTO_MATCHED,,
port619,La Libertad,Ecuador,ECU,15290,La Libertad,Ecuador,LOC_WPI_15290,AUTO_MATCHED_EXACT,1.000000,AUTO_MATCHED,,
port62,Aratu,Brazil,BRA,12772,Aratu,Brazil,LOC_WPI_12772,AUTO_MATCHED_EXACT,1.000000,AUTO_MATCHED,,
port620,La Pallice,France,FRA,37000,La Pallice,France,LOC_WPI_37000,AUTO_MATCHED_EXACT,1.000000,AUTO_MATCHED,,
port621,La Plata,Argentina,ARG,13770,La Plata,Argentina,LOC_WPI_13770,AUTO_MATCHED_EXACT,1.000000,AUTO_MATCHED,,
port622,La Spezia,Italy,ITA,39520,La Spezia,Italy,LOC_WPI_39520,AUTO_MATCHED_EXACT,1.000000,AUTO_MATCHED,,
port624,Lae,Papua New Guinea,PNG,53230,Lae,Papua New Guinea,LOC_WPI_53230,AUTO_MATCHED_EXACT,1.000000,AUTO_MATCHED,,
port625,Lafarge,Indonesia,IDN,,,,,NO_SIMILAR_NAME,,UNMAPPED,789,"No unique, country-compatible WPI candidate was found."
port626,Lagos,Nigeria,NGA,46130,Lagos,Nigeria,LOC_WPI_46130,AUTO_MATCHED_EXACT,1.000000,AUTO_MATCHED,,
port628,Lahad Datu,Malaysia,MYS,51730,Lahad Datu,Malaysia,LOC_WPI_51730,AUTO_MATCHED_EXACT,1.000000,AUTO_MATCHED,,
port629,Lake Charles,United States,USA,9040,Lake Charles,United States,LOC_WPI_9040,AUTO_MATCHED_EXACT,1.000000,AUTO_MATCHED,,
port63,Arawak,Barbados,BRB,,,,,NO_SIMILAR_NAME,,UNMAPPED,790,"No unique, country-compatible WPI candidate was found."
port630,Lakselv,Norway,NOR,22295,Lakselv,Norway,LOC_WPI_22295,AUTO_MATCHED_EXACT,1.000000,AUTO_MATCHED,,
port631,Lamu,Kenya,KEN,47110,Lamu,Kenya,LOC_WPI_47110,AUTO_MATCHED_EXACT,1.000000,AUTO_MATCHED,,
port632,Lanqiao Port,China,CHN,,,,,NO_SIMILAR_NAME,,UNMAPPED,791,"No unique, country-compatible WPI candidate was found."
port633,Larnaca,Cyprus,CYP,44960,Larnaca,Cyprus,LOC_WPI_44960,AUTO_MATCHED_EXACT,1.000000,AUTO_MATCHED,,
port634,Larvik,Norway,NOR,23700,Larvik,Norway,LOC_WPI_23700,AUTO_MATCHED_EXACT,1.000000,AUTO_MATCHED,,
port635,Las Palmas (de Gran Canaria),Spain,ESP,,,,,NO_SIMILAR_NAME,,UNMAPPED,792,"No unique, country-compatible WPI candidate was found."
port636,Lautoka,Fiji,FJI,,,,,NO_SIMILAR_NAME,,UNMAPPED,793,"No unique, country-compatible WPI candidate was found."
port637,Lazaro Cardenas,Mexico,MEX,15765,Lazaro Cardenas,Mexico,LOC_WPI_15765,AUTO_MATCHED_EXACT,1.000000,AUTO_MATCHED,,
port638,Saint-Brieuc,France,FRA,,,,,NO_SIMILAR_NAME,,UNMAPPED,794,"No unique, country-compatible WPI candidate was found."
port639,Leith,United Kingdom,GBR,31930,Leith,United Kingdom,LOC_WPI_31930,AUTO_MATCHED_EXACT,1.000000,AUTO_MATCHED,,
port64,Årdalstangen,Norway,NOR,23136,Ardalstangen,Norway,LOC_WPI_23136,AUTO_MATCHED_EXACT,1.000000,AUTO_MATCHED,,
port640,Kosrae,Micronesia,FSM,,,,,NO_SIMILAR_NAME,,UNMAPPED,795,"No unique, country-compatible WPI candidate was found."
port642,Les Sables D' Olonne,France,FRA,36960,Les Sables D' Olonne,France,LOC_WPI_36960,AUTO_MATCHED_EXACT,1.000000,AUTO_MATCHED,,
port643,Levuka,Fiji,FJI,55550,Levuka,Fiji,LOC_WPI_55550,AUTO_MATCHED_EXACT,1.000000,AUTO_MATCHED,,
port644,Lianyungang,China,CHN,60130,Lianyungang,China,LOC_WPI_60130,AUTO_MATCHED_EXACT,1.000000,AUTO_MATCHED,,
port646,Liepaja,Latvia,LVA,28640,Liepaja,Latvia,LOC_WPI_28640,AUTO_MATCHED_EXACT,1.000000,AUTO_MATCHED,,
port647,Limassol,Cyprus,CYP,44950,Limassol,Cyprus,LOC_WPI_44950,AUTO_MATCHED_EXACT,1.000000,AUTO_MATCHED,,
port648,Limerick,Ireland,IRL,34110,Limerick,Ireland,LOC_WPI_34110,AUTO_MATCHED_EXACT,1.000000,AUTO_MATCHED,,
port649,Limetree Bay,United States Virgin Islands,VIR,11335,Limetree Bay,U.S. Virgin Islands,LOC_WPI_11335,AUTO_MATCHED_COUNTRY_ALIAS,1.000000,AUTO_MATCHED,,Country labels were matched through an approved alias group.
port65,Ardal,Norway,NOR,,,,,NO_MEANINGFUL_NAME_TOKEN,,UNMAPPED,796,"No unique, country-compatible WPI candidate was found."
port650,Linden,Guyana,GUY,12380,Linden,Guyana,LOC_WPI_12380,AUTO_MATCHED_EXACT,1.000000,AUTO_MATCHED,,
port651,Lingkas,Indonesia,IDN,51780,Lingkas,Indonesia,LOC_WPI_51780,AUTO_MATCHED_EXACT,1.000000,AUTO_MATCHED,,
port652,Lirquen,Chile,CHL,14425,Lirquen,Chile,LOC_WPI_14425,AUTO_MATCHED_EXACT,1.000000,AUTO_MATCHED,,
port653,Lisboa,Portugal,PRT,37990,Lisboa,Portugal,LOC_WPI_37990,AUTO_MATCHED_EXACT,1.000000,AUTO_MATCHED,,
port654,Liverpool,United Kingdom,GBR,34690,Liverpool,United Kingdom,LOC_WPI_34690,AUTO_MATCHED_EXACT,1.000000,AUTO_MATCHED,,
port655,Livorno,Italy,ITA,39590,Livorno,Italy,LOC_WPI_39590,AUTO_MATCHED_EXACT,1.000000,AUTO_MATCHED,,
port656,Lobito,Angola,AGO,46590,Lobito,Angola,LOC_WPI_46590,AUTO_MATCHED_EXACT,1.000000,AUTO_MATCHED,,
port657,Lome,Togo,TGO,46090,Lome,Togo,LOC_WPI_46090,AUTO_MATCHED_EXACT,1.000000,AUTO_MATCHED,,
port658,London,United Kingdom,GBR,31470,London,United Kingdom,LOC_WPI_31470,AUTO_MATCHED_EXACT,1.000000,AUTO_MATCHED,,
port659,London Gateway,United Kingdom,GBR,,,,,NO_SIMILAR_NAME,,UNMAPPED,797,"No unique, country-compatible WPI candidate was found."
port66,Argentia,Canada,CAN,1710,Argentia,Canada,LOC_WPI_1710,AUTO_MATCHED_EXACT,1.000000,AUTO_MATCHED,,
port660,Londonderry,United Kingdom,GBR,33830,Londonderry,United Kingdom,LOC_WPI_33830,AUTO_MATCHED_EXACT,1.000000,AUTO_MATCHED,,
port661,Longkou Gang,China,CHN,60170,Longkou Gang,China,LOC_WPI_60170,AUTO_MATCHED_EXACT,1.000000,AUTO_MATCHED,,
port662,Longyan Port,China,CHN,,,,,NO_SIMILAR_NAME,,UNMAPPED,798,"No unique, country-compatible WPI candidate was found."
port663,Lorient,France,FRA,36680,Lorient,France,LOC_WPI_36680,AUTO_MATCHED_EXACT,1.000000,AUTO_MATCHED,,
port664,Los Angeles-Long Beach,United States,USA,,,,,NO_SIMILAR_NAME,,UNMAPPED,799,"No unique, country-compatible WPI candidate was found."
port665,Luanda,Angola,AGO,46560,Luanda,Angola,LOC_WPI_46560,AUTO_MATCHED_EXACT,1.000000,AUTO_MATCHED,,
port666,Luba,Equatorial Guinea,GNQ,46330,Luba,Equatorial Guinea,LOC_WPI_46330,AUTO_MATCHED_EXACT,1.000000,AUTO_MATCHED,,
port667,Lubeck-Travemunde,Germany,DEU,28880,Lubeck-Travemunde,Germany,LOC_WPI_28880,AUTO_MATCHED_EXACT,1.000000,AUTO_MATCHED,,
port668,Luderitz Bay,Namibia,NAM,46650,Luderitz Bay,Namibia,LOC_WPI_46650,AUTO_MATCHED_EXACT,1.000000,AUTO_MATCHED,,
port669,Luganville,Vanuatu,VUT,57200,Luganville,Vanuatu,LOC_WPI_57200,AUTO_MATCHED_EXACT,1.000000,AUTO_MATCHED,,
port67,Aarhus,Denmark,DNK,,,,,NO_MEANINGFUL_NAME_TOKEN,,UNMAPPED,800,"No unique, country-compatible WPI candidate was found."
port670,Luleå,Sweden,SWE,27220,Lulea,Sweden,LOC_WPI_27220,AUTO_MATCHED_EXACT,1.000000,AUTO_MATCHED,,
port671,Lumut,Brunei Darussalam,BRN,,,,,AMBIGUOUS_NAME_COUNTRY,,REVIEW_REQUIRED,801,Port name matches multiple WPI records with different countries.
port672,Lumut,Malaysia,MYS,49890,Lumut,Malaysia,LOC_WPI_49890,AUTO_MATCHED_EXACT,1.000000,AUTO_MATCHED,,
port673,Macaé,Brazil,BRA,12890,Macae,Brazil,LOC_WPI_12890,AUTO_MATCHED_EXACT,1.000000,AUTO_MATCHED,,
port674,Macau,Macao SAR,MAC,57810,Macau,Macau,LOC_WPI_57810,AUTO_MATCHED_COUNTRY_ALIAS,1.000000,AUTO_MATCHED,,Country labels were matched through an approved alias group.
port675,Mackay,Australia,AUS,53400,Mackay,Australia,LOC_WPI_53400,AUTO_MATCHED_EXACT,1.000000,AUTO_MATCHED,,
port676,Madang,Papua New Guinea,PNG,53250,Madang,Papua New Guinea,LOC_WPI_53250,AUTO_MATCHED_EXACT,1.000000,AUTO_MATCHED,,
port677,Madre De Deus,Brazil,BRA,12775,Madre De Deus,Brazil,LOC_WPI_12775,AUTO_MATCHED_EXACT,1.000000,AUTO_MATCHED,,
port678,Hambantota,Sri Lanka,LKA,49255,Hambantota,Sri Lanka,LOC_WPI_49255,AUTO_MATCHED_EXACT,1.000000,AUTO_MATCHED,,
port679,Magdalla,India,IND,48770,Magdalla,India,LOC_WPI_48770,AUTO_MATCHED_EXACT,1.000000,AUTO_MATCHED,,
port68,Arkhangelsk,Russian Federation,RUS,,,,,NO_MEANINGFUL_NAME_TOKEN,,UNMAPPED,802,"No unique, country-compatible WPI candidate was found."
port680,Majunga,Madagascar,MDG,,,,,NO_MEANINGFUL_NAME_TOKEN,,UNMAPPED,803,"No unique, country-compatible WPI candidate was found."
port681,Mailiao,Taiwan Province of China,TWN,57953,Mailiao,Taiwan,LOC_WPI_57953,AUTO_MATCHED_COUNTRY_ALIAS,1.000000,AUTO_MATCHED,,Country labels were matched through an approved alias group.
port682,Maizuru,Japan,JPN,61800,Maizuru Ko,Japan,LOC_WPI_61800,REVIEW_SIMILAR_NAME,0.823529,REVIEW_REQUIRED,804,Candidate is similar but below the automatic confidence threshold.
port683,Majuro,Marshall Islands,MHL,,,,,NO_SIMILAR_NAME,,UNMAPPED,805,"No unique, country-compatible WPI candidate was found."
port684,Makhachkala,Russian Federation,RUS,,,,,NO_SIMILAR_NAME,,UNMAPPED,806,"No unique, country-compatible WPI candidate was found."
port685,Malabo,Equatorial Guinea,GNQ,46320,Malabo,Equatorial Guinea,LOC_WPI_46320,AUTO_MATCHED_EXACT,1.000000,AUTO_MATCHED,,
port686,Malaga,Spain,ESP,38370,Malaga,Spain,LOC_WPI_38370,AUTO_MATCHED_EXACT,1.000000,AUTO_MATCHED,,
port687,Malau,Fiji,FJI,,,,,NO_MEANINGFUL_NAME_TOKEN,,UNMAPPED,807,"No unique, country-compatible WPI candidate was found."
port688,Malakal,Palau,PLW,,,,,NO_SIMILAR_NAME,,UNMAPPED,808,"No unique, country-compatible WPI candidate was found."
port689,Male,Maldives,MDV,49200,Male,Maldives,LOC_WPI_49200,AUTO_MATCHED_EXACT,1.000000,AUTO_MATCHED,,
port69,Arrecife,Spain,ESP,38190,Arrecife,Spain,LOC_WPI_38190,AUTO_MATCHED_EXACT,1.000000,AUTO_MATCHED,,
port690,Malmö,Sweden,SWE,24210,Malmo,Sweden,LOC_WPI_24210,AUTO_MATCHED_EXACT,1.000000,AUTO_MATCHED,,
port691,Malongo,Angola,AGO,,,,,NO_SIMILAR_NAME,,UNMAPPED,809,"No unique, country-compatible WPI candidate was found."
port692,Måløy,Norway,NOR,,,,,NO_MEANINGFUL_NAME_TOKEN,,UNMAPPED,810,"No unique, country-compatible WPI candidate was found."
port693,Manaus,Brazil,BRA,12560,Manaus,Brazil,LOC_WPI_12560,AUTO_MATCHED_EXACT,1.000000,AUTO_MATCHED,,
port694,Manila,Philippines,PHL,58370,Manila,Philippines,LOC_WPI_58370,AUTO_MATCHED_EXACT,1.000000,AUTO_MATCHED,,
port695,Manitowoc,United States,USA,4890,Manitowoc,United States,LOC_WPI_4890,AUTO_MATCHED_EXACT,1.000000,AUTO_MATCHED,,
port696,Manokwari Road,Indonesia,IDN,53010,Manokwari Road,Indonesia,LOC_WPI_53010,AUTO_MATCHED_EXACT,1.000000,AUTO_MATCHED,,
port697,Manta,Ecuador,ECU,15310,Manta,Ecuador,LOC_WPI_15310,AUTO_MATCHED_EXACT,1.000000,AUTO_MATCHED,,
port698,Mäntyluoto,Finland,FIN,27750,Mantyluoto,Finland,LOC_WPI_27750,AUTO_MATCHED_EXACT,1.000000,AUTO_MATCHED,,
port699,Manzanillo,Mexico,MEX,15770,Manzanillo,Mexico,LOC_WPI_15770,AUTO_MATCHED_EXACT,1.000000,AUTO_MATCHED,,
port7,Acapulco,Mexico,MEX,15760,Acapulco,Mexico,LOC_WPI_15760,AUTO_MATCHED_EXACT,1.000000,AUTO_MATCHED,,
port70,Arzew,Algeria,DZA,45630,Arzew,Algeria,LOC_WPI_45630,AUTO_MATCHED_EXACT,1.000000,AUTO_MATCHED,,
port700,Manzanillo,Panama,PAN,,,,,AMBIGUOUS_NAME_COUNTRY,,REVIEW_REQUIRED,811,Port name matches multiple WPI records with different countries.
port701,Map Ta Phut,Thailand,THA,57437,Map Ta Phut,Thailand,LOC_WPI_57437,AUTO_MATCHED_EXACT,1.000000,AUTO_MATCHED,,
port702,Maputo,Mozambique,MOZ,46870,Maputo,Mozambique,LOC_WPI_46870,AUTO_MATCHED_EXACT,1.000000,AUTO_MATCHED,,
port703,Maracaibo,Venezuela,VEN,11960,Maracaibo,Venezuela,LOC_WPI_11960,AUTO_MATCHED_EXACT,1.000000,AUTO_MATCHED,,
port704,Mariel,Cuba,CUB,10090,Mariel,Cuba,LOC_WPI_10090,AUTO_MATCHED_EXACT,1.000000,AUTO_MATCHED,,
port705,Marin,Spain,ESP,37860,Marin,Spain,LOC_WPI_37860,AUTO_MATCHED_EXACT,1.000000,AUTO_MATCHED,,
port706,Marina Di Carrara,Italy,ITA,39550,Marina Di Carrara,Italy,LOC_WPI_39550,AUTO_MATCHED_EXACT,1.000000,AUTO_MATCHED,,
port707,Mariupol,Ukraine,UKR,44010,Mariupol,Ukraine,LOC_WPI_44010,AUTO_MATCHED_EXACT,1.000000,AUTO_MATCHED,,
port708,Markenes,Norway,NOR,,,,,NO_MEANINGFUL_NAME_TOKEN,,UNMAPPED,812,"No unique, country-compatible WPI candidate was found."
port709,Mormugao,India,IND,,,,,NO_MEANINGFUL_NAME_TOKEN,,UNMAPPED,813,"No unique, country-compatible WPI candidate was found."
port71,As Suways,Egypt,EGY,48040,As Suways,Egypt,LOC_WPI_48040,AUTO_MATCHED_EXACT,1.000000,AUTO_MATCHED,,
port710,Mellitah,Libya,LBY,,,,,NO_SIMILAR_NAME,,UNMAPPED,814,"No unique, country-compatible WPI candidate was found."
port711,Marsaxlokk,Malta,MLT,40340,Marsaxlokk,Malta,LOC_WPI_40340,AUTO_MATCHED_EXACT,1.000000,AUTO_MATCHED,,
port712,Marseille,France,FRA,38810,Marseille,France,LOC_WPI_38810,AUTO_MATCHED_EXACT,1.000000,AUTO_MATCHED,,
port714,Marugame,Japan,JPN,62100,Marugame Ko,Japan,LOC_WPI_62100,REVIEW_SIMILAR_NAME,0.842105,REVIEW_REQUIRED,815,Candidate is similar but below the automatic confidence threshold.
port715,Masan,Korea,KOR,60380,Masan,South Korea,LOC_WPI_60380,AUTO_MATCHED_COUNTRY_ALIAS,1.000000,AUTO_MATCHED,,Country labels were matched through an approved alias group.
port716,Masao,Philippines,PHL,59343,Masao,Philippines,LOC_WPI_59343,AUTO_MATCHED_EXACT,1.000000,AUTO_MATCHED,,
port717,Matadi,Democratic Republic of the Congo,COD,46530,Matadi,Congo (Kinshasa),LOC_WPI_46530,AUTO_MATCHED_COUNTRY_ALIAS,1.000000,AUTO_MATCHED,,Country labels were matched through an approved alias group.
port718,Matanzas,Cuba,CUB,10110,Matanzas,Cuba,LOC_WPI_10110,AUTO_MATCHED_EXACT,1.000000,AUTO_MATCHED,,
port719,Matsusaka,Japan,JPN,61495,Matsusaka,Japan,LOC_WPI_61495,AUTO_MATCHED_EXACT,1.000000,AUTO_MATCHED,,
port72,Sharjah,United Arab Emirates,ARE,,,,,NO_SIMILAR_NAME,,UNMAPPED,816,"No unique, country-compatible WPI candidate was found."
port720,Matsuyama,Japan,JPN,62030,Matsuyama,Japan,LOC_WPI_62030,AUTO_MATCHED_EXACT,1.000000,AUTO_MATCHED,,
port721,Matthew Town,The Bahamas,BHS,10010,Matthew Town,The Bahamas,LOC_WPI_10010,AUTO_MATCHED_EXACT,1.000000,AUTO_MATCHED,,
port722,Maumere,Indonesia,IDN,51320,Maumere,Indonesia,LOC_WPI_51320,AUTO_MATCHED_EXACT,1.000000,AUTO_MATCHED,,
port723,Mazatlan,Mexico,MEX,15810,Mazatlan,Mexico,LOC_WPI_15810,AUTO_MATCHED_EXACT,1.000000,AUTO_MATCHED,,
port724,Mbulo,Solomon Islands,SLB,,,,,NO_SIMILAR_NAME,,UNMAPPED,817,"No unique, country-compatible WPI candidate was found."
port726,Medway,United Kingdom,GBR,,,,,NO_SIMILAR_NAME,,UNMAPPED,818,"No unique, country-compatible WPI candidate was found."
port727,Medway City,United Kingdom,GBR,,,,,NO_SIMILAR_NAME,,UNMAPPED,819,"No unique, country-compatible WPI candidate was found."
port728,Mejillones,Chile,CHL,14670,Mejillones,Chile,LOC_WPI_14670,AUTO_MATCHED_EXACT,1.000000,AUTO_MATCHED,,
port729,Melbourne,Australia,AUS,54030,Melbourne,Australia,LOC_WPI_54030,AUTO_MATCHED_EXACT,1.000000,AUTO_MATCHED,,
port73,Ashdod,Israel,ISR,45100,Ashdod,Israel,LOC_WPI_45100,AUTO_MATCHED_EXACT,1.000000,AUTO_MATCHED,,
port730,Menominee,United States,USA,5030,Menominee,United States,LOC_WPI_5030,AUTO_MATCHED_EXACT,1.000000,AUTO_MATCHED,,
port731,Merak Mas Terminal,Indonesia,IDN,50922,Merak Mas Terminal,Indonesia,LOC_WPI_50922,AUTO_MATCHED_EXACT,1.000000,AUTO_MATCHED,,
port732,Merauke,Indonesia,IDN,53130,Merauke,Indonesia,LOC_WPI_53130,AUTO_MATCHED_EXACT,1.000000,AUTO_MATCHED,,
port733,Sfax,Tunisia,TUN,,,,,NO_SIMILAR_NAME,,UNMAPPED,820,"No unique, country-compatible WPI candidate was found."
port734,Marsa Tobruk,Libya,LBY,,,,,NO_MEANINGFUL_NAME_TOKEN,,UNMAPPED,821,"No unique, country-compatible WPI candidate was found."
port735,Mersin,Türkiye,TUR,44860,Mersin,Turkey,LOC_WPI_44860,AUTO_MATCHED_COUNTRY_ALIAS,1.000000,AUTO_MATCHED,,Country labels were matched through an approved alias group.
port736,Miami,United States,USA,8640,Miami,United States,LOC_WPI_8640,AUTO_MATCHED_EXACT,1.000000,AUTO_MATCHED,,
port737,Midia,Romania,ROU,43568,Midia,Romania,LOC_WPI_43568,AUTO_MATCHED_EXACT,1.000000,AUTO_MATCHED,,
port738,Mikawa,Japan,JPN,61465,Mikawa,Japan,LOC_WPI_61465,AUTO_MATCHED_EXACT,1.000000,AUTO_MATCHED,,
port739,Milazzo,Italy,ITA,40110,Milazzo,Italy,LOC_WPI_40110,AUTO_MATCHED_EXACT,1.000000,AUTO_MATCHED,,
port74,Ashkelon,Israel,ISR,,,,,NO_MEANINGFUL_NAME_TOKEN,,UNMAPPED,822,"No unique, country-compatible WPI candidate was found."
port740,Milford Haven,United Kingdom,GBR,34880,Milford Haven,United Kingdom,LOC_WPI_34880,AUTO_MATCHED_EXACT,1.000000,AUTO_MATCHED,,
port741,Milner Bay,Australia,AUS,54671,Milner Bay,Australia,LOC_WPI_54671,AUTO_MATCHED_EXACT,1.000000,AUTO_MATCHED,,
port742,Milwaukee,United States,USA,4860,Milwaukee,United States,LOC_WPI_4860,AUTO_MATCHED_EXACT,1.000000,AUTO_MATCHED,,
port743,Mina Al Ahmadi,Kuwait,KWT,48361,Mina Al Ahmadi,Kuwait,LOC_WPI_48361,AUTO_MATCHED_EXACT,1.000000,AUTO_MATCHED,,
port744,Jebel Ali,United Arab Emirates,ARE,,,,,NO_SIMILAR_NAME,,UNMAPPED,823,"No unique, country-compatible WPI candidate was found."
port745,Port Sultan Qaboos,Oman,OMN,,,,,NO_SIMILAR_NAME,,UNMAPPED,824,"No unique, country-compatible WPI candidate was found."
port746,Salalah,Oman,OMN,,,,,NO_SIMILAR_NAME,,UNMAPPED,825,"No unique, country-compatible WPI candidate was found."
port747,Mina Saqr,United Arab Emirates,ARE,48264,Mina Saqr,United Arab Emirates,LOC_WPI_48264,AUTO_MATCHED_EXACT,1.000000,AUTO_MATCHED,,
port748,Tripoli,Libya,LBY,,,,,NO_SIMILAR_NAME,,UNMAPPED,826,"No unique, country-compatible WPI candidate was found."
port749,Mishima,Japan,JPN,,,,,NO_MEANINGFUL_NAME_TOKEN,,UNMAPPED,827,"No unique, country-compatible WPI candidate was found."
port75,Asprópirgos,Greece,GRC,,,,,NO_SIMILAR_NAME,,UNMAPPED,828,"No unique, country-compatible WPI candidate was found."
port750,Misrata,Libya,LBY,,,,,NO_MEANINGFUL_NAME_TOKEN,,UNMAPPED,829,"No unique, country-compatible WPI candidate was found."
port751,Massawa,Eritrea,ERI,,,,,NO_SIMILAR_NAME,,UNMAPPED,830,"No unique, country-compatible WPI candidate was found."
port752,Mizushima,Japan,JPN,61595,Mizushima Ko,Japan,LOC_WPI_61595,REVIEW_SIMILAR_NAME,0.857143,REVIEW_REQUIRED,831,Candidate is similar but below the automatic confidence threshold.
port753,Mo i Rana,Norway,NOR,22760,Mo I Rana,Norway,LOC_WPI_22760,AUTO_MATCHED_EXACT,1.000000,AUTO_MATCHED,,
port754,Mobile,United States,USA,8770,Mobile,United States,LOC_WPI_8770,AUTO_MATCHED_EXACT,1.000000,AUTO_MATCHED,,
port755,Chuuk,Micronesia,FSM,,,,,NO_SIMILAR_NAME,,UNMAPPED,832,"No unique, country-compatible WPI candidate was found."
port756,Mohammedia,Morocco,MAR,45790,Mohammedia,Morocco,LOC_WPI_45790,AUTO_MATCHED_EXACT,1.000000,AUTO_MATCHED,,
port757,Mombasa,Kenya,KEN,47100,Mombasa,Kenya,LOC_WPI_47100,AUTO_MATCHED_EXACT,1.000000,AUTO_MATCHED,,
port758,Monfalcone,Italy,ITA,40790,Monfalcone,Italy,LOC_WPI_40790,AUTO_MATCHED_EXACT,1.000000,AUTO_MATCHED,,
port759,Mongla,Bangladesh,BGD,49580,Mongla,Bangladesh,LOC_WPI_49580,AUTO_MATCHED_EXACT,1.000000,AUTO_MATCHED,,
port76,Astrakhan Port,Russian Federation,RUS,,,,,NO_SIMILAR_NAME,,UNMAPPED,833,"No unique, country-compatible WPI candidate was found."
port760,Mongstad,Norway,NOR,23138,Mongstad,Norway,LOC_WPI_23138,AUTO_MATCHED_EXACT,1.000000,AUTO_MATCHED,,
port761,Monopoli,Italy,ITA,40510,Monopoli,Italy,LOC_WPI_40510,AUTO_MATCHED_EXACT,1.000000,AUTO_MATCHED,,
port762,Monrovia,Liberia,LBR,45940,Monrovia,Liberia,LOC_WPI_45940,AUTO_MATCHED_EXACT,1.000000,AUTO_MATCHED,,
port763,Montego Bay,Jamaica,JAM,10610,Montego Bay,Jamaica,LOC_WPI_10610,AUTO_MATCHED_EXACT,1.000000,AUTO_MATCHED,,
port764,Montevideo,Uruguay,URY,13120,Montevideo,Uruguay,LOC_WPI_13120,AUTO_MATCHED_EXACT,1.000000,AUTO_MATCHED,,
port765,Montoir,France,FRA,36855,Montoir,France,LOC_WPI_36855,AUTO_MATCHED_EXACT,1.000000,AUTO_MATCHED,,
port766,Montreal,Canada,CAN,2235,Montreal,Canada,LOC_WPI_2235,AUTO_MATCHED_EXACT,1.000000,AUTO_MATCHED,,
port767,Morehead City,United States,USA,8430,Morehead City,United States,LOC_WPI_8430,AUTO_MATCHED_EXACT,1.000000,AUTO_MATCHED,,
port769,Moroni,Comoros,COM,47300,Moroni,Comoros,LOC_WPI_47300,AUTO_MATCHED_EXACT,1.000000,AUTO_MATCHED,,
port77,Atapupu,Indonesia,IDN,,,,,NO_SIMILAR_NAME,,UNMAPPED,834,"No unique, country-compatible WPI candidate was found."
port770,Moss,Sweden,SWE,,,,,AMBIGUOUS_NAME_COUNTRY,,REVIEW_REQUIRED,835,Port name matches multiple WPI records with different countries.
port771,Mostaganem,Algeria,DZA,45620,Mostaganem,Algeria,LOC_WPI_45620,AUTO_MATCHED_EXACT,1.000000,AUTO_MATCHED,,
port772,Motril,Spain,ESP,38375,Motril,Spain,LOC_WPI_38375,AUTO_MATCHED_EXACT,1.000000,AUTO_MATCHED,,
port773,Mutsamudu,Comoros,COM,,,,,NO_MEANINGFUL_NAME_TOKEN,,UNMAPPED,836,"No unique, country-compatible WPI candidate was found."
port774,Muara,Brunei Darussalam,BRN,,,,,NO_SIMILAR_NAME,,UNMAPPED,837,"No unique, country-compatible WPI candidate was found."
port775,Muhammad Bin Qasim,Pakistan,PAK,48605,Muhamamad Bin Qasim,Pakistan,LOC_WPI_48605,AUTO_MATCHED_FUZZY,0.972973,AUTO_MATCHED,,
port776,Mumbai,India,IND,,,,,NO_SIMILAR_NAME,,UNMAPPED,838,"No unique, country-compatible WPI candidate was found."
port777,Mundra,India,IND,48617,Mundra,India,LOC_WPI_48617,AUTO_MATCHED_EXACT,1.000000,AUTO_MATCHED,,
port778,Mogadishu,Somalia,SOM,,,,,NO_SIMILAR_NAME,,UNMAPPED,839,"No unique, country-compatible WPI candidate was found."
port779,Murmansk,Russian Federation,RUS,62950,Murmansk,Russia,LOC_WPI_62950,AUTO_MATCHED_COUNTRY_ALIAS,1.000000,AUTO_MATCHED,,Country labels were matched through an approved alias group.
port780,Muroran,Japan,JPN,61170,Muroran Ko,Japan,LOC_WPI_61170,REVIEW_SIMILAR_NAME,0.823529,REVIEW_REQUIRED,840,Candidate is similar but below the automatic confidence threshold.
port781,Muuga-Port of Tallinn,Estonia,EST,28484,Muuga-Port of Tallin,Estonia,LOC_WPI_28484,AUTO_MATCHED_FUZZY,0.975610,AUTO_MATCHED,,
port782,Mykolaiv,Ukraine,UKR,,,,,NO_MEANINGFUL_NAME_TOKEN,,UNMAPPED,841,"No unique, country-compatible WPI candidate was found."
port783,Naantali,Finland,FIN,27805,Naantali,Finland,LOC_WPI_27805,AUTO_MATCHED_EXACT,1.000000,AUTO_MATCHED,,
port784,Nacala,Mozambique,MOZ,46935,Nacala,Mozambique,LOC_WPI_46935,AUTO_MATCHED_EXACT,1.000000,AUTO_MATCHED,,
port785,Nagasaki,Japan,JPN,62360,Nagasaki,Japan,LOC_WPI_62360,AUTO_MATCHED_EXACT,1.000000,AUTO_MATCHED,,
port786,Nagoya,Japan,JPN,61480,Nagoya Ko,Japan,LOC_WPI_61480,REVIEW_SIMILAR_NAME,0.800000,REVIEW_REQUIRED,842,Candidate is similar but below the automatic confidence threshold.
port787,Nakhodka,Russian Federation,RUS,60730,Nakhodka,Russia,LOC_WPI_60730,AUTO_MATCHED_COUNTRY_ALIAS,1.000000,AUTO_MATCHED,,Country labels were matched through an approved alias group.
port788,Namibe,Angola,AGO,46610,Namibe,Angola,LOC_WPI_46610,AUTO_MATCHED_EXACT,1.000000,AUTO_MATCHED,,
port789,Namsos,Norway,NOR,23050,Namsos,Norway,LOC_WPI_23050,AUTO_MATCHED_EXACT,1.000000,AUTO_MATCHED,,
port79,Auckland,New Zealand,NZL,55060,Auckland,New Zealand,LOC_WPI_55060,AUTO_MATCHED_EXACT,1.000000,AUTO_MATCHED,,
port790,Nanao,Japan,JPN,61840,Nanao Ko,Japan,LOC_WPI_61840,REVIEW_SIMILAR_NAME,0.769231,REVIEW_REQUIRED,843,Candidate is similar but below the automatic confidence threshold.
port791,Nantes,France,FRA,36900,Nantes,France,LOC_WPI_36900,AUTO_MATCHED_EXACT,1.000000,AUTO_MATCHED,,
port792,Nantong,China,CHN,59991,Nantong,China,LOC_WPI_59991,AUTO_MATCHED_EXACT,1.000000,AUTO_MATCHED,,
port793,Naoetsu,Japan,JPN,61865,Naoetsu Ko,Japan,LOC_WPI_61865,REVIEW_SIMILAR_NAME,0.823529,REVIEW_REQUIRED,844,Candidate is similar but below the automatic confidence threshold.
port794,Napier,New Zealand,NZL,55130,Napier,New Zealand,LOC_WPI_55130,AUTO_MATCHED_EXACT,1.000000,AUTO_MATCHED,,
port795,Napoli,Italy,ITA,39960,Napoli,Italy,LOC_WPI_39960,AUTO_MATCHED_EXACT,1.000000,AUTO_MATCHED,,
port796,Narvik,Norway,NOR,22030,Narvik,Norway,LOC_WPI_22030,AUTO_MATCHED_EXACT,1.000000,AUTO_MATCHED,,
port797,Nasipit Port,Philippines,PHL,59345,Nasipit Port,Philippines,LOC_WPI_59345,AUTO_MATCHED_EXACT,1.000000,AUTO_MATCHED,,
port798,Nassau,The Bahamas,BHS,9990,Nassau,The Bahamas,LOC_WPI_9990,AUTO_MATCHED_EXACT,1.000000,AUTO_MATCHED,,
port799,Natal,Brazil,BRA,12690,Natal,Brazil,LOC_WPI_12690,AUTO_MATCHED_EXACT,1.000000,AUTO_MATCHED,,
port80,Augusta,Italy,ITA,40250,Augusta,Italy,LOC_WPI_40250,AUTO_MATCHED_EXACT,1.000000,AUTO_MATCHED,,
port800,Nauru,Nauru,NRU,56500,Nauru,Nauru,LOC_WPI_56500,AUTO_MATCHED_EXACT,1.000000,AUTO_MATCHED,,
port801,Navlakhi,India,IND,48635,Navlakhi,India,LOC_WPI_48635,AUTO_MATCHED_EXACT,1.000000,AUTO_MATCHED,,
port802,Ndora,Solomon Islands,SLB,,,,,NO_SIMILAR_NAME,,UNMAPPED,845,"No unique, country-compatible WPI candidate was found."
port803,Neiafu,Tonga,TON,55610,Neiafu,Tonga,LOC_WPI_55610,AUTO_MATCHED_EXACT,1.000000,AUTO_MATCHED,,
port804,Nelson,New Zealand,NZL,55290,Nelson,New Zealand,LOC_WPI_55290,AUTO_MATCHED_EXACT,1.000000,AUTO_MATCHED,,
port805,Nemrut Bay,Türkiye,TUR,44752,Nemrut Limani Bay,Turkey,LOC_WPI_44752,REVIEW_SIMILAR_NAME,0.740741,REVIEW_REQUIRED,846,Candidate is similar but below the automatic confidence threshold.
port806,Népoui,New Caledonia,NCL,,,,,NO_SIMILAR_NAME,,UNMAPPED,847,"No unique, country-compatible WPI candidate was found."
port807,New Amsterdam,Guyana,GUY,12390,New Amsterdam,Guyana,LOC_WPI_12390,AUTO_MATCHED_EXACT,1.000000,AUTO_MATCHED,,
port808,New Bedford,United States,USA,7370,New Bedford,United States,LOC_WPI_7370,AUTO_MATCHED_EXACT,1.000000,AUTO_MATCHED,,
port809,New Haven,United States,USA,7550,New Haven,United States,LOC_WPI_7550,AUTO_MATCHED_EXACT,1.000000,AUTO_MATCHED,,
port81,Avatiu,Cook Islands,COK,55740,Avatiu,Cook Islands,LOC_WPI_55740,AUTO_MATCHED_EXACT,1.000000,AUTO_MATCHED,,
port810,New Holland,United Kingdom,GBR,31668,New Holland,United Kingdom,LOC_WPI_31668,AUTO_MATCHED_EXACT,1.000000,AUTO_MATCHED,,
port811,New Mangalore,India,IND,49030,New Mangalore,India,LOC_WPI_49030,AUTO_MATCHED_EXACT,1.000000,AUTO_MATCHED,,
port812,New Orleans,United States,USA,8860,New Orleans,United States,LOC_WPI_8860,AUTO_MATCHED_EXACT,1.000000,AUTO_MATCHED,,
port813,New Plymouth,New Zealand,NZL,55210,New Plymouth,New Zealand,LOC_WPI_55210,AUTO_MATCHED_EXACT,1.000000,AUTO_MATCHED,,
port814,New Westminster,Canada,CAN,18100,New Westminster,Canada,LOC_WPI_18100,AUTO_MATCHED_EXACT,1.000000,AUTO_MATCHED,,
port815,New York-New Jersey,United States,USA,,,,,NO_SIMILAR_NAME,,UNMAPPED,848,"No unique, country-compatible WPI candidate was found."
port816,Newcastle,Australia,AUS,53610,Newcastle,Australia,LOC_WPI_53610,AUTO_MATCHED_EXACT,1.000000,AUTO_MATCHED,,
port817,Newport,United Kingdom,GBR,35015,Newport,United Kingdom,LOC_WPI_35015,AUTO_MATCHED_EXACT,1.000000,AUTO_MATCHED,,
port818,Newport News,United States,USA,8300,Newport News,United States,LOC_WPI_8300,AUTO_MATCHED_EXACT,1.000000,AUTO_MATCHED,,
port819,Nghe Tinh,Vietnam,VNM,57660,Nghe Tinh,Vietnam,LOC_WPI_57660,AUTO_MATCHED_EXACT,1.000000,AUTO_MATCHED,,
port82,Aveiro,Portugal,PRT,37970,Aveiro,Portugal,LOC_WPI_37970,AUTO_MATCHED_EXACT,1.000000,AUTO_MATCHED,,
port820,Nice,France,FRA,38990,Nice,France,LOC_WPI_38990,AUTO_MATCHED_EXACT,1.000000,AUTO_MATCHED,,
port821,Nicholls Town,The Bahamas,BHS,,,,,NO_SIMILAR_NAME,,UNMAPPED,849,"No unique, country-compatible WPI candidate was found."
port822,Niigata,Japan,JPN,61870,Niigata Ko,Japan,LOC_WPI_61870,REVIEW_SIMILAR_NAME,0.823529,REVIEW_REQUIRED,850,Candidate is similar but below the automatic confidence threshold.
port823,Niihama,Japan,JPN,62080,Niihama,Japan,LOC_WPI_62080,AUTO_MATCHED_EXACT,1.000000,AUTO_MATCHED,,
port824,Ningbo,China,CHN,59940,Ningbo,China,LOC_WPI_59940,AUTO_MATCHED_EXACT,1.000000,AUTO_MATCHED,,
port826,Norfolk,United States,USA,8280,Norfolk,United States,LOC_WPI_8280,AUTO_MATCHED_EXACT,1.000000,AUTO_MATCHED,,
port827,Norrköping,Sweden,SWE,25190,Norrkoping,Sweden,LOC_WPI_25190,AUTO_MATCHED_EXACT,1.000000,AUTO_MATCHED,,
port828,El Sokhna,Egypt,EGY,,,,,NO_SIMILAR_NAME,,UNMAPPED,851,"No unique, country-compatible WPI candidate was found."
port829,Noshiro,Japan,JPN,61277,Noshiro Ko,Japan,LOC_WPI_61277,REVIEW_SIMILAR_NAME,0.823529,REVIEW_REQUIRED,852,Candidate is similar but below the automatic confidence threshold.
port83,Aviles,Spain,ESP,37600,Aviles,Spain,LOC_WPI_37600,AUTO_MATCHED_EXACT,1.000000,AUTO_MATCHED,,
port830,Nouadhibou,Mauritania,MRT,45812,Nouadhibou,Mauritania,LOC_WPI_45812,AUTO_MATCHED_EXACT,1.000000,AUTO_MATCHED,,
port831,Nouakchott,Mauritania,MRT,45814,Nouakchott,Mauritania,LOC_WPI_45814,AUTO_MATCHED_EXACT,1.000000,AUTO_MATCHED,,
port832,Noumea,New Caledonia,NCL,57320,Noumea,New Caledonia,LOC_WPI_57320,AUTO_MATCHED_EXACT,1.000000,AUTO_MATCHED,,
port833,Novorossiysk,Russian Federation,RUS,44200,Novorossiysk,Russia,LOC_WPI_44200,AUTO_MATCHED_COUNTRY_ALIAS,1.000000,AUTO_MATCHED,,Country labels were matched through an approved alias group.
port834,Nowshahr Port,Iran,IRN,,,,,NO_SIMILAR_NAME,,UNMAPPED,853,"No unique, country-compatible WPI candidate was found."
port835,Nuevitas Bay,Cuba,CUB,10150,Nuevitas Bay,Cuba,LOC_WPI_10150,AUTO_MATCHED_EXACT,1.000000,AUTO_MATCHED,,
port836,Nuku'alofa,Tonga,TON,55590,Nuku Alofa,Tonga,LOC_WPI_55590,AUTO_MATCHED_EXACT,1.000000,AUTO_MATCHED,,
port837,Nyborg,Denmark,DNK,29860,Nyborg,Denmark,LOC_WPI_29860,AUTO_MATCHED_EXACT,1.000000,AUTO_MATCHED,,
port838,Nynäshamn,Sweden,SWE,25330,Nynashamn,Sweden,LOC_WPI_25330,AUTO_MATCHED_EXACT,1.000000,AUTO_MATCHED,,
port839,Oakland,United States,USA,16340,Oakland,United States,LOC_WPI_16340,AUTO_MATCHED_EXACT,1.000000,AUTO_MATCHED,,
port84,Bristol,United Kingdom,GBR,35070,Bristol,United Kingdom,LOC_WPI_35070,AUTO_MATCHED_EXACT,1.000000,AUTO_MATCHED,,
port840,Ocho Rios,Jamaica,JAM,10660,Ocho Rios,Jamaica,LOC_WPI_10660,AUTO_MATCHED_EXACT,1.000000,AUTO_MATCHED,,
port841,Odda,Norway,NOR,23240,Odda,Norway,LOC_WPI_23240,AUTO_MATCHED_EXACT,1.000000,AUTO_MATCHED,,
port842,Odense,Denmark,DNK,29880,Odense,Denmark,LOC_WPI_29880,AUTO_MATCHED_EXACT,1.000000,AUTO_MATCHED,,
port843,Odessa,Ukraine,UKR,,,,,NO_MEANINGFUL_NAME_TOKEN,,UNMAPPED,854,"No unique, country-compatible WPI candidate was found."
port844,Ofunato,Japan,JPN,61320,Ofunato,Japan,LOC_WPI_61320,AUTO_MATCHED_EXACT,1.000000,AUTO_MATCHED,,
port845,Agioi Oil Terminal,Greece,GRC,,,,,NO_MEANINGFUL_NAME_TOKEN,,UNMAPPED,855,"No unique, country-compatible WPI candidate was found."
port846,Oita,Japan,JPN,62160,Oita Ko,Japan,LOC_WPI_62160,REVIEW_SIMILAR_NAME,0.727273,REVIEW_REQUIRED,856,Candidate is similar but below the automatic confidence threshold.
port847,Okaram,Turkmenistan,TKM,,,,,NO_SIMILAR_NAME,,UNMAPPED,857,"No unique, country-compatible WPI candidate was found."
port848,Olbia,Italy,ITA,39180,Olbia,Italy,LOC_WPI_39180,AUTO_MATCHED_EXACT,1.000000,AUTO_MATCHED,,
port849,Omisalj,Croatia,HRV,41045,Omisalj,Croatia,LOC_WPI_41045,AUTO_MATCHED_EXACT,1.000000,AUTO_MATCHED,,
port85,Az Zawiyah,Libya,LBY,45335,Az Zawiya,Libya,LOC_WPI_45335,AUTO_MATCHED_FUZZY,0.947368,AUTO_MATCHED,,
port850,Onahama,Japan,JPN,61355,Onahama Ko,Japan,LOC_WPI_61355,REVIEW_SIMILAR_NAME,0.823529,REVIEW_REQUIRED,858,Candidate is similar but below the automatic confidence threshold.
port851,Onne,Nigeria,NGA,46208,Onne,Nigeria,LOC_WPI_46208,AUTO_MATCHED_EXACT,1.000000,AUTO_MATCHED,,
port852,Onoda,Japan,JPN,62079,Onoda,Japan,LOC_WPI_62079,AUTO_MATCHED_EXACT,1.000000,AUTO_MATCHED,,
port853,Onomichi-Itozaki,Japan,JPN,61630,Onomichi-Itozaki,Japan,LOC_WPI_61630,AUTO_MATCHED_EXACT,1.000000,AUTO_MATCHED,,
port854,Onslow,Australia,AUS,54580,Onslow,Australia,LOC_WPI_54580,AUTO_MATCHED_EXACT,1.000000,AUTO_MATCHED,,
port855,Oostende,Belgium,BEL,31310,Oostende,Belgium,LOC_WPI_31310,AUTO_MATCHED_EXACT,1.000000,AUTO_MATCHED,,
port856,Oran,Algeria,DZA,45640,Oran,Algeria,LOC_WPI_45640,AUTO_MATCHED_EXACT,1.000000,AUTO_MATCHED,,
port857,Oranjestad,"Bonaire,  Saint Eustatius and Saba",BES,11390,Oranjestad,Caribbean Netherlands,LOC_WPI_11390,AUTO_MATCHED_COUNTRY_ALIAS,1.000000,AUTO_MATCHED,,Country labels were matched through an approved alias group.
port858,Ormoc,Philippines,PHL,58770,Ormoc,Philippines,LOC_WPI_58770,AUTO_MATCHED_EXACT,1.000000,AUTO_MATCHED,,
port859,Ormos Aliveriou,Greece,GRC,42340,Ormos Aliveriou,Greece,LOC_WPI_42340,AUTO_MATCHED_EXACT,1.000000,AUTO_MATCHED,,
port86,La Habana,Cuba,CUB,,,,,NO_SIMILAR_NAME,,UNMAPPED,859,"No unique, country-compatible WPI candidate was found."
port860,Oro Bay,Papua New Guinea,PNG,53206,Oro Bay,Papua New Guinea,LOC_WPI_53206,AUTO_MATCHED_EXACT,1.000000,AUTO_MATCHED,,
port861,Ortona,Italy,ITA,40620,Ortona,Italy,LOC_WPI_40620,AUTO_MATCHED_EXACT,1.000000,AUTO_MATCHED,,
port862,Osaka,Japan,JPN,61550,Osaka,Japan,LOC_WPI_61550,AUTO_MATCHED_EXACT,1.000000,AUTO_MATCHED,,
port863,Oskarshamn,Sweden,SWE,24690,Oskarshamn,Sweden,LOC_WPI_24690,AUTO_MATCHED_EXACT,1.000000,AUTO_MATCHED,,
port864,Oslo,Norway,NOR,23810,Oslo,Norway,LOC_WPI_23810,AUTO_MATCHED_EXACT,1.000000,AUTO_MATCHED,,
port866,Otaru,Japan,JPN,61230,Otaru Ko,Japan,LOC_WPI_61230,REVIEW_SIMILAR_NAME,0.769231,REVIEW_REQUIRED,860,Candidate is similar but below the automatic confidence threshold.
port867,Oulu,Finland,FIN,27520,Oulu,Finland,LOC_WPI_27520,AUTO_MATCHED_EXACT,1.000000,AUTO_MATCHED,,
port868,Oxelösund,Sweden,SWE,25280,Oxelosund,Sweden,LOC_WPI_25280,AUTO_MATCHED_EXACT,1.000000,AUTO_MATCHED,,
port869,PLTU Semen Tonasa,Indonesia,IDN,,,,,NO_SIMILAR_NAME,,UNMAPPED,861,"No unique, country-compatible WPI candidate was found."
port87,Bahia De Las Minas,Panama,PAN,9875,Bahia De Las Minas,Panama,LOC_WPI_9875,AUTO_MATCHED_EXACT,1.000000,AUTO_MATCHED,,
port870,Paagoumène,New Caledonia,NCL,,,,,NO_SIMILAR_NAME,,UNMAPPED,862,"No unique, country-compatible WPI candidate was found."
port871,Oranjestad-Barcadera,Aruba,ABW,,,,,NO_SIMILAR_NAME,,UNMAPPED,863,"No unique, country-compatible WPI candidate was found."
port872,Pago Pago Harbor,American Samoa,ASM,55680,Pago Pago Harbor,American Samoa,LOC_WPI_55680,AUTO_MATCHED_EXACT,1.000000,AUTO_MATCHED,,
port873,Paita,Peru,PER,15170,Paita,Peru,LOC_WPI_15170,AUTO_MATCHED_EXACT,1.000000,AUTO_MATCHED,,
port874,Paldiski,Estonia,EST,,,,,NO_SIMILAR_NAME,,UNMAPPED,864,"No unique, country-compatible WPI candidate was found."
port875,Palembang,Indonesia,IDN,50330,Palembang,Indonesia,LOC_WPI_50330,AUTO_MATCHED_EXACT,1.000000,AUTO_MATCHED,,
port876,Palm Beach,United States,USA,8610,Palm Beach,United States,LOC_WPI_8610,AUTO_MATCHED_EXACT,1.000000,AUTO_MATCHED,,
port877,Palmeira,Cabo Verde,CPV,,,,,NO_SIMILAR_NAME,,UNMAPPED,865,"No unique, country-compatible WPI candidate was found."
port878,Palua,Venezuela,VEN,12330,Palua,Venezuela,LOC_WPI_12330,AUTO_MATCHED_EXACT,1.000000,AUTO_MATCHED,,
port879,Panama City,United States,USA,8750,Panama City,United States,LOC_WPI_8750,AUTO_MATCHED_EXACT,1.000000,AUTO_MATCHED,,
port88,Matarani,Peru,PER,,,,,NO_SIMILAR_NAME,,UNMAPPED,866,"No unique, country-compatible WPI candidate was found."
port881,Panjang,Indonesia,IDN,50380,Panjang,Indonesia,LOC_WPI_50380,AUTO_MATCHED_EXACT,1.000000,AUTO_MATCHED,,
port882,Papeete,French Polynesia,PYF,55840,Papeete,French Polynesia,LOC_WPI_55840,AUTO_MATCHED_EXACT,1.000000,AUTO_MATCHED,,
port883,Paradip,India,IND,49535,Paradip,India,LOC_WPI_49535,AUTO_MATCHED_EXACT,1.000000,AUTO_MATCHED,,
port884,Paramaribo,Suriname,SUR,12410,Paramaribo,Suriname,LOC_WPI_12410,AUTO_MATCHED_EXACT,1.000000,AUTO_MATCHED,,
port885,Paranaguá,Brazil,BRA,12980,Paranagua,Brazil,LOC_WPI_12980,AUTO_MATCHED_EXACT,1.000000,AUTO_MATCHED,,
port886,Parepare,Indonesia,IDN,52297,Parepare,Indonesia,LOC_WPI_52297,AUTO_MATCHED_EXACT,1.000000,AUTO_MATCHED,,
port887,Pärnu,Estonia,EST,28550,Parnu,Estonia,LOC_WPI_28550,AUTO_MATCHED_EXACT,1.000000,AUTO_MATCHED,,
port888,Pascagoula,United States,USA,8780,Pascagoula,United States,LOC_WPI_8780,AUTO_MATCHED_EXACT,1.000000,AUTO_MATCHED,,
port889,Patras,Greece,GRC,,,,,NO_MEANINGFUL_NAME_TOKEN,,UNMAPPED,867,"No unique, country-compatible WPI candidate was found."
port89,Bahia De Valparaiso,Chile,CHL,14500,Bahia De Valparaiso,Chile,LOC_WPI_14500,AUTO_MATCHED_EXACT,1.000000,AUTO_MATCHED,,
port890,Payra,Bangladesh,BGD,,,,,NO_SIMILAR_NAME,,UNMAPPED,868,"No unique, country-compatible WPI candidate was found."
port891,Sandakan,Malaysia,MYS,,,,,NO_SIMILAR_NAME,,UNMAPPED,869,"No unique, country-compatible WPI candidate was found."
port892,Pelabuhan Sungai Udang,Malaysia,MYS,49962,Pelabuhan Sungai Udang,Malaysia,LOC_WPI_49962,AUTO_MATCHED_EXACT,1.000000,AUTO_MATCHED,,
port893,Pelabuhan Tanjung Wangi,Indonesia,IDN,,,,,NO_SIMILAR_NAME,,UNMAPPED,870,"No unique, country-compatible WPI candidate was found."
port894,PelabuhanRatuCoalPowerPlant,Indonesia,IDN,,,,,NO_SIMILAR_NAME,,UNMAPPED,871,"No unique, country-compatible WPI candidate was found."
port896,Pemba,Mozambique,MOZ,46940,Pemba,Mozambique,LOC_WPI_46940,AUTO_MATCHED_EXACT,1.000000,AUTO_MATCHED,,
port897,Penglai,China,CHN,60165,Penglai,China,LOC_WPI_60165,AUTO_MATCHED_EXACT,1.000000,AUTO_MATCHED,,
port898,Pepillo Salcedo (Manzanillo),Dominican Republic,DOM,10960,Pepillo Salcedo,Dominican Republic,LOC_WPI_10960,REVIEW_SIMILAR_NAME,0.731707,REVIEW_REQUIRED,872,Candidate is similar but below the automatic confidence threshold.
port899,Peterhead,United Kingdom,GBR,32230,Peterhead,United Kingdom,LOC_WPI_32230,AUTO_MATCHED_EXACT,1.000000,AUTO_MATCHED,,
port9,Aden,Yemen,YEM,48190,Aden,Yemen,LOC_WPI_48190,AUTO_MATCHED_EXACT,1.000000,AUTO_MATCHED,,
port90,Bahia Quintero (Ventanas),Chile,CHL,14510,Bahia Quintero (Ventanas),Chile,LOC_WPI_14510,AUTO_MATCHED_EXACT,1.000000,AUTO_MATCHED,,
port901,Philadelphia,United States,USA,8110,Philadelphia,United States,LOC_WPI_8110,AUTO_MATCHED_EXACT,1.000000,AUTO_MATCHED,,
port902,Philipsburg,Sint Maarten,SXM,11370,Philipsburg,Sint Maarten,LOC_WPI_11370,AUTO_MATCHED_EXACT,1.000000,AUTO_MATCHED,,
port903,Cai Mep,Vietnam,VNM,,,,,NO_SIMILAR_NAME,,UNMAPPED,873,"No unique, country-compatible WPI candidate was found."
port904,Phuket,Thailand,THA,49770,Phuket,Thailand,LOC_WPI_49770,AUTO_MATCHED_EXACT,1.000000,AUTO_MATCHED,,
port905,Pichilingue,Mexico,MEX,15917,Pichilingue,Mexico,LOC_WPI_15917,AUTO_MATCHED_EXACT,1.000000,AUTO_MATCHED,,
port906,Picton,New Zealand,NZL,55300,Picton,New Zealand,LOC_WPI_55300,AUTO_MATCHED_EXACT,1.000000,AUTO_MATCHED,,
port907,Pipavav Port,India,IND,,,,,NO_SIMILAR_NAME,,UNMAPPED,874,"No unique, country-compatible WPI candidate was found."
port908,Piraeus,Greece,GRC,,,,,NO_MEANINGFUL_NAME_TOKEN,,UNMAPPED,875,"No unique, country-compatible WPI candidate was found."
port909,Piteå,Sweden,SWE,27190,Pitea,Sweden,LOC_WPI_27190,AUTO_MATCHED_EXACT,1.000000,AUTO_MATCHED,,
port91,San Nicolas,Peru,PER,13650,San Nicolas,Argentina,LOC_WPI_13650,REVIEW_NAME_COUNTRY_ALIAS,,REVIEW_REQUIRED,876,"Port name matches, but country labels are not in the approved alias groups."
port910,Guayanilla,Puerto Rico,PRI,,,,,NO_MEANINGFUL_NAME_TOKEN,,UNMAPPED,877,"No unique, country-compatible WPI candidate was found."
port912,Ploce,Croatia,HRV,41410,Ploce,Croatia,LOC_WPI_41410,AUTO_MATCHED_EXACT,1.000000,AUTO_MATCHED,,
port913,Plymouth,Montserrat,MSR,,,,,AMBIGUOUS_NAME_COUNTRY,,REVIEW_REQUIRED,878,Port name matches multiple WPI records with different countries.
port914,Plymouth,United Kingdom,GBR,35370,Plymouth,United Kingdom,LOC_WPI_35370,AUTO_MATCHED_EXACT,1.000000,AUTO_MATCHED,,
port915,Pohang,Korea,KOR,60410,Pohang,South Korea,LOC_WPI_60410,AUTO_MATCHED_COUNTRY_ALIAS,1.000000,AUTO_MATCHED,,Country labels were matched through an approved alias group.
port916,Point Fortin,Trinidad and Tobago,TTO,11770,Point Fortin,Trinidad and Tobago,LOC_WPI_11770,AUTO_MATCHED_EXACT,1.000000,AUTO_MATCHED,,
port917,Point Lisas,Trinidad and Tobago,TTO,11725,Point Lisas Port,Trinidad and Tobago,LOC_WPI_11725,REVIEW_SIMILAR_NAME,0.814815,REVIEW_REQUIRED,879,Candidate is similar but below the automatic confidence threshold.
port918,Point Murat,Australia,AUS,54575,Point Murat,Australia,LOC_WPI_54575,AUTO_MATCHED_EXACT,1.000000,AUTO_MATCHED,,
port919,Point Noire,Republic of Congo,COG,,,,,NO_SIMILAR_NAME,,UNMAPPED,880,"No unique, country-compatible WPI candidate was found."
port92,San Vicente,Chile,CHL,14415,Bahia San Vicente,Chile,LOC_WPI_14415,REVIEW_SIMILAR_NAME,0.785714,REVIEW_REQUIRED,881,Candidate is similar but below the automatic confidence threshold.
port920,"Richmond, CA",United States,USA,8320,Richmond,United States,LOC_WPI_8320,REVIEW_SIMILAR_NAME,0.842105,REVIEW_REQUIRED,882,Candidate is similar but below the automatic confidence threshold.
port921,Pointe A Pierre,Trinidad and Tobago,TTO,11730,Pointe A Pierre,Trinidad and Tobago,LOC_WPI_11730,AUTO_MATCHED_EXACT,1.000000,AUTO_MATCHED,,
port922,Pointe A Pitre,Guadeloupe,GLP,11450,Pointe A Pitre,Guadeloupe,LOC_WPI_11450,AUTO_MATCHED_EXACT,1.000000,AUTO_MATCHED,,
port923,Pomalaa,Indonesia,IDN,52295,Pomalaa,Indonesia,LOC_WPI_52295,AUTO_MATCHED_EXACT,1.000000,AUTO_MATCHED,,
port924,Ponta Delgada,Portugal,PRT,38100,Ponta Delgada,Portugal,LOC_WPI_38100,AUTO_MATCHED_EXACT,1.000000,AUTO_MATCHED,,
port925,Pontianak,Indonesia,IDN,51941,Pontianak,Indonesia,LOC_WPI_51941,AUTO_MATCHED_EXACT,1.000000,AUTO_MATCHED,,
port926,Poole,United Kingdom,GBR,,,,,NO_MEANINGFUL_NAME_TOKEN,,UNMAPPED,883,"No unique, country-compatible WPI candidate was found."
port927,Pohnpei,Micronesia,FSM,,,,,NO_SIMILAR_NAME,,UNMAPPED,884,"No unique, country-compatible WPI candidate was found."
port928,Porsgrunn,Norway,NOR,23670,Porsgrunn,Norway,LOC_WPI_23670,AUTO_MATCHED_EXACT,1.000000,AUTO_MATCHED,,
port929,Port Adelaide,Australia,AUS,54220,Port Adelaide,Australia,LOC_WPI_54220,AUTO_MATCHED_EXACT,1.000000,AUTO_MATCHED,,
port93,Baie Comeau,Canada,CAN,2015,Baie Comeau,Canada,LOC_WPI_2015,AUTO_MATCHED_EXACT,1.000000,AUTO_MATCHED,,
port930,Port Alma,Australia,AUS,53440,Port Alma,Australia,LOC_WPI_53440,AUTO_MATCHED_EXACT,1.000000,AUTO_MATCHED,,
port931,Port Angeles,Canada,CAN,17120,Port Angeles,United States,LOC_WPI_17120,REVIEW_NAME_COUNTRY_ALIAS,,REVIEW_REQUIRED,885,"Port name matches, but country labels are not in the approved alias groups."
port932,Port Aransas,United States,USA,9310,Port Aransas,United States,LOC_WPI_9310,AUTO_MATCHED_EXACT,1.000000,AUTO_MATCHED,,
port933,Port Arthur,United States,USA,9080,Port Arthur,United States,LOC_WPI_9080,AUTO_MATCHED_EXACT,1.000000,AUTO_MATCHED,,
port934,Port Au Prince,Haiti,HTI,10880,Port Au Prince,Haiti,LOC_WPI_10880,AUTO_MATCHED_EXACT,1.000000,AUTO_MATCHED,,
port935,Channel-Port aux Basques,Canada,CAN,1795,Port Aux Basques,Canada,LOC_WPI_1795,REVIEW_SIMILAR_NAME,0.800000,REVIEW_REQUIRED,886,Candidate is similar but below the automatic confidence threshold.
port936,Bayside Charlotte,Canada,CAN,,,,,NO_SIMILAR_NAME,,UNMAPPED,887,"No unique, country-compatible WPI candidate was found."
port937,Port Bonython,Australia,AUS,54325,Port Bonython,Australia,LOC_WPI_54325,AUTO_MATCHED_EXACT,1.000000,AUTO_MATCHED,,
port938,Port Cartier,Canada,CAN,1958,Port Cartier,Canada,LOC_WPI_1958,AUTO_MATCHED_EXACT,1.000000,AUTO_MATCHED,,
port939,Ajaccio,France,FRA,,,,,NO_SIMILAR_NAME,,UNMAPPED,888,"No unique, country-compatible WPI candidate was found."
port94,Baie De Kouaoua,New Caledonia,NCL,57275,Baie De Kouaoua,New Caledonia,LOC_WPI_57275,AUTO_MATCHED_EXACT,1.000000,AUTO_MATCHED,,
port940,Bell Bay,Australia,AUS,,,,,NO_SIMILAR_NAME,,UNMAPPED,889,"No unique, country-compatible WPI candidate was found."
port941,Port De Aracaju,Brazil,BRA,12760,Port De Aracaju,Brazil,LOC_WPI_12760,AUTO_MATCHED_EXACT,1.000000,AUTO_MATCHED,,
port942,Caen,France,FRA,,,,,NO_SIMILAR_NAME,,UNMAPPED,890,"No unique, country-compatible WPI candidate was found."
port943,Port De Kribi,Cameroon,CMR,,,,,NO_SIMILAR_NAME,,UNMAPPED,891,"No unique, country-compatible WPI candidate was found."
port944,Port De Salvador,Brazil,BRA,12770,Port De Salvador,Brazil,LOC_WPI_12770,AUTO_MATCHED_EXACT,1.000000,AUTO_MATCHED,,
port945,Port Dickson,Malaysia,MYS,49960,Port Dickson,Malaysia,LOC_WPI_49960,AUTO_MATCHED_EXACT,1.000000,AUTO_MATCHED,,
port946,Port Dover,Canada,CAN,3270,Port Dover,Canada,LOC_WPI_3270,AUTO_MATCHED_EXACT,1.000000,AUTO_MATCHED,,
port948,Port Elizabeth,South Africa,ZAF,46820,Port Elizabeth,South Africa,LOC_WPI_46820,AUTO_MATCHED_EXACT,1.000000,AUTO_MATCHED,,
port949,Port Esquivel,Jamaica,JAM,10772,Port Esquivel,Jamaica,LOC_WPI_10772,AUTO_MATCHED_EXACT,1.000000,AUTO_MATCHED,,
port95,Marigot,Saint Martin,MAF,,,,,NO_SIMILAR_NAME,,UNMAPPED,892,"No unique, country-compatible WPI candidate was found."
port950,Port Est,Réunion,REU,47690,Port Est,Reunion,LOC_WPI_47690,AUTO_MATCHED_EXACT,1.000000,AUTO_MATCHED,,
port951,Port Everglades,United States,USA,8630,Port Everglades,United States,LOC_WPI_8630,AUTO_MATCHED_EXACT,1.000000,AUTO_MATCHED,,
port952,Port Gentil,Gabon,GAB,46440,Port Gentil,Gabon,LOC_WPI_46440,AUTO_MATCHED_EXACT,1.000000,AUTO_MATCHED,,
port953,Port Giles,Australia,AUS,54255,Port Giles,Australia,LOC_WPI_54255,AUTO_MATCHED_EXACT,1.000000,AUTO_MATCHED,,
port954,Port Harcourt,Nigeria,NGA,46210,Port Harcourt,Nigeria,LOC_WPI_46210,AUTO_MATCHED_EXACT,1.000000,AUTO_MATCHED,,
port955,Port Hedland,Australia,AUS,54620,Port Hedland,Australia,LOC_WPI_54620,AUTO_MATCHED_EXACT,1.000000,AUTO_MATCHED,,
port956,Port Hueneme,United States,USA,16120,Port Hueneme,United States,LOC_WPI_16120,AUTO_MATCHED_EXACT,1.000000,AUTO_MATCHED,,
port958,Port Jerome,France,FRA,,,,,NO_SIMILAR_NAME,,UNMAPPED,893,"No unique, country-compatible WPI candidate was found."
port959,Port Kembla,Australia,AUS,53690,Port Kembla,Australia,LOC_WPI_53690,AUTO_MATCHED_EXACT,1.000000,AUTO_MATCHED,,
port960,Port Klang,Malaysia,MYS,49930,Port Klang,Malaysia,LOC_WPI_49930,AUTO_MATCHED_EXACT,1.000000,AUTO_MATCHED,,
port961,Kyaukpyu,Myanmar,MMR,,,,,NO_SIMILAR_NAME,,UNMAPPED,894,"No unique, country-compatible WPI candidate was found."
port962,Port Latta,Australia,AUS,54875,Port Latta,Australia,LOC_WPI_54875,AUTO_MATCHED_EXACT,1.000000,AUTO_MATCHED,,
port963,Port Lavaca,United States,USA,9270,Port Lavaca,United States,LOC_WPI_9270,AUTO_MATCHED_EXACT,1.000000,AUTO_MATCHED,,
port964,Port Lincoln,Australia,AUS,54350,Port Lincoln,Australia,LOC_WPI_54350,AUTO_MATCHED_EXACT,1.000000,AUTO_MATCHED,,
port965,Port Louis,Mauritius,MUS,47720,Port Louis,Mauritius,LOC_WPI_47720,AUTO_MATCHED_EXACT,1.000000,AUTO_MATCHED,,
port966,Lyttelton,New Zealand,NZL,55320,Port Lyttelton,New Zealand,LOC_WPI_55320,REVIEW_SIMILAR_NAME,0.782609,REVIEW_REQUIRED,895,Candidate is similar but below the automatic confidence threshold.
port967,Port Manatee,United States,USA,8667,Port Manatee,United States,LOC_WPI_8667,AUTO_MATCHED_EXACT,1.000000,AUTO_MATCHED,,
port969,Skikda (Port Methanier),Algeria,DZA,45515,Port Methanier,Algeria,LOC_WPI_45515,REVIEW_SIMILAR_NAME,0.800000,REVIEW_REQUIRED,896,Candidate is similar but below the automatic confidence threshold.
port97,Baie Ugué,New Caledonia,NCL,57325,Baie Ugue,New Caledonia,LOC_WPI_57325,AUTO_MATCHED_EXACT,1.000000,AUTO_MATCHED,,
port970,Port Moresby,Papua New Guinea,PNG,53160,Port Moresby,Papua New Guinea,LOC_WPI_53160,AUTO_MATCHED_EXACT,1.000000,AUTO_MATCHED,,
port971,Port Nador,Morocco,MAR,45762,Port Nador,Morocco,LOC_WPI_45762,AUTO_MATCHED_EXACT,1.000000,AUTO_MATCHED,,
port972,Noro,Solomon Islands,SLB,,,,,NO_SIMILAR_NAME,,UNMAPPED,897,"No unique, country-compatible WPI candidate was found."
port973,Port Owendo,Gabon,GAB,46435,Port Owendo,Gabon,LOC_WPI_46435,AUTO_MATCHED_EXACT,1.000000,AUTO_MATCHED,,
port974,Port Pirie,Australia,AUS,54290,Port Pirie,Australia,LOC_WPI_54290,AUTO_MATCHED_EXACT,1.000000,AUTO_MATCHED,,
port976,Port Saint Louis Du Rhone,France,FRA,38770,Port Saint Louis Du Rhone,France,LOC_WPI_38770,AUTO_MATCHED_EXACT,1.000000,AUTO_MATCHED,,
port977,Port Sudan,Sudan,SDN,47940,Port Sudan,Sudan,LOC_WPI_47940,AUTO_MATCHED_EXACT,1.000000,AUTO_MATCHED,,
port978,Taman,Russian Federation,RUS,,,,,NO_SIMILAR_NAME,,UNMAPPED,898,"No unique, country-compatible WPI candidate was found."
port979,Port Vale Knights,Cabo Verde,CPV,,,,,NO_SIMILAR_NAME,,UNMAPPED,899,"No unique, country-compatible WPI candidate was found."
port98,Bajo Grande,Venezuela,VEN,12034,Bajo Grande,Venezuela,LOC_WPI_12034,AUTO_MATCHED_EXACT,1.000000,AUTO_MATCHED,,
port980,Port Vila,Vanuatu,VUT,57230,Port Vila,Vanuatu,LOC_WPI_57230,AUTO_MATCHED_EXACT,1.000000,AUTO_MATCHED,,
port981,Port Walcott,Australia,AUS,54600,Port Walcott,Australia,LOC_WPI_54600,AUTO_MATCHED_EXACT,1.000000,AUTO_MATCHED,,
port982,Port de Longoni,Mayotte,MYT,,,,,NO_SIMILAR_NAME,,UNMAPPED,900,"No unique, country-compatible WPI candidate was found."
port983,Can Tho,Vietnam,VNM,,,,,NO_SIMILAR_NAME,,UNMAPPED,901,"No unique, country-compatible WPI candidate was found."
port984,Duqm,Oman,OMN,48235,Duqm,Oman,LOC_WPI_48235,AUTO_MATCHED_EXACT,1.000000,AUTO_MATCHED,,
port985,Le Havre,France,FRA,,,,,NO_SIMILAR_NAME,,UNMAPPED,902,"No unique, country-compatible WPI candidate was found."
port986,Rouen,France,FRA,,,,,NO_SIMILAR_NAME,,UNMAPPED,903,"No unique, country-compatible WPI candidate was found."
port988,Port of Sohar,Oman,OMN,48257,Port Of Sohar,Oman,LOC_WPI_48257,AUTO_MATCHED_EXACT,1.000000,AUTO_MATCHED,,
port989,Port of Spain,Trinidad and Tobago,TTO,11720,Port Of Spain,Trinidad and Tobago,LOC_WPI_11720,AUTO_MATCHED_EXACT,1.000000,AUTO_MATCHED,,
port99,Bakar,Croatia,HRV,41030,Bakar,Croatia,LOC_WPI_41030,AUTO_MATCHED_EXACT,1.000000,AUTO_MATCHED,,
port990,Port-De-Bouc,France,FRA,38780,Port-de-Bouc,France,LOC_WPI_38780,AUTO_MATCHED_EXACT,1.000000,AUTO_MATCHED,,
port991,Port-La-Nouvelle,France,FRA,38730,Port-La-Nouvelle,France,LOC_WPI_38730,AUTO_MATCHED_EXACT,1.000000,AUTO_MATCHED,,
port992,Portland,Australia,AUS,54140,Portland,Australia,LOC_WPI_54140,AUTO_MATCHED_EXACT,1.000000,AUTO_MATCHED,,
port993,"Portland, OR",United States,USA,,,,,AMBIGUOUS_SIMILAR_NAME,,UNMAPPED,904,"No unique, country-compatible WPI candidate was found."
port994,Portland Harbour,United Kingdom,GBR,35450,Portland Harbour,United Kingdom,LOC_WPI_35450,AUTO_MATCHED_EXACT,1.000000,AUTO_MATCHED,,
port995,"Portland, ME",United States,USA,,,,,AMBIGUOUS_SIMILAR_NAME,,UNMAPPED,905,"No unique, country-compatible WPI candidate was found."
port996,Portmouth,United States,USA,,,,,NO_MEANINGFUL_NAME_TOKEN,,UNMAPPED,906,"No unique, country-compatible WPI candidate was found."
port997,Porto Alegre,Brazil,BRA,13080,Porto Alegre,Brazil,LOC_WPI_13080,AUTO_MATCHED_EXACT,1.000000,AUTO_MATCHED,,
port998,Porto Da Praia,Cabo Verde,CPV,45910,Porto Da Praia,Cabo Verde,LOC_WPI_45910,AUTO_MATCHED_EXACT,1.000000,AUTO_MATCHED,,
port999,Leixoes,Portugal,PRT,,,,,NO_SIMILAR_NAME,,UNMAPPED,907,"No unique, country-compatible WPI candidate was found."
